Security Code,Security Id,Security Name,Status,Group,Face Value,ISIN No,Industry,Instrument
100002,ABB#,ABB Ltd.,Active,A,0.02,INE117A01022,Heavy Electrical Equipment,Equity
100003,AEGISLOG#,Aegis Logistics Ltd.,Active,A,0.01,INE208C01025,Oil Marketing & Distribution,Equity
100008,ARE&M#,Amara Raja Energy & Mobility L,Active,A,1.0,INE885A01032,Auto Parts & Equipment,Equity
100027,ATUL#,Atul Limited,Active,A,10.0,INE100A01010,Agrochemicals,Equity
100034,BAJFINANCE#,BAJAJ AUTO F,Active,A,1.0,INE296A01032,,Equity
100038,BALRAMCHIN#,Balrampur Chini Mills Ltd.,Active,A,1.0,INE119A01028,Sugar,Equity
100040,ABREL#,ADITYA BIRLA REAL ESTATE LIMIT,Active,A,0.1,INE055A01016,Cement & Cement Products,Equity
100042,BASF#,BASF INDIA,Active,A,0.1,INE373A01013,Specialty Chemicals,Equity
100043,BATAINDIA#,Bata India Limited,Active,A,5.0,INE176A01028,Footwear,Equity
100048,BEML#,BEML Limited,Active,A,5.0,INE258A01024,,Equity
100049,BEL#,BHARAT ELECT,Active,A,0.01,INE263A01024,,Equity
100067,BLUESTARCO#,Blue Star Ltd,Active,A,0.02,INE472A01039,Consumer Electronics,Equity
100084,CESC#,CESC LTD,Active,A,0.01,INE486A01021,,Equity
100085,CHAMBLFERT#,Chambal Fertilizers & Chemical,Active,A,10.0,INE085A01013,Fertilizers,Equity
100086,EXIDEIND#,Exide Industries Ltd.,Active,A,0.01,INE302A01020,Auto Parts & Equipment,Equity
100087,CIPLA#,CIPLA LTD.,Active,A,2.0,INE059A01026,Pharmaceuticals,Equity
100092,CRISIL#,CRISIL Ltd.,Active,A,0.01,INE007A01025,Other Financial Services,Equity
100093,CGPOWER#,CG Power and Industrial Soluti,Active,A,0.02,INE067A01029,Heavy Electrical Equipment,Equity
100096,DABUR#,DABUR INDIA,Active,A,0.01,INE016A01026,Personal Products,Equity
100101,ARVIND#,Arvind Ltd.,Active,A,10.0,INE034A01011,Textiles,Equity
100103,BHEL#,Bharat Heavy Electricals Ltd.,Active,A,0.02,INE257A01026,Heavy Electrical Equipment,Equity
100104,HINDPETRO#,HINDUSTAN PE,Active,A,0.1,INE094A01015,Refineries/ Petro-Products,Equity
100106,IFCI#,IFCI Limited,Active,A,10.0,INE039A01010,Financial Institutions,Equity
100109,MRPL#,MANGALORE RE,Active,A,0.1,INE103A01014,Refineries/ Petro-Products,Equity
100112,SBIN#,STATE BANK OF INDIA,Active,A,1.0,INE062A01020,Banks,Equity
100113,SAIL#,STEEL AUTHOR,Active,A,0.1,INE114A01011,Iron & Steel/Interm.Products,Equity
100114,TITAN#,Titan Company Limited,Active,A,0.01,INE280A01028,Other Apparels & Accessories,Equity
100116,IDBI#,IDBI LTD,Active,A,0.1,INE008A01015,Banks,Equity
100124,DRREDDY#,DR.REDDY'S L,Active,A,0.01,INE089A01031,,Equity
100125,EIDPARRY#,EID Parry India Limited,Active,A,1.0,INE126A01031,Sugar,Equity
100144,FINCABLES#,Finolex Cables Limited,Active,A,2.0,INE235A01022,Other Elect.Equip./ Prod.,Equity
100163,GODFRYPHLP#,Godfrey Phillips India Ltd.,Active,A,0.02,INE260B01028,Cigarettes-Tobacco Products,Equity
100164,GODREJIND#,Godrej Industries Ltd.,Active,A,0.01,INE233A01035,Commodity Chemicals,Equity
100165,KANSAINER#,Kansai Nerolac Paints Limited,Active,A,1.0,INE531A01024,Furniture-Furnishing-Paints,Equity
100180,HDFCBANK#,HDFC Bank Ltd.,Active,A,0.01,INE040A01034,,Equity
100182,HEROMOTOCO#,Hero Motocorp Limited,Active,A,0.02,INE158A01026,2/3 Wheelers,Equity
100183,HFCL#,HFCL Limited,Active,A,1.0,INE548A01028,Telecom Cables,Equity
100184,HSCL#,Himadri Speciality Chemical Lt,Active,A,0.01,INE019C01026,Commodity Chemicals,Equity
100188,HINDZINC#,Hindustan Zinc Ltd.,Active,A,0.02,INE267A01025,Zinc,Equity
100209,INFY#,Infosys Ltd,Active,A,0.05,INE009A01021,IT Consulting & Software,Equity
100210,INGERRAND#,Ingersoll-Rand (India) Ltd.,Active,B,10.0,INE177A01018,Industrial Machinery,Equity
100228,JSWSTEEL#,JSW STEEL LTD.,Active,A,1.0,INE019A01038,,Equity
100233,KAJARIACER#,Kajaria Ceramics Limited,Active,A,1.0,INE217B01036,,Equity
100238,WHIRLPOOL#,Whirlpool of India Ltd,Active,A,0.1,INE716A01013,Consumer Electronics,Equity
100241,KIRLOSBROS#,Kirloskar Brothers Limited,Active,A,2.0,INE732A01036,Industrial Machinery,Equity
100247,KOTAKBANK#,Kotak Mahindra Bank Ltd.,Active,A,1.0,INE237A01036,,Equity
100249,KSB#,KSB LIMITED,Active,A,2.0,INE999A01023,,Equity
100251,TRENT#,TRENT LTD.,Active,A,1.0,INE849A01020,,Equity
100252,LMW#,LMW Limited,Active,A,10.0,INE269B01029,Industrial Machinery,Equity
100253,LICHSGFIN#,LIC HOUSING FINANCE LTD.,Active,A,2.0,INE115A01026,Housing Finance,Equity
100257,LUPIN#,Lupin Ltd,Active,A,0.02,INE326A01037,Pharmaceuticals,Equity
100260,RAMCOCEM#,The Ramco Cements Limited,Active,A,0.01,INE331A01037,Cement & Cement Products,Equity
100266,MAHSCOOTER#,Maharashtra Scooters Ltd.,Active,A,10.0,INE288A01013,2/3 Wheelers,Equity
100271,MFSL#,Max Financial Services Limited,Active,A,0.02,INE180A01020,Plastic Products,Equity
100290,MRF#,MRF LTD.,Active,A,10.0,INE883A01011,Auto Tyres & Rubber Products,Equity
100294,NCC#,NCC Limited,Active,A,2.0,INE868B01028,Construction & Engineering,Equity
100295,VEDL#,VEDANTA LIMITED,Active,A,1.0,INE205A01025,Iron & Steel/Interm.Products,Equity
100300,GRASIM#,GRASIM INDUS,Active,A,0.02,INE047A01021,,Equity
100312,ONGC#,OIL AND NATURAL GAS CORPORATIO,Active,A,5.0,INE213A01029,Exploration & Production,Equity
100325,RELIANCE#,Reliance Industries Ltd,Active,A,0.1,INE002A01018,Integrated Oil & Gas,Equity
100330,RAYMOND#,Raymond Limited,Active,A,10.0,INE301A01014,Textiles,Equity
100331,PIDILITIND#,Pidilite Industries Ltd.,Active,A,0.01,INE318A01026,Specialty Chemicals,Equity
100368,PATANJALI#,Patanjali Foods Limited,Active,A,0.02,INE619A01035,,Equity
100378,JINDALSAW#,Jindal Saw Limited,Active,A,1.0,INE324A01032,,Equity
100387,SHREECEM#,SHREE CEMENT,Active,A,0.1,INE070A01015,Cement & Cement Products,Equity
100400,TATAPOWER#,Tata Power Co. Ltd,Active,A,0.01,INE245A01021,Electric Utilities,Equity
100403,SUNDRMFAST#,Sundram Fasteners Ltd.,Active,A,0.01,INE387A01021,Auto Parts & Equipment,Equity
100405,SPLPETRO#,Supreme Petrochem Ltd.,Active,A,2.0,INE663A01033,,Equity
100408,TATAELXSI#,TATA ELXSI,Active,A,0.1,INE670A01012,IT Software Products,Equity
100410,ACC#,ACC,Active,A,0.1,INE012A01025,Cement & Cement Products,Equity
100411,THERMAX#,Thermax Ltd.,Active,A,0.02,INE152A01029,Heavy Electrical Equipment,Equity
100420,TORNTPHARM#,Torrent Pharmaceuticals Ltd.,Active,A,0.05,INE685A01028,Pharmaceuticals,Equity
100425,AMBUJACEM#,AMBUJA CEMENTS LTD.,Active,A,2.0,INE079A01024,Cement & Cement Products,Equity
100440,HINDALCO#,HINDALCO INDUSTRIES LTD.,Active,A,1.0,INE038A01020,Aluminium,Equity
100459,PGHH#,Procter & Gamble Hygiene & Hea,Active,A,0.1,INE179A01014,Personal Products,Equity
100463,BBOX#,BLACK BOX LIMITED,Active,A,2.0,INE676A01027,,Equity
100469,FEDERALBNK#,Federal Bank Ltd.,Active,A,0.02,INE171A01029,Banks,Equity
100470,TATASTEEL#,TATA IORN AN,Active,A,0.01,INE081A01020,,Equity
100472,SKFINDIA#,SKF India Limited,Active,A,10.0,INE640A01023,Other Industrial Goods,Equity
100477,ASHOKLEY#,ASHOK LEYLAND LTD.,Active,A,1.0,INE208A01029,Commercial Vehicles,Equity
100480,CUMMINSIND#,CUMMINS INDI,Active,A,0.02,INE298A01020,Industrial Machinery,Equity
100483,TATACOMM#,TATA COMMUNICATIONS LTD.,Active,A,10.0,INE151A01013,Telecom - Alternate Carriers,Equity
100490,BAJAJHLDNG#,BAJ HOLD INV,Active,A,0.1,INE118A01012,Finance (including NBFCs),Equity
100493,BHARATFORG#,Bharat Forge Ltd,Active,A,0.02,INE465A01025,Other Industrial Products,Equity
100495,ESCORTS#,Escorts Kubota Limited,Active,A,0.1,INE042A01014,Commercial Vehicles,Equity
100510,LT#,LARSEN & TOU,Active,A,0.02,INE018A01030,Construction & Engineering,Equity
100520,M&M#,Mahindra & Mahindra Ltd.,Active,A,0.05,INE101A01026,Cars & Utility Vehicles,Equity
100530,BOSCHLTD#,BOSCH LTD,Active,A,0.1,INE323A01026,Auto Parts & Equipment,Equity
100547,BPCL#,BHARAT PETROLEUM CORPORATION L,Active,A,10.0,INE029A01011,Refineries/ Petro-Products,Equity
100550,SIEMENS#,Siemens Ltd.,Active,A,0.02,INE003A01024,Heavy Electrical Equipment,Equity
100570,TMPV#,TATA MOTORS PASSENGER VEHICLES,Active,A,0.02,INE155A01022,Commercial Vehicles,Equity
100575,VOLTAS#,Voltas Ltd.,Active,A,0.01,INE226A01021,Construction & Engineering,Equity
100620,GESHIP#,Great Eastern Shipping Co. Ltd,Active,A,10.0,INE017A01032,Shipping,Equity
100645,DEEPAKFERT#,Deepak Fertilizers and Petroch,Active,A,10.0,INE501A01019,Commodity Chemicals,Equity
100655,GRWRHITECH#,GARWARE HI-TECH FILMS LIMITED,Active,A,10.0,INE291A01017,Commodity Chemicals,Equity
100660,GLAXO#,GlaxoSmithkline Pharmaceutical,Active,A,0.1,INE159A01016,Pharmaceuticals,Equity
100674,SANOFI#,Sanofi India Ltd,Active,A,10.0,INE058A01010,Pharmaceuticals,Equity
100680,PFIZER#,PFIZER LTD.,Active,A,0.1,INE182A01018,Pharmaceuticals,Equity
100696,HINDUNILVR#,Hindustan Unilever Ltd.,Active,A,0.01,INE030A01027,Personal Products,Equity
100710,JSWDULUX#,JSW Dulux Limited,Active,A,10.0,INE133A01011,Furniture-Furnishing-Paints,Equity
100770,TATACHEM#,TATA CHEMICA,Active,A,0.1,INE092A01019,Commodity Chemicals,Equity
100790,NESTLEIND#,NESTLE INDIA LTD.,Active,A,1.0,INE239A01024,,Equity
100800,TATACONSUM#,TATA CONSUMER PRODUCTS LIMITED,Active,A,0.01,INE192A01025,Tea & Coffee,Equity
100820,ASIANPAINT#,Asian Paints Ltd.,Active,A,0.01,INE021A01026,Furniture-Furnishing-Paints,Equity
100825,BRITANNIA#,Britannia Industries Ltd.,Active,A,0.01,INE216A01030,,Equity
100830,COLPAL#,Colgate-Palmolive (India) Ltd.,Active,A,0.01,INE259A01022,Personal Products,Equity
100840,EIHOTEL#,EIH Ltd,Active,A,0.02,INE230A01023,Hotels,Equity
100850,INDHOTEL#,INDIAN HOTELS CO.LTD.,Active,A,1.0,INE053A01029,Hotels,Equity
100870,CASTROLIND#,Castrol India Limited,Active,A,5.0,INE172A01027,Oil Marketing & Distribution,Equity
100875,ITC#,ITC Ltd,Active,A,0.01,INE154A01025,Cigarettes-Tobacco Products,Equity
100877,APOLLOTYRE#,Apollo Tyres Ltd,Active,A,0.01,INE438A01022,Auto Tyres & Rubber Products,Equity
100878,CEATLTD#,Ceat Ltd.,Active,A,10.0,INE482A01020,Auto Tyres & Rubber Products,Equity
100940,FINPIPE#,Finolex Industries Limited,Active,A,2.0,INE183A01024,,Equity
101301,TATAINVEST#,TATA INV COR,Active,A,1.0,INE672A01026,,Equity
101425,BBTC#,Bombay Burmah Trading Corporat,Active,A,2.0,INE050A01025,Tea & Coffee,Equity
102355,BALKRISIND#,Balkrishna Industries Ltd.,Active,A,0.02,INE787D01026,Auto Tyres & Rubber Products,Equity
102986,VTL#,Vardhman Textiles Limited,Active,A,2.0,INE825A01020,,Equity
103100,PHOENIXLTD#,Phoenix Mills Ltd.,Active,A,0.02,INE211B01039,Realty,Equity
103310,SWANCORP#,Swan Corp Limited,Active,A,0.01,INE665A01038,Realty,Equity
103806,SRF#,SRF Ltd.,Active,A,0.1,INE647A01010,Textiles,Equity
104067,ZENSARTECH#,Zensar Technologies Limited,Active,A,2.0,INE520A01027,,Equity
104614,SARDAEN#,Sarda Energy & Minerals Limite,Active,A,1.0,INE385C01021,,Equity
104973,CHOLAHLDNG#,CHOLAMANDALAM FINANCIAL HOLDIN,Active,A,0.01,INE149A01033,,Equity
105200,EICHERMOT#,Eicher Motors Ltd.,Active,A,0.01,INE066A01021,,Equity
105283,KIRLPNU#,Kirloskar Pneumatic Co.Ltd.,Active,A,1.0,INE811A01038,,Equity
105533,WESTLIFE#,WESTLIFE FOODWORLD LIMITED,Active,A,2.0,INE274F01020,Restaurants,Equity
105537,ZEEL#,Zee Entertainment Enterprises,Active,A,1.0,INE256A01028,Broadcasting & Cable TV,Equity
105700,ELECON#,Elecon Engineering Co.Ltd.,Active,A,1.0,INE205B01031,,Equity
105790,SCHAEFFLER#,Schaeffler India Limited,Active,A,0.02,INE513A01022,,Equity
106076,GRINDWELL#,Grindwell Norton Limited,Active,A,5.0,INE536A01023,Other Industrial Products,Equity
106395,COROMANDEL#,Coromandel International Limit,Active,A,0.01,INE169A01031,Fertilizers,Equity
106401,DEEPAKNTR#,Deepak Nitrite Limited,Active,A,0.02,INE288B01029,Commodity Chemicals,Equity
106590,PCBL#,PCBL LIMITED,Active,A,1.0,INE602A01031,,Equity
106820,ASTRAZEN#,AstraZeneca Pharma India Limit,Active,A,2.0,INE203A01020,Pharmaceuticals,Equity
107685,WIPRO#,WIPRO LTD.,Active,A,0.02,INE075A01022,IT Consulting & Software,Equity
107815,GILLETTE#,GILLETTE IND,Active,A,0.1,INE322A01010,Personal Products,Equity
108869,APOLLOHOSP#,Apollo Hospitals Enterprises L,Active,A,0.05,INE437A01024,Healthcare Facilities,Equity
109480,BERGEPAINT#,Berger Paints India Ltd,Active,A,0.01,INE463A01038,Furniture-Furnishing-Paints,Equity
109488,GRAPHITE#,Graphite India Ltd.,Active,A,2.0,INE371A01025,Other Industrial Goods,Equity
109930,SUPREMEIND#,Supreme Industries Ltd.,Active,A,0.02,INE195A01028,Plastic Products,Equity
111196,CANFINHOME#,Can Fin Homes Ltd.,Active,A,2.0,INE477A01020,,Equity
111218,SHRIRAMFIN#,Shriram Finance Limited,Active,A,0.02,INE721A01047,,Equity
111243,CHOLAFIN#,CHOL INV FN,Active,A,0.02,INE121A01024,,Equity
112070,UPL#,UPL Limited,Active,A,0.02,INE628A01036,Agrochemicals,Equity
112455,LLOYDSME#,Lloyds Metals and Energy Limit,Active,A,0.01,INE281B01032,,Equity
112599,ADANIENT#,ADANI ENTER,Active,A,0.01,INE423A01024,Comm.Trading  & Distribution,Equity
113023,NAVA#,NAVA LIMITED,Active,A,1.0,INE725A01030,,Equity
113375,CARBORUNIV#,Carborundum Universal Ltd.,Active,A,0.01,INE120A01034,Other Industrial Products,Equity
113377,MMTC#,MMTC Ltd.,Active,B,1.0,INE123F01029,Comm.Trading  & Distribution,Equity
113599,HINDCOPPER#,Hindustan Copper Ltd.,Active,A,0.05,INE531E01026,Copper,Equity
113683,NLCINDIA#,NLC India Limited,Active,A,0.1,INE589A01014,Electric Utilities,Equity
114162,WELSPUNLIV#,Welspun Living Limited,Active,A,1.0,INE192B01031,,Equity
115030,ASAHIINDIA#,Asahi India Glass Limited,Active,A,1.0,INE439A01020,Auto Parts & Equipment,Equity
115055,ANANTRAJ#,Anant Raj Limited,Active,A,0.02,INE242C01024,Realty,Equity
117146,USHAMART#,Usha Martin Ltd.,Active,A,1.0,INE228A01035,Iron & Steel Products,Equity
117174,HONAUT#,HONEYWEL AUT,Active,A,0.1,INE671A01010,Other Elect.Equip./ Prod.,Equity
117271,HBLENGINE#,HBL Engineering Limited,Active,A,1.0,INE292B01021,Other Elect.Equip./ Prod.,Equity
117334,MOTHERSON#,Samvardhana Motherson Internat,Active,A,1.0,INE775A01035,Auto Parts & Equipment,Equity
117354,HAVELLS#,Havells India Limited,Active,A,0.01,INE176B01034,Other Elect.Equip./ Prod.,Equity
117506,TTKPRESTIG#,TTK Prestige Ltd.,Active,B,1.0,INE690A01028,,Equity
117569,KEI#,KEI Industries Ltd.,Active,A,0.02,INE878B01027,Other Elect.Equip./ Prod.,Equity
119600,CCL#,CCL Products (India) Ltd.,Active,A,2.0,INE421D01022,Tea & Coffee,Equity
120056,TVSHLTD#,TVS Holdings Limited,Active,A,5.0,INE105A01035,Auto Parts & Equipment,Equity
120111,RATNAMANI#,Ratnamani Metals & Tubes Ltd,Active,A,0.02,INE703B01027,Construction & Engineering,Equity
121064,TRIDENT#,Trident Limited,Active,A,1.0,INE064C01022,,Equity
121070,ALOKINDS#,Alok Industries Ltd.,Active,A,1.0,INE270A01029,,Equity
122074,ELGIEQUIP#,Elgi Equipments Limited,Active,A,1.0,INE285A01027,Industrial Machinery,Equity
122113,TIMKEN#,TIMKEM LT,Active,A,0.1,INE325A01013,Industrial Machinery,Equity
122205,PRAJIND#,Praj Industries Limited,Active,A,2.0,INE074A01025,Construction & Engineering,Equity
122275,GVTD#,GE Vernova T&D India Limited,Active,A,0.02,INE200A01026,Electric Utilities,Equity
122287,KPIL#,Kalpataru Projects Internation,Active,A,2.0,INE220B01022,Heavy Electrical Equipment,Equity
123025,SAFARI#,Safari Industries (India) Ltd.,Active,A,2.0,INE429E01023,,Equity
123367,DCMSHRIRAM#,DCM Shriram Limited,Active,A,2.0,INE499A01024,Diversified,Equity
123395,3MINDIA#,3M INDIA LTD,Active,A,0.1,INE470A01017,Diversified,Equity
123405,JMFINANCIL#,JM Financial Limited,Active,A,1.0,INE780C01023,Other Financial Services,Equity
123457,LINDEINDIA#,Linde India Limited,Active,A,0.1,INE473A01011,Industrial Gases,Equity
123610,ITI#,ITI LIMITED,Active,B,0.1,INE248A01017,Telecom Equipment,Equity
123642,PIIND#,PI Industries Limited,Active,A,0.01,INE603J01030,Agrochemicals,Equity
124000,POONAWALLA#,POONAWALLA FINCORP LIMITED,Active,A,0.02,INE511C01022,Finance (including NBFCs),Equity
124200,VINATIORGA#,Vinati Organics Limited,Active,A,1.0,INE410B01037,,Equity
124208,AARTIIND#,Aarti Industries Limited,Active,A,5.0,INE769A01020,Commodity Chemicals,Equity
124404,MARKSANS#,Marksans Pharma Ltd.,Active,A,1.0,INE750C01026,Pharmaceuticals,Equity
124494,IPCALAB#,Ipca Laboratories Ltd.,Active,A,0.01,INE571A01038,,Equity
124558,NEULANDLAB#,Neuland Laboratories Limited,Active,A,10.0,INE794A01010,Pharmaceuticals,Equity
124715,SUNPHARMA#,Sun Pharmaceutical Industries,Active,A,0.01,INE044A01036,Pharmaceuticals,Equity
124742,CAPLIPOINT#,Caplin Point Laboratories Limi,Active,A,2.0,INE475E01026,,Equity
124804,AUROPHARMA#,Aurobindo Pharma Ltd.,Active,A,0.01,INE406A01037,Pharmaceuticals,Equity
124816,NATCOPHARM#,Natco Pharma Ltd.,Active,A,0.02,INE987B01026,Pharmaceuticals,Equity
126299,MPHASIS#,Mphasis Limited,Active,A,0.1,INE356A01018,IT Consulting & Software,Equity
126367,GANESHHOU#,GANESH HOUSING LIMITED,Active,B,10.0,INE460C01014,Realty,Equity
126371,NMDC#,NMDC LTD.,Active,A,1.0,INE584A01023,Mining,Equity
126612,BLUEDART#,Blue Dart Express Limited,Active,A,10.0,INE233B01017,Transportation - Logistics,Equity
130005,INDIACEM#,India Cements Ltd.,Active,A,10.0,INE383A01012,Cement & Cement Products,Equity
130007,JKTYRE#,JK Tyre & Industries Ltd.,Active,A,2.0,INE573A01042,Auto Tyres & Rubber Products,Equity
130019,JUBLPHARMA#,Jubilant Pharmova Limited,Active,A,1.0,INE700A01033,Pharmaceuticals,Equity
130343,GENUSPOWER#,Genus Power Infrastructures Lt,Active,A,1.0,INE955D01029,Other Elect.Equip./ Prod.,Equity
130517,RELAXO#,Relaxo Footwears Limited,Active,A,1.0,INE131B01039,Footwear,Equity
130965,IOC#,INDIAN OIL C,Active,A,0.1,INE242A01010,Oil Marketing & Distribution,Equity
131162,EMAMILTD#,Emami Ltd,Active,A,0.01,INE548C01032,Personal Products,Equity
131213,MANAPPURAM#,Manappuram Finance Limited,Active,A,2.0,INE522D01027,Finance (including NBFCs),Equity
131335,ZYDUSWELL#,Zydus Wellness Limited,Active,A,2.0,INE768C01028,,Equity
131344,CONCOR#,CONTAIN CORP,Active,A,0.05,INE111A01025,,Equity
131358,CHOICEIN#,Choice International Ltd,Active,A,10.0,INE102B01014,Finance (including NBFCs),Equity
131431,SHAKTIPUMP#,Shakti Pumps (India) Ltd.,Active,A,10.0,INE908D01010,Industrial Machinery,Equity
131531,HATSUN#,Hatsun Agro Products Ltd.,Active,A,0.01,INE473B01035,Packaged Foods,Equity
131595,CGCL#,Capri Global Capital Limited,Active,A,1.0,INE180C01042,,Equity
131642,MARICO#,Marico Limited,Active,A,0.01,INE196A01026,Personal Products,Equity
131768,POLYMED#,Poly Medicure Ltd,Active,A,0.05,INE205C01021,Medical Equipment,Equity
132134,BANKBARODA#,BANK OF BARODA,Active,A,2.0,INE028A01039,Banks,Equity
132144,WELCORP#,Welspun Corp Limited,Active,A,5.0,INE191B01025,Construction & Engineering,Equity
132149,BANKINDIA#,BANK OF INDI,Active,A,0.1,INE084A01016,Banks,Equity
132155,GAIL#,GAIL INDIA,Active,A,0.1,INE129A01019,Utilities:Non-Elec.,Equity
132174,ICICIBANK#,ICICI Bank Ltd.,Active,A,0.02,INE090A01021,Banks,Equity
132175,CYIENT#,Cyient Limited,Active,A,5.0,INE136B01020,IT Consulting & Software,Equity
132178,ENGINERSIN#,Engineers India Ltd.,Active,A,5.0,INE510A01028,Consulting Services,Equity
132181,GMDCLTD#,Gujarat Mineral Development Co,Active,A,2.0,INE131A01031,Coal,Equity
132187,INDUSINDBK#,IndusInd Bank Ltd.,Active,A,0.1,INE095A01012,Banks,Equity
132209,J&KBANK#,Jammu and Kashmir Bank Ltd.,Active,A,1.0,INE168A01041,Banks,Equity
132210,CUB#,City Union Bank Ltd,Active,A,1.0,INE491A01021,Banks,Equity
132215,AXISBANK#,AXIS Bank Ltd.,Active,A,0.02,INE238A01034,Banks,Equity
132221,SONATSOFTW#,Sonata Software Limited,Active,A,1.0,INE269A01021,IT Consulting & Software,Equity
132259,APARINDS#,APAR INDUS,Active,A,0.1,INE372A01015,Other Elect.Equip./ Prod.,Equity
132281,HCLTECH#,HCL TECHNO,Active,A,0.02,INE860A01027,IT Consulting & Software,Equity
132286,JINDALSTEL#,JINDAL STEEL LIMITED,Active,A,0.01,INE749A01030,Iron & Steel/Interm.Products,Equity
132296,GLENMARK#,Glenmark Pharmaceuticals ltd,Active,A,0.01,INE935A01035,Pharmaceuticals,Equity
132300,WOCKPHARMA#,Wockhardt Ltd,Active,A,0.05,INE049B01025,Pharmaceuticals,Equity
132321,ZYDUSLIFE#,Zydus Lifesciences Limited,Active,A,0.01,INE010B01027,Pharmaceuticals,Equity
132331,AJANTPHARM#,Ajanta Pharma Ltd.,Active,A,0.02,INE031B01049,Pharmaceuticals,Equity
132343,TVSMOTOR#,TVS MOTOR L,Active,A,0.01,INE494B01023,2/3 Wheelers,Equity
132356,TRIVENI#,Triveni Engineering & Industri,Active,A,1.0,INE256C01024,Sugar,Equity
132371,TTML#,Tata Teleservices (Maharashtra,Active,A,10.0,INE517B01013,Telecom Services,Equity
132388,IOB#,INDIAN OVERS,Active,A,0.1,INE565A01014,Banks,Equity
132400,BSOFT#,BIRLASOFT LIMITED,Active,A,2.0,INE836A01035,IT Consulting & Software,Equity
132424,GODREJCP#,Godrej Consumer Products Ltd.,Active,A,0.01,INE102D01028,Personal Products,Equity
132432,UNITDSPR#,UNITD SPR,Active,A,0.02,INE854D01024,,Equity
132439,OLECTRA#,OLECTRA GREENTECH LIMITED,Active,A,4.0,INE260D01016,Industrial Machinery,Equity
132454,BHARTIARTL#,Bharti Airtel  Ltd.,Active,A,0.05,INE397D01024,Telecom Services,Equity
132461,PNB#,Punjab National Bank,Active,A,0.02,INE160A01022,Banks,Equity
132466,OFSS#,ORACLE FIN,Active,A,0.05,INE881D01027,IT Consulting & Software,Equity
132477,UNIONBANK#,UNION BANK OF INDIA,Active,A,10.0,INE692A01016,Banks,Equity
132478,UBL#,United Breweries Ltd.,Active,A,0.01,INE686F01025,Breweries & Distilleries,Equity
132482,GRANULES#,Granules India Ltd.,Active,A,1.0,INE101D01020,Pharmaceuticals,Equity
132483,CANBK#,CANARA BANK,Active,A,0.02,INE476A01022,,Equity
132488,DIVISLAB#,DIVIS LABORATORIES LTD.,Active,A,2.0,INE361B01024,Pharmaceuticals,Equity
132497,RADICO#,Radico Khaitan Ltd.,Active,A,0.02,INE944F01028,Breweries & Distilleries,Equity
132500,MARUTI#,MARUTISUZUKI,Active,A,0.05,INE585B01010,Cars & Utility Vehicles,Equity
132504,NAVINFLUOR#,Navin Fluorine International L,Active,A,2.0,INE048G01026,,Equity
132505,UCOBANK#,UCO BANK,Active,A,0.1,INE691A01018,Banks,Equity
132508,JSL#,JSL,Active,A,0.02,INE220G01021,Iron & Steel/Interm.Products,Equity
132514,IGL#,Indraprashta  Gas Ltd.,Active,A,0.02,INE203G01027,,Equity
132522,PETRONET#,PETRONET LNG LTD.,Active,A,10.0,INE347G01014,Oil Marketing & Distribution,Equity
132523,BIOCON#,BIOCON LTD.,Active,A,0.05,INE376G01013,Biotechnology,Equity
132525,MAHABANK#,BANK MAHA,Active,A,0.1,INE457A01014,Banks,Equity
132527,RKFORGE#,Ramkrishna Forgings Limited,Active,A,2.0,INE399G01023,,Equity
132538,ULTRACEMCO#,ULTRATECH CM,Active,A,0.1,INE481G01011,Cement & Cement Products,Equity
132539,UNOMINDA#,UNO Minda Limited,Active,A,0.02,INE405E01023,,Equity
132540,TCS#,TCS LTD.,Active,A,0.01,INE467B01029,IT Consulting & Software,Equity
132541,COFORGE#,COFORGE LIMITED,Active,A,2.0,INE591G01025,,Equity
132548,CENTURYPLY#,Century Plyboards (India) Limi,Active,A,1.0,INE348B01021,Forest Products,Equity
132555,NTPC#,NTPC LTD,Active,A,0.1,INE733E01010,Electric Utilities,Equity
132605,JBMA#,JBM Auto Limited,Active,A,1.0,INE927D01051,,Equity
132627,JPPOWER#,Jaiprakash Power Ventures Limi,Active,A,10.0,INE351F01018,Electric Utilities,Equity
132636,IIFL#,IIFL Finance Limited,Active,A,2.0,INE530B01024,Other Financial Services,Equity
132642,JSWHL#,JSW Holdings Limited,Active,A,10.0,INE824G01012,Finance (including NBFCs),Equity
132644,JKCEMENT#,J.K. CEMENT LTD,Active,A,0.1,INE823G01014,Cement & Cement Products,Equity
132648,YESBANK#,Yes Bank Ltd.,Active,A,0.02,INE528G01035,,Equity
132667,SUZLON#,SUZLON ENERGY LTD.,Active,A,0.02,INE040H01021,Heavy Electrical Equipment,Equity
132683,AIAENG#,AIA Engineering Ltd.,Active,A,0.02,INE212H01026,Other Industrial Goods,Equity
132689,PVRINOX#,PVR INOX LIMITED,Active,A,10.0,INE191H01014,Specialty Retail,Equity
132714,KEC#,KEC International Ltd.,Active,A,0.02,INE389H01022,Heavy Electrical Equipment,Equity
132720,M&MFIN#,Mahindra & Mahindra Financial,Active,A,0.02,INE774D01024,Finance (including NBFCs),Equity
132725,SOLARINDS#,SOLAR IND,Active,A,0.02,INE343H01029,,Equity
132733,SUNTV#,SUN TV NETWORK LIMITED,Active,A,0.05,INE424H01027,Broadcasting & Cable TV,Equity
132734,GPIL#,GODAWARI POWER AND ISPAT LTD.,Active,A,1.0,INE177H01039,,Equity
132754,GMRAIRPORT#,GMR Airports Limited,Active,A,0.01,INE776C01039,Electric Utilities,Equity
132755,TECHM#,Tech Mahindra Limited,Active,A,0.05,INE669C01036,IT Consulting & Software,Equity
132756,CIEINDIA#,CIE Automotive India Limited,Active,A,10.0,INE536H01010,Other Industrial Products,Equity
132757,VOLTAMP#,VOLTAMP TRANSFORMERS LIMITED,Active,A,10.0,INE540H01012,Heavy Electrical Equipment,Equity
132762,ACE#,Action Construction Equipment,Active,A,2.0,INE731H01025,Transport Related Services,Equity
132777,NAUKRI#,Info Edge (India) Ltd.,Active,A,0.02,INE663F01032,,Equity
132779,TORNTPOWER#,TORRENT POWER LIMITED,Active,A,0.1,INE813H01021,Electric Utilities,Equity
132783,LTFOODS#,LT Foods Limited,Active,A,1.0,INE818H01020,,Equity
132784,SOBHA#,Sobha Limited,Active,A,10.0,INE671H01015,Realty,Equity
132805,REDINGTON#,Redington Limited,Active,A,2.0,INE891D01026,Comm.Trading  & Distribution,Equity
132809,FSL#,Firstsource Solutions Ltd.,Active,A,0.1,INE684F01012,BPO/KPO,Equity
132810,PFC#,Power Finance Corporation Ltd,Active,A,0.1,INE134E01011,Finance (including NBFCs),Equity
132814,INDIANB#,Indian Bank,Active,A,0.1,INE562A01011,Banks,Equity
132822,IDEA#,VODAFONE IDEA  LIMITED,Active,A,0.1,INE669E01016,Telecom Services,Equity
132827,PAGEIND#,Page Industries Ltd.,Active,A,0.1,INE761H01022,Other Apparels & Accessories,Equity
132830,ASTRAL#,ASTRAL LIMITED,Active,A,0.01,INE006I01046,Plastic Products,Equity
132843,FORTIS#,FORTIS HEALTHCARE LIMITED,Active,A,0.1,INE061F01013,Healthcare Facilities,Equity
132856,TIMETECHNO#,Time Technoplast Limited,Active,A,1.0,INE508G01029,Containers & Packaging,Equity
132868,DLF#,DLF LIMITED,Active,A,0.02,INE271C01023,Realty,Equity
132885,CENTRALBK#,Central Bank of India,Active,A,0.1,INE483A01010,Banks,Equity
132889,KPRMILL#,K.P.R.MILL LIMITED,Active,A,0.01,INE930H01031,,Equity
132892,MOTILALOFS#,Motilal Oswal Financial Servic,Active,A,0.01,INE338I01027,Finance (including NBFCs),Equity
132898,POWERGRID#,POWER GRID CORPORATION OF INDI,Active,A,0.1,INE752E01010,Electric Utilities,Equity
132921,ADANIPORTS#,Adani Ports and Special Econom,Active,A,0.02,INE742F01042,Marine Port & Services,Equity
132922,EDELWEISS#,Edelweiss Financial Services L,Active,A,1.0,INE532F01054,Other Financial Services,Equity
132926,JYOTHYLAB#,JYOTHY LABS LIMITED,Active,A,1.0,INE668F01031,Household Products,Equity
132927,ECLERX#,eClerx Services Limited,Active,A,10.0,INE738I01010,BPO/KPO,Equity
132928,TARIL#,Transformers And Rectifiers (I,Active,A,1.0,INE763I01026,,Equity
132929,BRIGADE#,Brigade Enterprises Limited,Active,A,0.1,INE791I01019,Realty,Equity
132939,RPOWER#,Reliance Power Limited,Active,A,10.0,INE614G01033,Electric Utilities,Equity
132947,IRB#,IRB Infrastructure Developers,Active,A,0.01,INE821I01022,,Equity
132953,VGUARD#,V-Guard Industries Limited,Active,A,1.0,INE951I01027,,Equity
132955,RECLTD#,REC LIMITED,Active,A,0.1,INE020B01018,Finance (including NBFCs),Equity
132966,TITAGARH#,TITAGARH RAIL SYSTEMS LIMITED,Active,A,2.0,INE615H01020,Commercial Vehicles,Equity
132976,JAIBALAJI#,Jai Balaji Industries Limited,Active,A,2.0,INE091G01026,,Equity
132977,BAJAJ-AUTO#,BAJAJ AUTO LTD.,Active,A,10.0,INE917I01010,2/3 Wheelers,Equity
132978,BAJAJFINSV#,Bajaj Finserv Limited,Active,A,0.01,INE918I01026,,Equity
133023,ZFCVINDIA#,ZF Commercial Vehicle Control,Active,A,0.05,INE342J01019,Auto Parts & Equipment,Equity
133033,ISGEC#,ISGEC Heavy Engineering Limite,Active,B,1.0,INE858B01029,,Equity
133096,ADANIPOWER#,Adani Power Limited,Active,A,2.0,INE814H01029,,Equity
133098,NHPC#,NHPC Limited,Active,A,0.1,INE848E01016,Electric Utilities,Equity
133106,OIL#,Oil India Limited,Active,A,0.1,INE274J01014,Exploration & Production,Equity
133148,JSWENERGY#,JSW Energy Limited,Active,A,0.1,INE121E01018,Electric Utilities,Equity
133150,GODREJPROP#,Godrej Properties Limited,Active,A,0.05,INE484J01027,Realty,Equity
133155,JUBLFOOD#,Jubilant Foodworks Limited,Active,A,0.02,INE797F01020,,Equity
133179,PERSISTENT#,Persistent Systems Limited,Active,A,0.05,INE262H01021,,Equity
133269,WABAG#,VA Tech Wabag Limited,Active,A,2.0,INE956G01038,Utilities:Non-Elec.,Equity
133272,JWL#,Jupiter Wagons Limited,Active,A,10.0,INE209L01016,Commercial Vehicles,Equity
133273,OBEROIRLTY#,OBEROI REALTY LIMITED,Active,A,0.1,INE093I01010,Realty,Equity
133274,PRESTIGE#,Prestige Estates Projects Limi,Active,A,0.1,INE811K01011,Realty,Equity
133278,COALINDIA#,Coal India Limited,Active,A,0.1,INE522F01014,Coal,Equity
133282,GRAVITA#,Gravita India Limited,Active,A,2.0,INE024L01027,Other Non-Ferrous Metals,Equity
133293,KIRLOSENG#,Kirloskar Oil Engines Limited,Active,A,2.0,INE146L01010,Auto Parts & Equipment,Equity
133295,PSB#,PUNJAB & SIND BANK,Active,B,0.1,INE608A01012,Banks,Equity
133339,ZENTEC#,Zen Technologies Limited,Active,A,1.0,INE251B01027,IT Software Products,Equity
133398,MUTHOOTFIN#,MUTHOOT FINANCE LIMITED,Active,A,0.1,INE414G01012,Finance (including NBFCs),Equity
133519,LTF#,L&T Finance Limited,Active,A,0.1,INE498L01015,Finance (including NBFCs),Equity
133573,APLLTD#,Alembic Pharmaceuticals Limite,Active,A,2.0,INE901L01018,Pharmaceuticals,Equity
133581,PGEL#,PG Electroplast Limited,Active,A,0.01,INE457L01029,,Equity
133655,TRITURBINE#,Triveni Turbine Limited,Active,A,0.01,INE152M01016,Heavy Electrical Equipment,Equity
133758,APLAPOLLO#,APL Apollo Tubes Limited,Active,A,0.02,INE702C01027,,Equity
134076,RHIM#,RHI MAGNESITA INDIA LIMITED,Active,A,1.0,INE743M01012,Other Industrial Goods,Equity
134139,SCHNEIDER#,Schneider Electric Infrastruct,Active,A,2.0,INE839M01018,Heavy Electrical Equipment,Equity
134309,NBCC#,NBCC (India) Limited,Active,A,0.01,INE095N01031,,Equity
134816,INDUSTOWER#,INDUS TOWERS LIMITED,Active,A,0.1,INE121J01017,Other Telecom Services,Equity
135755,ABFRL#,Aditya Birla Fashion and Retai,Active,A,0.1,INE647O01011,Department Stores,Equity
135789,SAMMAANCAP#,Sammaan Capital Limited,Active,A,2.0,INE148I01020,Housing Finance,Equity
138835,INTELLECT#,INTELLECT DESIGN ARENA LIMITED,Active,A,5.0,INE306R01017,IT Software Products,Equity
138962,MINDACORP#,Minda Corporation Limited,Active,A,2.0,INE842C01021,Auto Parts & Equipment,Equity
139006,PTCIL#,PTC Industries Limited,Active,A,10.0,INE596F01018,Other Industrial Products,Equity
139083,INOXWIND#,Inox Wind Limited,Active,A,0.1,INE066P01011,Heavy Electrical Equipment,Equity
139177,AIIL#,Authum Investment & Infrastruc,Active,A,0.01,INE206F01022,,Equity
139254,ADANIENSOL#,Adani Energy Solutions Limited,Active,A,0.1,INE931S01010,Electric Utilities,Equity
139268,SYNGENE#,Syngene International Limited,Active,A,0.1,INE398R01022,Pharmaceuticals,Equity
139336,GUJENERGY#,Gujarat Energy Limited,Active,A,0.02,INE844O01030,,Equity
139437,IDFCFIRSTB#,IDFC FIRST BANK LIMITED,Active,A,0.1,INE092T01019,Banks,Equity
139448,INDIGO#,InterGlobe Aviation Limited,Active,A,0.1,INE646L01027,Airlines,Equity
139523,ALKEM#,Alkem Laboratories Limited,Active,A,0.02,INE540L01014,Pharmaceuticals,Equity
139524,LALPATHLAB#,Dr. Lal Pathlabs Limited,Active,A,0.1,INE600L01024,Healthcare Services,Equity
139551,NH#,Narayana Hrudayalaya Limited,Active,A,0.1,INE410P01011,,Equity
139876,CROMPTON#,Crompton Greaves Consumer Elec,Active,A,0.02,INE299U01018,,Equity
139957,MGL#,Mahanagar Gas Limited,Active,A,10.0,INE002S01010,,Equity
140005,LTM#,LTM LIMITED,Active,A,1.0,INE214T01019,,Equity
140073,BLS#,BLS International Services Lim,Active,A,1.0,INE153T01027,,Equity
140115,LTTS#,L&T Technology Services Limite,Active,A,0.02,INE010V01017,,Equity
140133,ICICIPRULI#,ICICI Prudential Life Insuranc,Active,A,0.1,INE726G01019,,Equity
140153,ENDURANCE#,Endurance Technologies Limited,Active,A,0.1,INE913H01037,,Equity
140173,PNBHOUSING#,PNB Housing Finance Limited,Active,A,0.1,INE572E01012,,Equity
140180,VBL#,Varun Beverages Limited,Active,A,0.02,INE200M01039,,Equity
140203,SFL#,Sheela Foam Limited,Active,A,5.0,INE916U01025,,Equity
140222,LAURUSLABS#,Laurus Labs Limited,Active,A,0.02,INE947Q01028,,Equity
140376,DMART#,Avenue Supermarts Limited,Active,A,0.1,INE192R01011,,Equity
140530,HUDCO#,Housing &Urban Development Cor,Active,A,0.1,INE031A01017,,Equity
140595,TEJASNET#,Tejas Networks Limited,Active,A,10.0,INE010J01012,,Equity
140596,ERIS#,Eris Lifesciences Limited,Active,A,1.0,INE406M01024,,Equity
140611,AUBANK#,AU Small Finance Bank Limited,Active,A,0.1,INE949L01017,,Equity
140678,COCHINSHIP#,Cochin Shipyard Limited,Active,A,0.05,INE704P01025,,Equity
140680,KIOCL#,KIOCL Limited,Active,B,0.1,INE880L01014,,Equity
140691,ABCAPITAL#,Aditya Birla Capital Ltd,Active,A,0.1,INE674K01013,,Equity
140699,DIXON#,Dixon Technologies (India) Lim,Active,A,0.02,INE935N01020,,Equity
140716,ICICIGI#,ICICI Lombard General Insuranc,Active,A,0.1,INE765G01017,,Equity
140719,SBILIFE#,SBI Life Insurance Company Lim,Active,A,0.1,INE123W01016,,Equity
140743,GODREJAGRO#,Godrej Agrovet Limited,Active,A,10.0,INE850D01014,,Equity
140750,IEX#,Indian Energy Exchange Limited,Active,A,1.0,INE022Q01020,,Equity
140755,GICRE#,General Insurance Corporation,Active,A,0.05,INE481Y01014,,Equity
140762,TIINDIA#,Tube Investments of India Ltd,Active,A,0.01,INE974X01010,,Equity
140767,NAM-INDIA#,NIPPON LIFE INDIA ASSET MANAGE,Active,A,0.1,INE298J01013,,Equity
140769,NIACL#,The New India Assurance Compan,Active,A,0.05,INE470Y01017,,Equity
140777,HDFCLIFE#,HDFC LIFE INSURANCE COMPANY LI,Active,A,0.1,INE795G01014,,Equity
140900,NEWGEN#,Newgen Software Technologies L,Active,A,0.1,INE619B01017,,Equity
140902,AMBER#,Amber Enterprises India Limite,Active,A,0.1,INE371P01015,,Equity
140975,ASTERDM#,ASTER DM QUALITY CARE LIMITED,Active,A,0.1,INE914M01019,,Equity
141019,HGINFRA#,H.G. Infra Engineering Limited,Active,B,10.0,INE926X01010,,Equity
141143,BDL#,Bharat Dynamics Limited,Active,A,0.05,INE171Z01026,,Equity
141153,BANDHANBNK#,Bandhan Bank Limited,Active,A,0.1,INE545U01014,,Equity
141154,HAL#,Hindustan Aeronautics Limited,Active,A,0.05,INE066F01020,,Equity
141233,LEMONTREE#,Lemon Tree Hotels Limited,Active,A,10.0,INE970X01018,,Equity
141450,ADANIGREEN#,Adani Green Energy Limited,Active,A,0.1,INE364U01010,,Equity
141556,RITES#,RITES Limited,Active,A,10.0,INE320J01015,,Equity
141557,FINEORG#,Fine Organic Industries Limite,Active,A,5.0,INE686Y01026,,Equity
141729,HDFCAMC#,HDFC Asset Management Company,Active,A,0.05,INE127D01025,,Equity
141770,CREDITACC#,CreditAccess Grameen Ltd.,Active,A,10.0,INE741K01010,,Equity
141956,IRCON#,Ircon International Limited,Active,A,2.0,INE962Y01021,,Equity
141988,AAVAS#,AAVAS Financiers Limited,Active,A,10.0,INE216P01012,,Equity
142011,GRSE#,Garden Reach Shipbuilders & En,Active,A,10.0,INE382Z01011,,Equity
142066,ATGL#,ADANI TOTAL GAS LIMITED,Active,A,0.01,INE399L01023,,Equity
142141,TECHNOE#,Techno Electric & Engineering,Active,A,2.0,INE285K01026,,Equity
142216,DALBHARAT#,DALMIA BHARAT LIMITED,Active,A,0.02,INE00R701025,,Equity
142323,KPIGREEN#,KPI Green Energy Limited,Active,A,5.0,INE542W01025,,Equity
142399,CHALET#,Chalet Hotels Limited,Active,A,10.0,INE427F01016,,Equity
142649,RVNL#,Rail Vikas Nigam Limited,Active,A,0.1,INE415G01027,,Equity
142650,METROPOLIS#,Metropolis Healthcare Limited,Active,A,2.0,INE112L01020,,Equity
142651,KPITTECH#,KPIT Technologies Ltd,Active,A,0.1,INE04I401011,,Equity
142652,POLYCAB#,Polycab India Limited,Active,A,0.1,INE455K01017,,Equity
142726,INDIAMART#,IndiaMART InterMESH Limited,Active,A,10.0,INE933S01016,,Equity
142752,AFFLE#,AFFLE 3I LIMITED,Active,A,0.02,INE00WC01027,,Equity
142760,SWSOLAR#,STERLING AND WILSON RENEWABLE,Active,B,1.0,INE00M201021,,Equity
142772,360ONE#,360 ONE WAM LIMITED,Active,A,0.01,INE466L01038,,Equity
142773,IIFLCAPS#,IIFL CAPITAL SERVICES LIMITED,Active,A,2.0,INE489L01022,,Equity
142812,FLUOROCHEM#,Gujarat Fluorochemicals Limite,Active,A,0.01,INE09N301011,,Equity
142830,IRCTC#,Indian Railway Catering & Tour,Active,A,0.02,INE335Y01020,,Equity
142920,SUMICHEM#,SUMITOMO CHEMICAL INDIA LIMITE,Active,A,0.1,INE258G01013,,Equity
143064,COHANCE#,Cohance Lifesciences Limited,Active,A,0.01,INE03QK01018,,Equity
143066,SBICARD#,SBI CARDS AND PAYMENT SERVICES,Active,A,0.1,INE018E01016,,Equity
143187,POWERINDIA#,HITACHI ENERGY INDIA LIMITED,Active,A,0.02,INE07Y701011,,Equity
143220,MAXHEALTH#,Max Healthcare Institute Limit,Active,A,0.1,INE027H01010,,Equity
143227,HAPPSTMNDS#,Happiest Minds Technologies Li,Active,A,2.0,INE419U01012,,Equity
143232,CAMS#,Computer Age Management Servic,Active,A,2.0,INE596I01020,,Equity
143235,ANGELONE#,ANGEL ONE LIMITED,Active,A,1.0,INE732I01021,,Equity
143237,MAZDOCK#,Mazagon Dock Shipbuilders Limi,Active,A,0.05,INE249Z01020,,Equity
143238,UTIAMC#,UTI Asset Management Company L,Active,A,10.0,INE094J01016,,Equity
143245,GLAND#,Gland Pharma Limited,Active,A,0.01,INE068V01023,,Equity
143253,BECTORFOOD#,Mrs. Bectors Food Specialities,Active,B,2.0,INE495P01020,,Equity
143257,IRFC#,Indian Railway Finance Corpora,Active,A,0.1,INE053F01010,,Equity
143265,RAILTEL#,RailTel Corporation of India L,Active,A,10.0,INE0DD101019,,Equity
143271,JUBLINGREA#,Jubilant Ingrevia Limited,Active,A,1.0,INE0BY001018,,Equity
143276,CRAFTSMAN#,Craftsman Automation Limited,Active,A,5.0,INE00LO01017,,Equity
143278,KALYANKJIL#,Kalyan Jewellers India Limited,Active,A,0.1,INE303R01014,,Equity
143287,LODHA#,Lodha Developers Limited,Active,A,0.1,INE670K01029,,Equity
143299,SHYAMMETL#,Shyam Metalics and Energy Limi,Active,A,10.0,INE810G01011,,Equity
143300,SONACOMS#,Sona BLW Precision Forgings Li,Active,A,0.1,INE073K01018,,Equity
143308,KIMS#,Krishna Institute of Medical S,Active,A,0.02,INE967H01025,,Equity
143317,GRINFRA#,G R Infraprojects Limited,Active,B,5.0,INE201P01022,,Equity
143318,CLEAN#,Clean Science and Technology L,Active,A,1.0,INE227W01023,,Equity
143320,ETERNAL#,Eternal Limited,Active,A,0.01,INE758T01015,,Equity
143322,ALIVUS#,ALIVUS LIFE SCIENCES LIMITED,Active,A,2.0,INE03Q201024,,Equity
143330,DEVYANI#,Devyani International Limited,Active,A,1.0,INE872J01023,,Equity
143334,NUVOCO#,Nuvoco Vistas Corporation Limi,Active,A,10.0,INE118D01016,,Equity
143335,APTUS#,Aptus Value Housing Finance In,Active,A,2.0,INE852O01025,,Equity
143350,VIJAYA#,Vijaya Diagnostic Centre Limit,Active,A,1.0,INE043W01024,,Equity
143374,ABSLAMC#,Aditya Birla Sun Life AMC Limi,Active,A,0.05,INE404A01024,,Equity
143384,NYKAA#,FSN E-Commerce Ventures Limite,Active,A,0.01,INE388Y01029,,Equity
143390,POLICYBZR#,PB Fintech Limited,Active,A,0.02,INE417T01026,,Equity
143396,PAYTM#,One 97 Communications Limited,Active,A,0.01,INE982J01020,,Equity
143397,SAPPHIRE#,Sapphire Foods India Limited,Active,A,2.0,INE806T01020,,Equity
143398,LATENTVIEW#,Latent View Analytics Limited,Active,A,1.0,INE0I7C01011,,Equity
143412,STARHEALTH#,Star Health and Allied Insuran,Active,A,0.1,INE575P01011,,Equity
143413,TEGA#,Tega Industries Limited,Active,A,10.0,INE011K01018,,Equity
143415,ANANDRATHI#,Anand Rathi Wealth Limited,Active,A,5.0,INE463V01026,,Equity
143426,METROBRAND#,Metro Brands Limited,Active,A,0.05,INE317I01021,,Equity
143427,MEDPLUS#,Medplus Health Services Limite,Active,A,2.0,INE804L01022,,Equity
143428,DATAPATTNS#,Data Patterns (India) Limited,Active,A,2.0,INE0IX101010,,Equity
143458,AWL#,AWL AGRI BUSINESS LIMITED,Active,A,0.01,INE699H01024,,Equity
143463,MANYAVAR#,Vedant Fashions Limited,Active,A,0.01,INE825V01034,,Equity
143482,EUREKAFORB#,Eureka Forbes Limited,Active,A,10.0,INE0KCE01017,,Equity
143498,MSUMI#,Motherson Sumi Wiring India Li,Active,A,0.01,INE0FS801015,,Equity
143524,RAINBOW#,Rainbow Childrens Medicare Lim,Active,A,10.0,INE961O01016,,Equity
143526,LICI#,LIFE INSURANCE CORPORATION OF,Active,A,0.1,INE0J1Y01017,,Equity
143527,PRUDENT#,Prudent Corporate Advisory Ser,Active,A,5.0,INE00F201020,,Equity
143529,DELHIVERY#,Delhivery Limited,Active,A,0.01,INE148O01028,,Equity
143534,AETHER#,Aether Industries Limited,Active,A,10.0,INE0BWX01014,,Equity
143573,SYRMA#,Syrma SGS Technology Limited,Active,A,10.0,INE0DYJ01015,,Equity
143635,PPLPHARMA#,PIRAMAL PHARMA LIMITED,Active,A,0.1,INE0DK501011,,Equity
143653,BIKAJI#,Bikaji Foods International Lim,Active,A,1.0,INE00E101023,,Equity
143654,MEDANTA#,Global Health Limited,Active,A,0.02,INE474Q01031,,Equity
143663,FIVESTAR#,Five-Star Business Finance Ltd,Active,A,0.01,INE128S01021,,Equity
143664,KAYNES#,KAYNES TECHNOLOGY INDIA LIMITE,Active,A,0.1,INE918Z01012,,Equity
143720,KFINTECH#,KFin Technologies Limited,Active,A,0.1,INE138Y01010,,Equity
143768,NSLNISP#,NMDC Steel Limited,Active,A,10.0,INE0NNS01018,,Equity
143904,MANKIND#,Mankind Pharma Limited,Active,A,0.01,INE634S01028,,Equity
143940,JIOFIN#,Jio Financial Services Limited,Active,A,0.1,INE758E01017,,Equity
143945,NETWEB#,Netweb Technologies India Limi,Active,A,2.0,INE0NT901020,,Equity
143957,REDTAPE#,REDTAPE Limited,Active,B,2.0,INE0LXT01019,,Equity
143960,CONCORDBIO#,Concord Biotech Limited,Active,A,0.01,INE338H01029,,Equity
143980,JLHL#,Jupiter Life Line Hospitals Li,Active,A,2.0,INE682M01020,,Equity
143981,RRKABEL#,R R Kabel Limited,Active,A,5.0,INE777K01022,,Equity
143988,NUVAMA#,Nuvama Wealth Management Limit,Active,A,2.0,INE531F01023,,Equity
143990,SIGNATURE#,Signatureglobal (India) Limite,Active,A,1.0,INE903U01023,,Equity
143994,JSWINFRA#,JSW Infrastructure Limited,Active,A,0.02,INE880J01026,,Equity
144012,CELLO#,Cello World Limited,Active,A,5.0,INE0LMW01024,,Equity
144026,IREDA#,Indian Renewable Energy Develo,Active,A,0.1,INE202E01016,,Equity
144028,TATATECH#,Tata Technologies Limited,Active,A,0.02,INE142M01025,,Equity
144045,DOMS#,DOMS Industries Limited,Active,A,10.0,INE321T01012,,Equity
144046,INOXINDIA#,INOX India Limited,Active,A,2.0,INE616N01034,,Equity
144061,AZAD#,Azad Engineering Limited,Active,A,2.0,INE02IJ01035,,Equity
144081,JYOTICNC#,Jyoti CNC Automation Limited,Active,A,0.02,INE980O01024,,Equity
144162,BHARTIHEXA#,Bharti Hexacom Limited,Active,A,0.05,INE343G01021,,Equity
144172,INDGN#,Indegene Limited,Active,A,2.0,INE065X01017,,Equity
144174,TBOTEK#,TBO Tek Limited,Active,A,1.0,INE673O01025,,Equity
144176,AADHARHFC#,Aadhar Housing Finance Limited,Active,A,10.0,INE883F01010,,Equity
144179,GODIGIT#,Go Digit General Insurance Lim,Active,A,0.1,INE03JT01014,,Equity
144203,ABDL#,Allied Blenders and Distillers,Active,A,2.0,INE552Z01027,,Equity
144210,EMCURE#,Emcure Pharmaceuticals Limited,Active,A,0.1,INE168P01015,,Equity
144222,AKUMS#,Akums Drugs and Pharmaceutical,Active,B,2.0,INE09XN01023,,Equity
144225,OLAELEC#,Ola Electric Mobility Limited,Active,A,0.1,INE0LXG01040,,Equity
144226,FIRSTCRY#,Brainbees Solutions Limited,Active,A,0.02,INE02RE01045,,Equity
144238,PREMIERENE#,Premier Energies Limited,Active,A,0.01,INE0BS701011,,Equity
144240,RAYMONDLSL#,Raymond Lifestyle Limited,Active,A,2.0,INE02ID01020,,Equity
144250,SANOFICONR#,Sanofi Consumer Healthcare Ind,Active,B,10.0,INE0UOS01011,,Equity
144252,BAJAJHFL#,Bajaj Housing Finance Limited,Active,A,0.1,INE377Y01014,,Equity
144274,HYUNDAI#,HYUNDAI MOTOR INDIA LIMITED,Active,A,0.1,INE0V6F01027,,Equity
144277,WAAREEENER#,Waaree Energies Limited,Active,A,0.1,INE377N01017,,Equity
144280,AFCONS#,Afcons Infrastructure Limited,Active,A,10.0,INE101I01011,,Equity
144282,SAGILITY#,Sagility Limited,Active,A,0.1,INE0W2G01015,,Equity
144283,ACMESOLAR#,ACME Solar Holdings Limited,Active,A,2.0,INE622W01025,,Equity
144285,SWIGGY#,SWIGGY LIMITED,Active,A,0.01,INE00H001014,,Equity
144286,NIVABUPA#,Niva Bupa Health Insurance Com,Active,A,10.0,INE995S01015,,Equity
144289,NTPCGREEN#,NTPC GREEN ENERGY LIMITED,Active,A,0.1,INE0ONG01011,,Equity
144306,SAILIFE#,Sai Life Sciences Limited,Active,A,1.0,INE570L01029,,Equity
144307,VMM#,Vishal Mega Mart Limited,Active,A,0.1,INE01EA01019,,Equity
144309,IKS#,INVENTURUS KNOWLEDGE SOLUTIONS,Active,A,0.01,INE115Q01022,,Equity
144321,VENTIVE#,Ventive Hospitality Limited,Active,B,1.0,INE781S01027,,Equity
200072,MCL,M TEK COPPER LIMITED,Active,NS,5.0,INE813V01022,,Equity
200105,RKEC,RKEC PROJECTS LIMITED,Active,NS,10.0,INE786W01010,,Equity
200184,PARAMPARA,PARAMPARA DAIRY DLGHT LTD,Active,NS,10.0,INE749Y01014,,Equity
200223,SMVD,SMVD POLY PACK LIMITED,Active,NS,10.0,INE702Y01013,,Equity
200283,JMA,JULLUNDUR MOT AGENCY LTD,Active,NS,2.0,INE412C01023,,Equity
200306,SINTERCOM,SINTERCOM INDIA LIMITED,Active,NS,10.0,INE129Z01016,,Equity
200405,MPTODAY,M P TODAY MEDIA LIMITED,Active,NS,10.0,INE105Y01019,,Equity
200428,JETKNIT,JET KNITWEARS LTD.,Active,NT,10.0,INE564T01017,,Equity
200454,DIRL,DHANUKA INFRA REALTY LTD,Active,NS,10.0,INE704V01015,,Equity
200475,NIRAJISPAT,NIRAJ ISPAT IND LTD,Active,NS,10.0,INE326T01011,,Equity
200486,MAHICKRA,MAHICKRA CHEMICAL LIMITED,Active,NS,10.0,INE961Y01015,,Equity
200519,SAKAR,SAKAR HEALTHCARE LIMITED,Active,NS,10.0,INE732S01012,,Equity
200535,ELGIRUBCO,ELGI RUBBER CO. LTD,Active,NS,1.0,INE819L01012,,Equity
200540,CROWN,CROWN LIFTERS LIMITED,Active,NS,10.0,INE491V01019,,Equity
200558,MILTON,MILTON INDUSTRIES LIMITED,Active,NS,10.0,INE376Y01016,,Equity
200566,SURANI,SURANI STEEL TUBES LTD.,Active,NS,10.0,INE01ZJ01015,,Equity
200738,JALAN,JALAN TRANSOLU. INDIA LTD,Active,NT,10.0,INE349X01015,,Equity
200742,AISL,ANI INTEGRATED SERV LTD.,Active,NS,10.0,INE635Y01015,,Equity
200761,TEMBO,TEMBO GLOBAL IND LTD,Active,NS,1.0,INE869Y01028,,Equity
200766,UWCSL,ULTRA WIRING CONN SYS LTD,Active,NS,10.0,INE00F301010,,Equity
200995,TSFINV,TSF INVESTMENTS LIMITED,Active,NS,5.0,INE202Z01029,,Equity
201000,VSCL,VADIVARHE SPCLTY CHEM LTD,Active,NS,10.0,INE551Q01028,,Equity
201038,ICEMAKE,ICE MAKE REFRIGERAT LTD,Active,NS,10.0,INE520Y01019,,Equity
201064,AMBANIORGO,AMBANI ORGOCHEM LIMITED,Active,NS,10.0,INE00C501018,,Equity
201232,CDSL,CENTRAL DEPO SER (I) LTD,Active,NS,10.0,INE736A01011,,Equity
201342,TOUCHWOOD,TOUCHWOOD ENTERTAIN LTD.,Active,NS,10.0,INE486Y01013,,Equity
201344,PULZ,PULZ ELECTRONICS LIMITED,Active,NS,10.0,INE335X01014,,Equity
201461,DIL,DEBOCK INDUSTRIES LIMITED,Active,NT,10.0,INE411Y01011,,Equity
201471,VARDHACRLC,VARDHAMAN ACRYLICS LTD,Active,NT,10.0,INE116G01013,,Equity
201480,KRISHANA,KRISHANA PHOSCHEM LIMITED,Active,NS,2.0,INE506W01020,,Equity
201552,ANTGRAPHIC,ANTARCTICA LTD,Active,NS,1.0,INE414B01021,,Equity
201657,PANSARI,PANSARI DEVELOPERS LTD,Active,NS,10.0,INE697V01011,,Equity
201673,UNIINFO,UNIINFO TELECOM SERVI LTD,Active,NS,10.0,INE481Z01011,,Equity
201684,NBIFIN,N.B.I. IND. FIN. CO. LTD,Active,NS,5.0,INE365I01020,,Equity
201686,PAR,PAR DRUGS AND CHEM LTD,Active,NS,10.0,INE04LG01015,,Equity
201698,PERFECT,PERFECT INFRAENGINEER LTD,Active,NT,10.0,INE925S01012,,Equity
201707,ALCODIS,ALCOKRAFT DISTILLERIE LTD,Active,NS,10.0,INE448V01019,,Equity
201720,EIFFL,EURO (I) FRESH FOODS LTD,Active,NT,10.0,INE546V01010,,Equity
201806,SHUBHLAXMI,SHUBHLAXMI JEWEL ART LTD,Active,NS,10.0,INE01Z401013,,Equity
201890,BSE,BSE LIMITED,Active,NS,2.0,INE118H01025,,Equity
202065,AHLADA,AHLADA ENGINEERS LIMITED,Active,NS,10.0,INE00PV01013,,Equity
202099,UNIVASTU,UNIVASTU INDIA LIMITED,Active,NT,10.0,INE562X01013,,Equity
202144,DRSDILIP,DRS DILIP ROADLINES LTD.,Active,NS,10.0,INE02CV01017,,Equity
202216,KHFM,KHFM HOS FAC MANA SER LTD,Active,NS,10.0,INE00UG01014,,Equity
202249,DPSCLTD,DPSC LIMITED,Active,NT,1.0,INE360C01024,,Equity
202286,PROLIFE,PROLIFE INDUSTRIES LTD,Active,NS,10.0,INE994V01012,,Equity
202362,LAGNAM,LAGNAM SPINTEX LIMITED,Active,NS,10.0,INE548Z01017,,Equity
202383,UNITEDTEA,UNITED NILGIRI TEA LTD,Active,NS,10.0,INE458F01011,,Equity
202410,LAXMICOT,LAXMI COTSPIN LIMITED,Active,NS,10.0,INE801V01019,,Equity
202490,TRANSWIND,TRANSWIND INFRA LIMITED,Active,NS,10.0,INE792X01016,,Equity
202533,SUMIT,SUMIT WOODS LIMITED,Active,NS,10.0,INE748Z01013,,Equity
202708,VERA,VERA SYNTHETIC LIMITED,Active,NS,10.0,INE709Z01015,,Equity
202866,AKG,AKG EXIM LIMITED,Active,NS,10.0,INE00Y801016,,Equity
202949,AKASH,AKASH INFRA-PROJECTS LTD,Active,NS,10.0,INE737W01013,,Equity
202972,AGROPHOS,AGRO PHOS INDIA LIMITED,Active,NS,10.0,INE740V01019,,Equity
202985,HECPROJECT,HEC INFRA PROJECTS LTD,Active,NS,10.0,INE558R01013,,Equity
203016,VASA,VASA RETAIL & OVERSEA LTD,Active,NS,10.0,INE068Z01016,,Equity
203071,MDL,MARVEL DECOR LIMITED,Active,NT,10.0,INE575Z01010,,Equity
203099,BANKA,BANKA BIOLOO LIMITED,Active,NS,10.0,INE862Y01015,,Equity
203119,MACPOWER,MACPOWER CNC MACHINES LTD,Active,NS,10.0,INE155Z01011,,Equity
203139,EMKAYTOOLS,EMKAY TAP & CUT. TOOL LTD,Active,NS,10.0,INE332S01011,,Equity
203162,OMFURN,OMFURN INDIA LIMITED,Active,NS,10.0,INE338Y01016,,Equity
203203,MANAV,MANAV INFRA PROJECTS LTD,Active,NS,10.0,INE104Y01012,,Equity
203210,MMP,MMP INDUSTRIES LIMITED,Active,NS,10.0,INE511Y01018,,Equity
203282,AARON,AARON INDUSTRIES LIMITED,Active,NS,10.0,INE721Z01010,,Equity
203307,GKWLIMITED,GKW LIMITED,Active,NS,10.0,INE528A01020,,Equity
203356,KOTHARIPET,KOTHARI PETROCHEM LTD,Active,NS,10.0,INE720A01015,,Equity
203377,SPCENET,SPACENET ENTERS IND LTD,Active,NS,1.0,INE970N01027,,Equity
203459,CONTI,CONTINENTAL SEED CHEM LTD,Active,NS,10.0,INE340Z01019,,Equity
203532,AIROLAM,AIRO LAM LIMITED,Active,NS,10.0,INE801L01010,,Equity
203559,CONSOFINVT,CONSO. FIN. & HOLD. LTD.,Active,NT,10.0,INE025A01027,,Equity
203569,MBAPL,MADHYA BHARAT AGRO P. LTD,Active,NS,2.0,INE900L01028,,Equity
203634,TOTAL,TOTAL TRANSPORT SYS LTD,Active,NS,10.0,INE336X01012,,Equity
203667,JAIPURKURT,NANDANI CREATION LIMITED,Active,NS,10.0,INE696V01013,,Equity
203739,BETA,BETA DRUGS LIMITED,Active,NS,10.0,INE351Y01019,,Equity
203793,TIRUPATI,SHREE TIRUPATI BALAJEE,Active,NS,10.0,INE238Y01018,,Equity
203799,NITIRAJ,NITIRAJ ENGINEERS LTD,Active,NS,10.0,INE439T01012,,Equity
203811,ZOTA,ZOTA HEALTH CARE LIMITED,Active,NS,10.0,INE358U01012,,Equity
203887,KOTARISUG,KOTHARI SUG & CHEM LTD.,Active,NS,10.0,INE419A01022,,Equity
204000,PRITI,PRITI INTERNATIONAL LTD,Active,NT,10.0,INE974Z01015,,Equity
204026,GRETEX,GRETEX INDUSTRIES LTD.,Active,NS,10.0,INE985P01012,,Equity
204170,SAGARDEEP,SAGARDEEP ALLOYS LIMITED,Active,NS,10.0,INE976T01013,,Equity
204207,GIRIRAJ,GIRIRAJ CIVIL DEVP LTD,Active,NS,10.0,INE614Z01017,,Equity
204263,JOCIL,JOCIL LIMITED,Active,NT,10.0,INE839G01010,,Equity
204326,NDGL,NAGA DHUNSERI GROUP LTD,Active,NS,10.0,INE756C01015,,Equity
204337,SHAIVAL,SHAIVAL REALITY LIMITED,Active,NT,10.0,INE262S01010,,Equity
204347,GROBTEA,THE GROB TEA COMPANY LTD,Active,NS,10.0,INE646C01018,,Equity
204419,STEELCITY,STEEL CITY SECURITIES LTD,Active,NS,10.0,INE395H01011,,Equity
204471,GTECJAINX,G-TEC JAINX EDUCATION LTD,Active,NT,10.0,INE586X01012,,Equity
204505,KALYANI$,KALYANI COMMERCIALS LTD,Active,NT,10.0,INE610E01010,,Equity
204669,MITCON,MITCON CON & ENG SER LTD,Active,NT,10.0,INE828O01033,,Equity
204730,GICL,GLOBE INTL CARRIERS LTD,Active,NS,5.0,INE947T01022,,Equity
204739,ASPINWALL,ASPINWALL & CO LTD,Active,NS,10.0,INE991I01015,,Equity
204759,PKTEA,THE P K TEA PROD CO LTD,Active,NS,10.0,INE431F01018,,Equity
204968,THEJO,THEJO ENGINEERING LIMITED,Active,NS,10.0,INE121N01019,,Equity
204994,LFIC,LAKSHMI FIN IND CORP LTD,Active,NS,10.0,INE850E01012,,Equity
205116,WIPL,THE WESTERN INDIA PLY LTD,Active,NS,10.0,INE215F01023,,Equity
205181,SILLYMONKS,SILLY MONKS ENTERTAIN LTD,Active,NS,10.0,INE203Y01012,,Equity
205222,SANGINITA,SANGINITA CHEMICALS LTD,Active,NT,10.0,INE753W01010,,Equity
205279,AVSL,AVSL INDUSTRIES LIMITED,Active,NT,10.0,INE522V01011,,Equity
205337,PARIN,PARIN ENTERPRISES LIMITED,Active,NS,10.0,INE00U801010,,Equity
205354,ACEINTEG,ACE INTEGRATED SOLU. LTD.,Active,NS,10.0,INE543V01017,,Equity
205355,MAHESHWARI,MAHESHWARI LOGISTICS LTD.,Active,NT,10.0,INE263W01010,,Equity
205428,ARVEE,ARVEE LABORATORIES I LTD,Active,NS,10.0,INE006Z01016,,Equity
205469,LIBAS,LIBAS CONSU PRODUCTS LTD,Active,NS,10.0,INE908V01012,,Equity
205578,MHHL,MOHINI HEALTH&HYGIENE LTD,Active,NS,10.0,INE450S01011,,Equity
205597,REPL,RUDRABHISHEK ENTERP LTD,Active,NT,10.0,INE364Z01019,,Equity
205638,KKVAPOW,KKV AGRO POWERS LTD.,Active,NS,10.0,INE239T01016,,Equity
205653,MINDPOOL,MINDPOOL TECHNOLOGIES LTD,Active,NS,10.0,INE00RQ01019,,Equity
205751,SIKKO,SIKKO INDUSTRIES LIMITED,Active,NT,1.0,INE112X01025,,Equity
205786,JAKHARIA,JAKHARIA FABRIC LIMITED,Active,NT,10.0,INE00N401018,,Equity
205873,SILGO,SILGO RETAIL LIMITED,Active,NS,10.0,INE01II01013,,Equity
205935,APOLSINHOT,APOLLO SINDOORI HOTEL LTD,Active,NS,5.0,INE451F01024,,Equity
205936,PRECOT,PRECOT LIMITED,Active,NS,10.0,INE283A01014,,Equity
205945,ARTNIRMAN,ART NIRMAN LIMITED,Active,NS,10.0,INE738V01013,,Equity
206022,NRVANDANA,N R VANDANA TEX IND LTD,Active,NT,10.0,INE104101014,,Equity
206059,FELIX,FELIX INDUSTRIES LTD.,Active,NS,10.0,INE901X01013,,Equity
206071,CADSYS,CADSYS (INDIA) LIMITED,Active,NT,10.0,INE090Y01013,,Equity
206083,MASKINVEST,MASK INVESTMENTS LIMITED,Active,NS,10.0,INE885F01015,,Equity
206119,PANACHE,PANACHE DIGILIFE LIMITED,Active,NT,10.0,INE895W01019,,Equity
206158,SHANTI,SHANTI OVERSEAS INDIA LTD,Active,NS,10.0,INE933X01016,,Equity
206183,ACCORD,ACCORD SYNERGY LIMITED,Active,NT,10.0,INE113X01015,,Equity
206195,AVATAR,AVATAR INDUSTRIES LIMITED,Active,NT,10.0,INE617I01024,,Equity
206238,LEXUS,LEXUS GRANITO (INDIA) LTD,Active,NS,10.0,INE500X01013,,Equity
206241,AHIMSA,AHIMSA INDUSTRIES LTD.,Active,NT,10.0,INE136T01014,,Equity
206521,SHIVAUM,SHIV AUM STEELS LIMITED,Active,NS,10.0,INE719F01016,,Equity
206531,GOLDKART,GOLDKART JEWELS LIMITED,Active,NS,10.0,INE06MH01016,,Equity
206558,ASCOM,ASCOM LEASIN & INVEST LTD,Active,NS,10.0,INE08KD01015,,Equity
206778,LGHL,LAXMI GOLDORNA HOUSE LTD,Active,NS,10.0,INE258Y01016,,Equity
207416,SHRENIK,SHRENIK LIMITED,Active,NT,1.0,INE632X01030,,Equity
207697,MARINE,MARINE ELECTRICAL (I) LTD,Active,NS,2.0,INE01JE01028,,Equity
207734,PARTYCRUS,PARTY CRUISERS LIMITED,Active,NS,10.0,INE06ZX01015,,Equity
207819,SIDDHIKA,SIDDHIKA COATINGS LIMITED,Active,NS,10.0,INE0A1E01018,,Equity
207825,VMARCIND,V MARC INDIA LIMITED,Active,NS,10.0,INE0GXK01018,,Equity
208056,AILIMITED,ABHISHEK INTEGRATIONS LTD,Active,NS,10.0,INE0CAJ01017,,Equity
208105,WALPAR,WALPAR NUTRITIONS LIMITED,Active,NS,10.0,INE0G2G01015,,Equity
208106,MOKSH,MOKSH ORNAMENTS LIMITED,Active,NS,2.0,INE514Y01020,,Equity
208134,GLOBE,GLOBE ENTERPRISE (I) LTD,Active,NS,2.0,INE581X01021,,Equity
208145,REXPIPES,REX PIPES AND CABLES LTD,Active,NS,10.0,INE00D001018,,Equity
208186,ABMINTLLTD,ABM INTERNATIONAL LTD,Active,NT,10.0,INE251C01025,,Equity
208199,GANGAFORGE,GANGA FORGING LIMITED,Active,NS,1.0,INE691Z01023,,Equity
208204,BEWLTD,BEW ENGINEERING LIMITED,Active,NS,10.0,INE0HQI01014,,Equity
208232,QUADPRO,QUADPRO ITES LIMITED,Active,NS,2.0,INE0GOJ01027,,Equity
208299,JAINAM,JAINAM FER ALLOYS (I) LTD,Active,NS,10.0,INE02KC01010,,Equity
208300,TIRUPATIFL,TIRUPATI FORGE LIMITED,Active,NT,2.0,INE319Y01024,,Equity
208301,BMETRICS,BOMBAY METRICS S C LTD,Active,NS,10.0,INE0I3Y01014,,Equity
208302,DYNAMIC,DYNAMIC SRVCS & SEC LTD,Active,NT,10.0,INE0DZ701010,,Equity
208303,DESTINY,DESTINY LOGISTICS & I LTD,Active,NS,10.0,INE0IGO01011,,Equity
208318,DKEGL,D K ENTERPRISES GLOBAL L,Active,NS,10.0,INE0GN101014,,Equity
208362,NIDAN,NIDAN LABS AND HEALTH LTD,Active,NS,10.0,INE0J6L01013,,Equity
208419,FOCE,FOCE INDIA LIMITED,Active,NS,10.0,INE0I7D01019,,Equity
208433,VIVO,VIVO COLLAB SOLUTIONS LTD,Active,NT,10.0,INE0IA701014,,Equity
208475,TIMESCAN,TIMESCAN LOGISTICS IND L,Active,NS,10.0,INE0IJY01014,,Equity
208528,PRECISION,PRECISION METALIKS LTD,Active,NT,10.0,INE0HKW01018,,Equity
208537,AAKASH,AAKASH EXPLORATION SER L,Active,NS,1.0,INE087Z01024,,Equity
208561,RICHA,RICHA INFO SYSTEMS LTD,Active,NT,10.0,INE0J1P01015,,Equity
208578,MADHAVBAUG,VAIDYA SANE AYUR LAB LTD,Active,NT,10.0,INE0JR301013,,Equity
208611,SHIGAN,SHIGAN QUANTUM TECH LTD,Active,NS,10.0,INE03KJ01013,,Equity
208626,SPRL,SP REFRACTORIES LIMITED,Active,NS,10.0,INE0JW501011,,Equity
208628,COOLCAPS,COOL CAPS INDUSTRIES LTD,Active,NT,2.0,INE0HS001028,,Equity
208662,KNAGRI,KN AGRI RESOURCES LIMITED,Active,NS,10.0,INE0KNW01016,,Equity
208730,PROPEQUITY,P. E. ANALYTICS LIMITED,Active,NS,10.0,INE0KN801013,,Equity
208731,KRISHNADEF,KRISHNA DEF AND ALD IND L,Active,NS,10.0,INE0J5601015,,Equity
208757,LEMERITE,LE MERITE EXPORTS LIMITED,Active,NS,2.0,INE0G1L01025,,Equity
208763,SONUINFRA,SONU INFRATECH LIMITED,Active,NT,10.0,INE0JZA01018,,Equity
208776,GSTL$,GLOBESECURE TECHNO LTD,Active,NS,10.0,INE00WS01056,,Equity
208791,RILINFRA,RACHANA INFRA LTD,Active,NS,10.0,INE02OY01016,,Equity
208792,FIDEL,FIDEL SOFTECH LIMITED,Active,NS,10.0,INE0LQQ01019,,Equity
208924,DUGLOBAL,DUDIGITAL GLOBAL LIMITED,Active,NS,2.0,INE0HPK01020,,Equity
208938,SKP$,SKP BEARING INDUSTRI. LTD,Active,NS,10.0,INE0KZA01016,,Equity
208980,AGNI,AGNI GREEN POWER LTD,Active,NS,10.0,INE0LF301013,,Equity
209006,USASEEDS,UPSURGE SEEDS OF AGRI LTD,Active,NS,10.0,INE0CBM01019,,Equity
209046,VEEKAYEM,VEEKAYEM FASH & APP LTD,Active,NS,10.0,INE0KTW01013,,Equity
209061,KRITIKA,KRITIKA WIRES LIMITED,Active,NS,2.0,INE00Z501029,,Equity
209079,DANGEE,DANGEE DUMS LIMITED,Active,NS,1.0,INE688Y01022,,Equity
209084,KORE,JAY JALARAM TECHNO LTD,Active,NS,10.0,INE0J6801010,,Equity
209085,AMEYA,AMEYA PRECISION ENG LTD,Active,NS,10.0,INE0KT901015,,Equity
209086,JFLLIFE,JFL LIFE SCIENCES LIMITED,Active,NS,10.0,INE0LA901015,,Equity
209109,VIVIANA,VIVIANA POWER TECH LTD,Active,NT,10.0,INE0MEG01014,,Equity
209110,MEGAFLEX,MEGA FLEX PLASTICS LTD,Active,NS,10.0,INE0G1D01014,,Equity
209113,SABAR,SABAR FLEX INDIA LIMITED,Active,NS,10.0,INE0DZ101013,,Equity
209115,TAPIFRUIT,TAPI FRUIT PROCESSING LTD,Active,NS,10.0,INE0M7001010,,Equity
209126,ANNAPURNA,ANNAPURNA SWADISHT LTD,Active,NS,10.0,INE0MGM01017,,Equity
209129,MAKS,MAKS ENERGY SOL INDIA LTD,Active,NS,10.0,INE0CDK01019,,Equity
209130,KANDARP,KANDARP DG SMART BPO LTD,Active,NS,10.0,INE0MOT01016,,Equity
209169,AJOONI,AJOONI BIOTECH LIMITED,Active,NS,2.0,INE820Y01021,,Equity
209170,CMRSL,CYBER MEDIA RES & SER LTD,Active,NS,10.0,INE075Z01011,,Equity
209171,LLOYDS,LLOYDS LUXURIES LIMITED,Active,NS,10.0,INE0DTQ01028,,Equity
209172,QMSMEDI,QMS MEDICAL ALLIED S LTD,Active,NT,10.0,INE0FMW01018,,Equity
209173,SWASTIK,SWASTIK PIPE LIMITED,Active,NT,10.0,INE0DGC01025,,Equity
209190,PHANTOMFX,PHANTOM DIGITAL EFF LTD,Active,NS,10.0,INE0MLZ01019,,Equity
209192,KSHITIJPOL,KSHITIJ POLYLINE LIMITED,Active,NS,2.0,INE013801027,,Equity
209193,BOHRAIND,BOHRA INDUSTRIES LIMITED,Active,NS,10.0,INE802W01023,,Equity
209236,IPSL,INTEGRATED PERSO SER LTD,Active,NS,10.0,INE02EE01019,,Equity
209237,RITEZONE,RITE ZONE CHEMCON IND LTD,Active,NS,10.0,INE0MRA01019,,Equity
209238,VITAL,VITAL CHEMTECH LIMITED,Active,NT,10.0,INE0L4K01016,,Equity
209239,AMIABLE,AMIABLE LOGISTICS (I) LTD,Active,NS,10.0,INE0MTP01013,,Equity
209275,RAJMET,RAJNANDINI METAL LIMITED,Active,NS,1.0,INE00KV01022,,Equity
209291,BAHETI,BAHETI RECYCLING IND LTD,Active,NS,10.0,INE029Q01017,,Equity
209299,ARHAM,ARHAM TECHNOLOGIES LTD,Active,NS,10.0,INE0L2Y01011,,Equity
209328,ALLETEC,ALL E TECHNOLOGIES LTD,Active,NT,10.0,INE0M2X01012,,Equity
209344,DOLLEX,DOLLEX AGROTECH LIMITED,Active,NS,10.0,INE0JHH01011,,Equity
209345,UMA,UMA CONVERTER LIMITED,Active,NS,10.0,INE067901012,,Equity
209347,ARIHANTACA,ARIHANT ACADEMY LIMITED,Active,NS,10.0,INE0NCC01015,,Equity
209353,MOXSH,MOXSH OVERSEAS EDUCON LTD,Active,NS,10.0,INE0N6D01014,,Equity
209367,HOMESFY,HOMESFY REALTY LIMITED,Active,NS,10.0,INE0N7F01017,,Equity
209368,RBMINFRA,RBM INFRACON LIMITED,Active,NS,10.0,INE0NA301016,,Equity
209379,ANLON,ANLON TECHNOLOGY SOL LTD,Active,NS,10.0,INE0LR101013,,Equity
209390,CMNL,CHAMAN METALLICS LIMITED,Active,NS,10.0,INE06PV01010,,Equity
209397,DUCOL,DUCOL ORGS AND COLOURS LT,Active,NS,10.0,INE0LZO01015,,Equity
209403,GOLDSTAR,GOLDSTAR POWER LIMITED,Active,NS,1.0,INE405Y01021,,Equity
209405,GVPTECH,GVP INFOTECH LIMITED,Active,NS,2.0,INE382T01030,,Equity
209425,ARISTO,ARISTO BIO T AND LIFESC L,Active,NS,10.0,INE082101010,,Equity
209456,GRCL,GAYATRI RUBB AND CHEM LTD,Active,NS,10.0,INE0LVM01018,,Equity
209471,LATTEYS,LATTEYS INDUSTRIES LTD,Active,NS,2.0,INE262Z01023,,Equity
209472,VCL,VAXTEX COTFAB LIMITED,Active,NT,1.0,INE098201036,,Equity
209484,SHERA,SHERA ENERGY LIMITED,Active,NS,10.0,INE0MM001019,,Equity
209492,LRRPL,LEAD REC AND RUB PROD LTD,Active,NS,10.0,INE0H4B01011,,Equity
209495,AGARWALFT,AGARWAL FLOAT GLASS I LTD,Active,NS,10.0,INE0MLA01012,,Equity
209508,VIAZ,VIAZ TYRES LIMITED,Active,NS,10.0,INE0MO401019,,Equity
209532,SRIVASAVI,SRIVASAVI ADHESIVE TAPE L,Active,NT,10.0,INE0NPI01014,,Equity
209547,OSIAHYPER,OSIA HYPER RETAIL LIMITED,Active,NT,1.0,INE06IR01021,,Equity
209553,VERTEXPLUS,VERTEXPLUS TECHNOLOGIES L,Active,NS,10.0,INE0NLB01018,,Equity
209554,SYSTANGO,SYSTANGO TECHNOLOGIES LTD,Active,NS,10.0,INE0O7R01011,,Equity
209598,MCON,MCON RASAYAN INDIA LTD,Active,NS,10.0,INE0O4M01019,,Equity
209600,VELS,VELS FILM INTERNATIONAL L,Active,NT,10.0,INE0I3H01019,,Equity
209601,QFIL,QUALITY FOILS (INDIA) LTD,Active,NS,10.0,INE0O1M01015,,Equity
209622,NIRMAN,NIRMAN AGRI GENTICS LTD,Active,NS,10.0,INE0OK701014,,Equity
209842,SOTAC,SOTAC PHARMACEUTICALS LTD,Active,NS,10.0,INE0O2D01012,,Equity
210290,INFINIUM,INFINIUM PHARMACHEM LTD,Active,NS,10.0,INE0MRE01011,,Equity
210293,MOS,MOS UTILITY LIMITED,Active,NT,2.0,INE0N7S01028,,Equity
210300,PATTECH,PATTECH FITWELL TUB COM L,Active,NS,10.0,INE0NZW01014,,Equity
210301,AGUL,A G UNIVERSAL LIMITED,Active,NS,10.0,INE0O6N01012,,Equity
210308,QUICKTOUCH,QUICKTOUCH TECHNOLOGIES L,Active,NS,10.0,INE0K4D01020,,Equity
210309,SECL,SALASAR EXTERIOR CONT LTD,Active,NT,1.0,INE00Y701026,,Equity
210323,DENEERS,DE NEERS TOOLS LIMITED,Active,NS,10.0,INE0JWV01011,,Equity
210338,AUROIMPEX,AURO IMPEX & CHEMICALS L,Active,NS,10.0,INE0NUL01018,,Equity
210351,KRISHCA,KRISHCA STRAPPING SLTN L,Active,NS,10.0,INE0NR701018,,Equity
210352,REMUS,REMUS PHARMACEUTICALS L,Active,NS,10.0,INE0O5T01011,,Equity
210374,DENTALKART,VASA DENTICITY LIMITED,Active,NS,10.0,INE0N5801013,,Equity
210375,CRAYONS,CRAYONS ADVERTISING LTD,Active,NS,10.0,INE0OFK01019,,Equity
210378,PROV,PROVENTUS AGROCOM LIMITED,Active,NS,10.0,INE0ONE01016,,Equity
210380,INFOLLION,INFOLLION RESEARCH SER L,Active,NS,10.0,INE0NNZ01013,,Equity
210398,SAHANA,SAHANA SYSTEM LIMITED,Active,NS,10.0,INE0LEX01011,,Equity
210403,KDL,KORE DIGITAL LIMITED,Active,NS,10.0,INE0O4R01018,,Equity
210426,URBAN,URBAN ENVIRO WASTE MGMT L,Active,NS,10.0,INE0O0201019,,Equity
210427,SPECTSTM,SPECTRUM TALENT MGMT LTD,Active,NS,10.0,INE0OL001018,,Equity
210434,CELLPOINT,CELL POINT (INDIA) LTD,Active,NS,10.0,INE0O0001013,,Equity
210435,VILINBIO,VILIN BIO MED LIMITED,Active,NS,10.0,INE0L4V01013,,Equity
210436,AATMAJ,AATMAJ HEALTHCARE LIMITED,Active,NS,5.0,INE0OB201016,,Equity
210454,ESFL,ESSEN SPECIALITY FILMS L,Active,NS,10.0,INE0ITO01014,,Equity
210455,MAGSON,MAGSON RETAIL AND DIST L,Active,NS,10.0,INE0O1S01012,,Equity
210456,GREENCHEF,GREENCHEF APPLIANCES LTD,Active,NS,10.0,INE0O7P01015,,Equity
210473,PENTAGON,PENTAGON RUBBER LIMITED,Active,NS,10.0,INE0ORS01017,,Equity
210474,GLOBALPET,GLOBAL PET INDUSTRIES LTD,Active,NT,10.0,INE0PS501019,,Equity
210476,SYNOPTICS,SYNOPTICS TECHNOLOGIES L,Active,NT,10.0,INE0BTR01012,,Equity
210477,TRIDHYA,TRIDHYA TECH LIMITED,Active,NT,10.0,INE0LWY01029,,Equity
210495,DRONE,DRONE DESTINATION LIMITED,Active,NS,10.0,INE0P7201019,,Equity
210498,SERVICE,SERVICE CARE LIMITED,Active,NS,10.0,INE0P1Q01015,,Equity
210510,SERVOTECH,SERVOTECH REN POW SYS LTD,Active,NS,1.0,INE782X01033,,Equity
210517,YCCL,YASONS CHEMEX CARE LTD,Active,NS,10.0,INE08S201019,,Equity
210530,SHRITECH,SHRI TECHTEX LIMITED,Active,NS,10.0,INE0OMF01015,,Equity
210532,ZEAL$,ZEAL GLOBAL SERVICES LTD,Active,NS,10.0,INE0PPS01018,,Equity
210539,IRISDOREME,IRIS CLOTHINGS LIMITED,Active,NS,2.0,INE01GN01025,,Equity
210540,VINSYS,VINSYS IT SERVICES IND LT,Active,NT,10.0,INE0OSJ01014,,Equity
210541,ORIANA,ORIANA POWER LIMITED,Active,NS,10.0,INE0OUT01019,,Equity
210544,YUDIZ,YUDIZ SOLUTIONS LIMITED,Active,NS,10.0,INE09FA01019,,Equity
210545,SANGANI,SANGANI HOSPITALS LIMITED,Active,NS,10.0,INE0OVI01010,,Equity
210546,OSWALSEEDS,SHREEOSWAL S AND CHE LTD,Active,NS,2.0,INE00IK01029,,Equity
210547,SSFL,SRIVARI SPICES N FOODS L,Active,NT,10.0,INE0ON201012,,Equity
210567,CLSL,CROP LIFE SCIENCE LIMITED,Active,NT,10.0,INE00NH01017,,Equity
210569,SEL$,SUNGARNER ENERGIES LTD,Active,NS,10.0,INE0O3O01017,,Equity
210583,MONOPHARMA,MONO PHARMACARE LIMITED,Active,NS,10.0,INE0OIP01012,,Equity
210584,CPS,C P S SHAPERS LIMITED,Active,NS,10.0,INE0QBU01012,,Equity
210598,BASILIC,BASILIC FLY STUDIO LTD,Active,NS,10.0,INE0OCC01013,,Equity
210599,PRAMARA,PRAMARA PROMOTIONS LTD,Active,NS,10.0,INE0O7A01017,,Equity
210600,SAROJA,SAROJA PHARMA INDUS IND L,Active,NS,10.0,INE0PCL01011,,Equity
210615,JIWANRAM,JIWANRAM SHEODUTTRA IND L,Active,NS,10.0,INE0N5H01017,,Equity
210616,UNIHEALTH,UNIHEALTH HOSPITALS LTD,Active,NS,10.0,INE0PRF01011,,Equity
210619,HOLMARC,HOLMARC OPTO MECHATRO L,Active,NS,10.0,INE0LXA01019,,Equity
210620,CHAVDA,CHAVDA INFRA LIMITED,Active,NS,10.0,INE0PT101017,,Equity
210632,VISDEM,VISDEM TECHNOSYS LIMITED,Active,NS,10.0,INE0OWX01025,,Equity
210633,MADHUSUDAN,MADHUSUDAN MASALA LIMITED,Active,NT,10.0,INE0P6701019,,Equity
210634,KODYTECH,KODY TECHNOLAB LIMITED,Active,NT,10.0,INE0Q7P01013,,Equity
210637,HIGREEN,HI GREEN CARBON LIMITED,Active,NS,10.0,INE0PIC01017,,Equity
210638,MARCO,MARCO CABLE & CONDUCTOR L,Active,NS,10.0,INE0QP001012,,Equity
210657,MASTER,MASTER COMPONENTS LIMITED,Active,NS,10.0,INE0OJM01017,,Equity
210658,SAAKSHI,SAAKSHI MEDTEC N PANELS L,Active,NT,10.0,INE0PSK01027,,Equity
210659,MAL$,MANGALAM ALLOYS LIMITED,Active,NS,10.0,INE00C401011,,Equity
210660,DIGIKORE,DIGIKORE STUDIOS LIMITED,Active,NS,10.0,INE0QJ901011,,Equity
210662,INSPIRE,INSPIRE FILMS LIMITED,Active,NS,10.0,INE0NDX01019,,Equity
210684,VINYAS,VINYAS INNOVATIVE TECH L,Active,NS,10.0,INE0OLS01010,,Equity
210685,FOCUS$,FOCUS LIGHTG & FIXTRS LTD,Active,NT,2.0,INE593W01028,,Equity
210687,ARABIAN,ARABIAN PETROLEUM LIMITED,Active,NS,10.0,INE08NJ01024,,Equity
210688,EFACTOR,E FACTOR EXPERIENCES LTD,Active,NS,10.0,INE0KFF01017,,Equity
210690,KONTOR,KONTOR SPACE LIMITED,Active,NS,10.0,INE0KZ301010,,Equity
210691,VISHNUINFR,VISHNUSURYA PROJ N INFR L,Active,NS,10.0,INE0PQ001012,,Equity
210693,OLIL,ONECLICK LOGISTICS IND L,Active,NS,10.0,INE0OPS01011,,Equity
210694,GOYALSALT,GOYAL SALT LIMITED,Active,NS,10.0,INE0QFE01017,,Equity
210695,CANARYS,CANARYS AUTOMATIONS LTD,Active,NS,2.0,INE0QG301017,,Equity
210697,KARNIKA,KARNIKA INDUSTRIES LTD,Active,NS,10.0,INE0MGA01012,,Equity
210698,SCML,SHARP CHUCKS N MACHINES L,Active,NS,10.0,INE460Q01014,,Equity
210708,PLADAINFO,PLADA INFOTECH SERVICES L,Active,NS,10.0,INE0PXD01014,,Equity
210710,COMMITTED,COMMITTED CARGO CARE LTD,Active,NS,10.0,INE597Z01014,,Equity
210728,GEEKAYWIRE,GEEKAY WIRES LIMITED,Active,NS,1.0,INE669X01032,,Equity
210730,ARVINDPORT,ARVIND PORT AND INFRA LTD,Active,NS,10.0,INE0P4T01013,,Equity
210746,WOMANCART,WOMANCART LIMITED,Active,NS,10.0,INE0Q9601016,,Equity
210748,RCDL,RAJGOR CASTOR DERIVATI L,Active,NS,10.0,INE0BZQ01011,,Equity
210749,ONDOOR,ON DOOR CONCEPTS LIMITED,Active,NS,10.0,INE00ER01015,,Equity
210750,MITTAL,MITTAL LIFE STYLE LIMITED,Active,NS,1.0,INE997Y01027,,Equity
210774,PARAGON,PARAGON FINE S.C. LTD.,Active,NS,10.0,INE0N4G01012,,Equity
210775,SHANTHALA,SHANTHALA FMCG PRODUCTS L,Active,NS,10.0,INE0Q9Q01017,,Equity
210786,TRANSTEEL,TRANSTEEL SEATING TECH L,Active,NS,10.0,INE0NVI01020,,Equity
210787,MAITREYA,MAITREYA MEDICARE LIMITED,Active,NS,10.0,INE0PLQ01011,,Equity
210788,SARTELE,SAR TELEVENTURE LIMITED,Active,NS,2.0,INE0PUC01020,,Equity
210803,MICROPRO,MICROPRO SOFTWARE SOL L,Active,NS,10.0,INE0PZK01014,,Equity
210804,HINDCON,HINDCON CHEMICALS LIMITED,Active,NS,2.0,INE642Y01029,,Equity
210809,BABAFP,BABA FOOD PROCESSING,Active,NS,10.0,INE0QW501012,,Equity
210810,ROXHITECH,ROX HI TECH LIMITED,Active,NS,10.0,INE0PDJ01013,,Equity
210820,SUNREST,SUNREST LIFESCIENCE LTD,Active,NS,10.0,INE0PLZ01012,,Equity
210839,ROCKINGDCE,ROCKINGDEALS CIRCU ECO L,Active,NS,10.0,INE0PTR01012,,Equity
210873,MARINETRAN,MARINETRANS INDIA LIMITED,Active,NT,10.0,INE0P1P01017,,Equity
210874,CBAZAAR,NET AVENUE TECHNOLOGIES L,Active,NT,1.0,INE518X01015,,Equity
210875,SHEETAL,SHEETAL UNIVERSAL LIMITED,Active,NS,10.0,INE04VX01019,,Equity
210877,GRAPHISAD,GRAPHISADS LIMITED,Active,NS,10.0,INE0POU01017,,Equity
210915,ACCENTMIC,ACCENT MICROCELL LIMITED,Active,NS,10.0,INE0Q5D01013,,Equity
210916,PRESSTONIC,PRESSTONIC ENGINEERING L,Active,NS,10.0,INE0R1601012,,Equity
210923,SJLOGISTIC,S J LOGISTICS (INDIA) LTD,Active,NS,10.0,INE0F3301020,,Equity
210924,SHREEOSFM,SHREE OSFM E-MOBILITY LTD,Active,NS,10.0,INE02S501018,,Equity
210949,EFORCE,ELECTRO FORCE (INDIA) LTD,Active,NS,10.0,INE0Q1W01012,,Equity
210968,INDIFRA,INDIFRA LIMITED,Active,NS,10.0,INE0PS301014,,Equity
210969,TECHLABS,TRIDENT TECHLABS LIMITED,Active,NS,10.0,INE0QD201012,,Equity
210970,SUPREMEPWR,SUPREME POWER EQUIPMENT L,Active,NS,10.0,INE0QHG01026,,Equity
210971,SAIFL,SAMEERA AGRO AND INFRA L,Active,NS,10.0,INE0PZA01015,,Equity
210974,AKANKSHA,AKANKSHA POWER N INFRA L,Active,NS,10.0,INE0PCY01014,,Equity
210975,HRHNEXT,HRH NEXT SERVICES LIMITED,Active,NS,10.0,INE0R3501012,,Equity
210987,KCEIL,KAY CEE ENERGY & INFRA L,Active,NS,10.0,INE0RCG01017,,Equity
210988,KLL,KAUSHALYA LOGISTICS LTD,Active,NS,10.0,INE0Q2V01012,,Equity
211004,IBLFL,IBL FINANCE LIMITED,Active,NS,10.0,INE0O7401018,,Equity
211016,APS,AUSTRALIAN PREM SOLAR I L,Active,NS,10.0,INE0P0001010,,Equity
211036,MAXPOSURE,MAXPOSURE LIMITED,Active,NS,10.0,INE0ECC01022,,Equity
211046,ISHAN,ISHAN INTERNATIONAL LTD,Active,NS,1.0,INE0LCW01025,,Equity
211065,KONSTELEC,KONSTELEC ENGINEERS LTD,Active,NT,10.0,INE0QEI01011,,Equity
211066,ADDICTIVE,ADDICTIVE LEARNING TECH L,Active,NS,10.0,INE0RDH01021,,Equity
211090,DHTL,DOCMODE HEALTH TECH LTD,Active,NS,10.0,INE0OGG01015,,Equity
211091,FONEBOX,FONEBOX RETAIL LIMITED,Active,NS,10.0,INE0Q4701019,,Equity
211092,DELAPLEX,DELAPLEX LIMITED,Active,NS,10.0,INE0SK801018,,Equity
211095,MEGATHERM,MEGATHERM INDUCTION LTD,Active,NS,10.0,INE531R01010,,Equity
211096,BAWEJA,BAWEJA STUDIOS LIMITED,Active,NT,10.0,INE0JFJ01011,,Equity
211121,ITALIANE,ITALIAN EDIBLES LIMITED,Active,NS,10.0,INE0R7R01018,,Equity
211127,ALPEXSOLAR,ALPEX SOLAR LIMITED,Active,NS,10.0,INE0R4701017,,Equity
211144,POLYSIL,POLYSIL IRRIGATION SYST L,Active,NS,10.0,INE517M01028,,Equity
211146,WTICAB,WISE TRAVEL INDIA LIMITED,Active,NS,10.0,INE623Y01011,,Equity
211171,ATMASTCO,ATMASTCO LIMITED,Active,NS,10.0,INE05DH01017,,Equity
211172,INM,INTERIORS & MORE LIMITED,Active,NS,10.0,INE0OPC01015,,Equity
211173,TCL,THAAI CASTING LIMITED,Active,NS,10.0,INE0QJL01014,,Equity
211174,ESCONET,ESCONET TECHNOLOGIES LTD,Active,NS,10.0,INE0RQZ01017,,Equity
211179,ZENITHDRUG,ZENITH DRUGS LIMITED,Active,NS,10.0,INE0QWN01013,,Equity
211181,DEEM,DEEM ROLL TECH LIMITED,Active,NT,10.0,INE586O01011,,Equity
211205,SADHAV,SADHAV SHIPPING LIMITED,Active,NS,10.0,INE0K5H01010,,Equity
211218,OWAIS,OWAIS METAL & MINERAL,Active,NT,10.0,INE0R8M01017,,Equity
211225,PURVFLEXI,PURV FLEXIPACK LIMITED,Active,NS,10.0,INE0R6C01012,,Equity
211231,MVKAGRO,M.V.K. AGRO FOOD PROD LTD,Active,NS,10.0,INE0SGC01015,,Equity
211250,VR,V R INFRASPACE LIMITED,Active,NS,10.0,INE0QQM01017,,Equity
211253,SONAMAC,SONA MACHINERY LIMITED,Active,NS,10.0,INE0Q6H01012,,Equity
211257,SHREEKARNI,SHREE KARNI FABCOM LTD,Active,NS,10.0,INE0S4Y01010,,Equity
211281,PRATHAM,PRATHAM EPC PROJECTS LTD,Active,NS,10.0,INE0QA601016,,Equity
211283,SIGNORIA,SIGNORIA CREATION LIMITED,Active,NT,10.0,INE0RDE01010,,Equity
211289,AVPINFRA,AVP INFRACON LIMITED,Active,NS,10.0,INE0R9401019,,Equity
211327,ENFUSE,ENFUSE SOLUTIONS LIMITED,Active,NS,10.0,INE0S3X01014,,Equity
211460,VISHWAS,VISHWAS AGRI SEEDS LTD,Active,NT,10.0,INE0S2E01016,,Equity
211469,NAMAN,NAMAN INDUSTRE PRXIMA LTD,Active,NS,10.0,INE0RJM01010,,Equity
211473,ASPIRE,ASPIRE & INNOVATIVE ADV L,Active,NS,10.0,INE0S7801010,,Equity
211474,BLUEPEBBLE,BLUE PEBBLE LIMITED,Active,NS,10.0,INE0SAK01011,,Equity
211477,TRUST,TRUST FINTECH LIMITED,Active,NS,10.0,INE0SWN01019,,Equity
211492,TAC,TAC INFOSEC LIMITED,Active,NT,10.0,INE0SOY01013,,Equity
211494,K2INFRA,K2 INFRAGEN LIMITED,Active,NT,10.0,INE0DEZ01013,,Equity
211495,YASHOPTICS,YASH OPTICS & LENS LTD,Active,NS,10.0,INE0TO601017,,Equity
211498,CGRAPHICS,CREATIVE GRAPHICS S IND L,Active,NS,10.0,INE0R7401011,,Equity
211499,ALUWIND,ALUWIND INFRA-TECH LTD,Active,NS,10.0,INE0STM01017,,Equity
211501,DRSCARGO,DRS CARGO MOVERS LIMITED,Active,NS,10.0,INE0QZM01018,,Equity
211508,TGL,TEERTH GOPICON LIMITED,Active,NT,10.0,INE0K6601012,,Equity
211509,DCG,DCG CABLES & WIRES LTD,Active,NS,10.0,INE0S8401018,,Equity
211521,BIRDYS,GRILL SPLENDOUR SER LTD,Active,NS,10.0,INE0PC901019,,Equity
211522,RBS,RAMDEVBABA SOLVENT LTD,Active,NS,10.0,INE0RJH01010,,Equity
211563,SONAMLTD,SONAM LIMITED,Active,NS,5.0,INE00LM01029,,Equity
211564,SLONE,SLONE INFOSYSTEMS LIMITED,Active,NT,10.0,INE0SMA01017,,Equity
211565,WINSOL,WINSOL ENGINEERS LIMITED,Active,NS,10.0,INE0S3D01016,,Equity
211566,REFRACTORY,REFRACTORY SHAPES LIMITED,Active,NS,10.0,INE0TNX01015,,Equity
211568,SILKFLEX,SILKFLEX POLYMERS INDIA L,Active,NS,10.0,INE0STN01015,,Equity
211571,EMMIL,ENERGY MISSION MACH IND L,Active,NS,10.0,INE0S1L01013,,Equity
211580,PRLIND,PREMIER ROADLINES LIMITED,Active,NS,10.0,INE0CFG01012,,Equity
211582,ABSMARINE,ABS MARINE SERVICES LTD,Active,NT,10.0,INE0QRV01016,,Equity
211583,MANDEEP,MANDEEP AUTO INDUSTRIES L,Active,NS,10.0,INE0R3T01013,,Equity
211584,VERITAAS,VERITAAS ADVERTISING LTD,Active,NS,10.0,INE0SRI01019,,Equity
211586,IEML,INDIAN EMULSIFIERS LTD,Active,NS,10.0,INE0RRU01016,,Equity
211589,QUESTLAB,QUEST LABORATORIES LTD,Active,NS,10.0,INE0TNW01017,,Equity
211602,RULKA,RULKA ELECTRICALS LIMITED,Active,NS,10.0,INE0R7301013,,Equity
211603,HOACFOODS,HOAC FOODS INDIA LIMITED,Active,NT,10.0,INE0S6S01017,,Equity
211608,BALAXI,BALAXI PHARMA LTD,Active,NS,2.0,INE618N01022,,Equity
211624,GSMFOILS,GSM FOILS LIMITED,Active,NS,10.0,INE0SQY01018,,Equity
211629,VILAS,VILAS TRANSCORE LIMITED,Active,NS,10.0,INE0AZY01017,,Equity
211633,BEACON,BEACON TRUSTEESHIP LTD,Active,NS,10.0,INE639X01027,,Equity
211634,ZTECH,Z-TECH (INDIA) LIMITED,Active,NS,10.0,INE0ISZ01012,,Equity
211636,AIMTRON,AIMTRON ELECTRONICS LTD,Active,NS,10.0,INE0RUV01018,,Equity
211659,TBI,TBI CORN LIMITED,Active,NS,10.0,INE0N2D01013,,Equity
211687,GPECO,GP ECO SOLUTIONS INDIA L,Active,NT,10.0,INE0S7E01015,,Equity
211692,DURLAX,DURLAX TOP SURFACE LTD,Active,NS,10.0,INE0OUW01013,,Equity
211693,FALCONTECH,FALCON TECHNOPROJ IND LTD,Active,NS,10.0,INE0PQK01013,,Equity
211694,WINNY,WINNY IMMIGRA & EDU SER L,Active,NS,10.0,INE0S9101013,,Equity
211710,MEDIORG,MEDICAMEN ORGANICS LTD,Active,NS,10.0,INE0PE401018,,Equity
211713,SYLVANPLY,SYLVAN PLYBOARD (INDIA) L,Active,NS,10.0,INE01IH01015,,Equity
211714,VISAMAN,VISAMAN GLOBAL SALES LTD,Active,NS,10.0,INE0BHK01012,,Equity
211715,MASON,MASON INFRATECH LIMITED,Active,NS,10.0,INE0SH001010,,Equity
211716,SPCL,SHIVALIC POWER CONTROL L,Active,NS,10.0,INE0T7B01010,,Equity
211721,AKIKO,AKIKO GLOBAL SERVICES L,Active,NS,10.0,INE0PMR01017,,Equity
211722,DPEL,DIVINE POWER ENERGY LTD,Active,NS,10.0,INE0SCO01019,,Equity
211725,PCCL,PETRO CARBON AND CHEMI L,Active,NS,10.0,INE998U01015,,Equity
211726,DTL,DIENSTEN TECH LIMITED,Active,NS,10.0,INE0JRD01019,,Equity
211745,NEPHROCARE,NEPHRO CARE INDIA LIMITED,Active,NS,10.0,INE0SUN01013,,Equity
211747,VERTOZ,VERTOZ LIMITED,Active,NT,10.0,INE188Y01031,,Equity
211754,DHANSA,DHANSA LABS LIMITED,Active,NS,10.0,INE0M3I01029,,Equity
211758,GGBL,GANESH GREEN BHARAT LTD,Active,NS,10.0,INE0R8C01018,,Equity
211759,EFFWA,EFFWA INFRA & RESEARCH L,Active,NT,10.0,INE0U9101019,,Equity
211764,SAHAJSOLAR,SAHAJ SOLAR LIMITED,Active,NS,10.0,INE0P4701011,,Equity
211774,SATIPOLY,SATI POLY PLAST LIMITED,Active,NT,10.0,INE0RPM01017,,Equity
211775,PRIZOR,PRIZOR VIZTECH LIMITED,Active,NT,10.0,INE0V9N01017,,Equity
211779,TUNWAL,TUNWAL E-MOTORS LIMITED,Active,NS,2.0,INE0OXV01027,,Equity
211781,BEARDSELL,BEARDSELL LIMITED,Active,NS,2.0,INE520H01022,,Equity
211784,MACOBSTECH,MACOBS TECHNOLOGIES LTD,Active,NS,10.0,INE0R0J01010,,Equity
211785,KATARIA,KATARIA INDUSTRIES LTD,Active,NS,10.0,INE0SVY01018,,Equity
211798,RNFI,RNFI SERVICES LIMITED,Active,NS,10.0,INE0SA001017,,Equity
211799,VLINFRA,V.L.INFRAPROJECTS LIMITED,Active,NS,10.0,INE0QXL01015,,Equity
211802,MIEL,MANGLAM INFRA & ENG LTD,Active,NS,10.0,INE0R3101011,,Equity
211803,CHETANA,CHETANA EDUCATION LIMITED,Active,NS,10.0,INE0U1T01012,,Equity
211804,APRAMEYA,APRAMEYA ENGINEERING LTD,Active,NS,10.0,INE0LQG01010,,Equity
211805,TROM,TROM INDUSTRIES LIMITED,Active,NS,10.0,INE0SYV01018,,Equity
211823,SATECH,S A TECH SOFTWARE INDIA L,Active,NS,10.0,INE0BSN01013,,Equity
211824,ESPRIT,ESPRIT STONES LIMITED,Active,NS,10.0,INE0SBP01018,,Equity
211831,ASHALOG,ASHAPURA LOGISTICS LTD,Active,NS,10.0,INE0LAA01017,,Equity
211832,RAJINDLTD,RAJPUTANA INDUSTRIES LTD,Active,NS,10.0,INE0PCU01012,,Equity
211833,SSEGL,SATHLOKHAR SYN E&C GLOB L,Active,NS,10.0,INE0RFP01011,,Equity
211834,BULKCORP,BULKCORP INTERNATIONAL L,Active,NS,10.0,INE0SZ301012,,Equity
211835,UTSSAV,UTSSAV CZ GOLD JEWELS LTD,Active,NT,10.0,INE06IJ01010,,Equity
211856,CELLECOR,CELLECOR GADGETS LIMITED,Active,NS,1.0,INE0OMO01025,,Equity
211857,PPSL,PICTUREPOST STUDIOS LTD,Active,NS,1.0,INE0YAL01017,,Equity
211859,KAPSTON,KAPSTON SERVICES LIMITED,Active,NS,5.0,INE542Z01028,,Equity
211871,AESTHETIK,AESTHETIK ENGINEERS LTD,Active,NS,10.0,INE0TSF01011,,Equity
211882,POSITRON,POSITRON ENERGY LIMITED,Active,NS,10.0,INE0S3H01017,,Equity
211883,SUNLITE,SUNLITE RECYCLING IND LTD,Active,NS,10.0,INE0U2N01013,,Equity
211885,BALCO,SOLVE PLASTIC PRODUCTS L,Active,NS,10.0,INE0U0201016,,Equity
211898,BRACEPORT,BRACE PORT LOGISTICS LTD,Active,NS,10.0,INE0R4Z01018,,Equity
211899,FORCAS,FORCAS STUDIO LIMITED,Active,NT,10.0,INE0U2501017,,Equity
211905,QVCEL,QVC EXPORTS LIMITED,Active,NS,10.0,INE0KZF01015,,Equity
211906,IDEALTECHO,IDEAL TECHNOPLAST IND LTD,Active,NS,10.0,INE0T9I01011,,Equity
211931,IPHL,INDIAN PHOSPHATE LIMITED,Active,NS,10.0,INE0DHF01018,,Equity
211932,JAYBEE,JAY BEE LAMINATIONS LTD,Active,NS,10.0,INE0SMY01017,,Equity
211933,VDEAL,VDEAL SYSTEM LIMITED,Active,NS,10.0,INE0U2M01015,,Equity
211936,PARAMATRIX,PARAMATRIX TECHNOLOGIES L,Active,NS,10.0,INE0S2W01018,,Equity
211937,AERON,AERON COMPOSITE LIMITED,Active,NS,10.0,INE0WL801011,,Equity
211955,BOSS,BOSS PACKAGING SOLU LTD,Active,NS,10.0,INE0QNI01012,,Equity
211957,JEYYAM,JEYYAM GLOBAL FOODS LTD,Active,NT,5.0,INE0RXB01022,,Equity
211962,NAMOEWASTE,NAMO EWASTE MANAGEMENT L,Active,NT,10.0,INE08NZ01012,,Equity
211963,MYMUDRA,MY MUDRA FINCORP LIMITED,Active,NS,10.0,INE0RVQ01016,,Equity
211971,VIESL,VISION INFRA EQUIP SOL L,Active,NS,10.0,INE0TR001017,,Equity
211974,AUSL,ADITYA ULTRA STEEL LTD,Active,NS,10.0,INE01YQ01013,,Equity
211975,GAJANAND,GAJANAND INTERNATIONAL L,Active,NS,10.0,INE0QTE01018,,Equity
211976,SHUBHSHREE,SHUBHSHREE BIOFUELS ENE L,Active,NS,10.0,INE0UL701015,,Equity
211978,SPPPOLY,SPP POLYMER LIMITED,Active,NS,10.0,INE0QR801013,,Equity
211980,RPPL,RAJSHREE POLYPACK LTD,Active,NT,5.0,INE760W01023,,Equity
211983,EXCELLENT,EXCELLENT WIRES N PACK L,Active,NT,10.0,INE0Y4801011,,Equity
212000,OSELDEVICE,OSEL DEVICES LIMITED,Active,NS,10.0,INE0RMF01018,,Equity
212001,DECCANTRAN,DECCAN TRANSCON LEASING L,Active,NS,10.0,INE0S7C01019,,Equity
212002,ENVIRO,ENVIROTECH SYSTEMS LTD,Active,NS,10.0,INE0SUH01015,,Equity
212003,PELATRO,PELATRO LIMITED,Active,NS,10.0,INE0VG601013,,Equity
212007,PSFL,PARAMOUNT SPECIALI FORG L,Active,NS,10.0,INE0Q6001012,,Equity
212013,KALANA,KALANA ISPAT LIMITED,Active,NS,10.0,INE0T0L01014,,Equity
212038,PHOGLOBAL,PHOENIX OVERSEAS LIMITED,Active,NS,10.0,INE0FPO01018,,Equity
212039,BIKEWO,BIKEWO GREEN TECH LIMITED,Active,NT,10.0,INE0SQH01013,,Equity
212040,AVIANSH,AVI ANSH TEXTILE LIMITED,Active,NS,10.0,INE0TFB01017,,Equity
212041,SDREAMS,S D RETAIL LIMITED,Active,NS,10.0,INE0X6F01017,,Equity
212045,RAPPID,RAPPID VALVES (INDIA) LTD,Active,NS,10.0,INE0MVO01012,,Equity
212046,WOL3D,WOL 3D INDIA LIMITED,Active,NT,10.0,INE0OO201011,,Equity
212052,UNILEX,UNILEX COLOURS AND CHEM L,Active,NS,10.0,INE0B2801011,,Equity
212053,TECHERA,TECHERA ENGINEER (IND) L,Active,NS,10.0,INE0JQS01019,,Equity
212054,THESL,THINKING HATS ENTER SOL L,Active,NT,10.0,INE0SHE01019,,Equity
212057,DIVYADHAN,DIVYADHAN RECYCLING IND L,Active,NT,10.0,INE0QYI01019,,Equity
212058,SAHASRA,SAHASRA ELECTRONIC SOLU L,Active,NT,10.0,INE0RBQ01018,,Equity
212059,FORGEAUTO,FORGE AUTO INTERNATION L,Active,NS,10.0,INE0YKW01013,,Equity
212075,SAJHOTELS,SAJ HOTELS LIMITED,Active,NT,10.0,INE00MT01022,,Equity
212076,HVAX,HVAX TECHNOLOGIES LIMITED,Active,NS,10.0,INE0TO501019,,Equity
212078,PARAMOUNT,PARAMOUNT DYE TEC LIMITED,Active,NS,10.0,INE0TG801013,,Equity
212107,VAISHALI,VAISHALI PHARMA LIMITED,Active,NS,2.0,INE972X01022,,Equity
212114,PRANIK,PRANIK LOGISTICS LIMITED,Active,NS,10.0,INE0VJG01014,,Equity
212126,LAKSHYA,LAKSHYA POWERTECH LIMITED,Active,NS,10.0,INE0VZS01015,,Equity
212128,FRESHARA,FRESHARA AGRO EXPORTS LTD,Active,NT,10.0,INE0SFW01015,,Equity
212132,PREMIUM,PREMIUM PLAST LIMITED,Active,NS,10.0,INE0M1F01011,,Equity
212135,OBSCP,OBSC PERFECTION LIMITED,Active,NS,10.0,INE0YHV01011,,Equity
212136,DANISH,DANISH POWER LIMITED,Active,NS,10.0,INE0YU901016,,Equity
212140,KCK,KCK INDUSTRIES LTD,Active,NT,2.0,INE0J1E01027,,Equity
212142,USHAFIN,USHA FINANCIAL SERVICES L,Active,NS,10.0,INE0LS001014,,Equity
212185,NEELAM,NEELAM LINENS & GAR (I) L,Active,NS,10.0,INE0N1401016,,Equity
212187,ONYX,ONYX BIOTEC LIMITED,Active,NT,10.0,INE0WVU01018,,Equity
212221,LAMOSAIC,LAMOSAIC INDIA LIMITED,Active,NT,10.0,INE0R0201012,,Equity
212223,ITTL,INNOVATIVE TYRE & TUBE LT,Active,NT,10.0,INE070Y01023,,Equity
212226,C2C,C2C ADVANCED SYSTEMS LTD,Active,NS,10.0,INE0U7V01015,,Equity
212227,RAJPUTANA$,RAJPUTANA BIODIESEL LTD,Active,NS,10.0,INE0VHU01019,,Equity
212230,APEXECO,APEX ECOTECH LIMITED,Active,NT,10.0,INE0T4V01015,,Equity
212231,ABHAPOWER,ABHA POWER N STEEL LTD,Active,NS,10.0,INE0UYG01015,,Equity
212234,AGARWALTUF,AGARWAL TOUGH GLASS IND L,Active,NS,10.0,INE0P8X01016,,Equity
212236,TARACHAND,TARA CHAND INFRA SOLN LTD,Active,NS,2.0,INE555Z01020,,Equity
212251,GANESHIN,GANESH INFRAWORLD LIMITED,Active,NT,5.0,INE0TVT01024,,Equity
212255,GLOBAL,GLOBAL EDUCATION LIMITED,Active,NS,2.0,INE291W01037,,Equity
212256,SHRADHA,SHRADHA REALTY LIMITED,Active,NS,2.0,INE715Y01031,,Equity
212266,ETML,EMERALD TYRE MANUF LTD,Active,NS,10.0,INE0RHD01013,,Equity
212273,DHANLAXMI,DHANLAXMI CROP SCIENCE L,Active,NS,10.0,INE0V9V01010,,Equity
212279,PURPLEUTED,PURPLE UNITED SALES LTD,Active,NT,10.0,INE0P5R01014,,Equity
212280,SFML,SUPREME FACILITY MGMT LTD,Active,NS,10.0,INE0U6N01014,,Equity
212309,IDENTICAL,IDENTICAL BRAINS STUDIO L,Active,NS,10.0,INE0TD101011,,Equity
212312,NMSTEEL,NEWMALAYALAM STEEL LTD,Active,NS,10.0,INE0TP801012,,Equity
212338,ANYA,ANYA POLYTECH & FERTI LTD,Active,NS,2.0,INE0SI601032,,Equity
212378,DELTIC,DELTA AUTOCORP LIMITED,Active,NS,10.0,INE0XRN01019,,Equity
212393,SATKARTAR,SAT KARTAR LIFE LIMITED,Active,NS,10.0,INE0NB801022,,Equity
212394,BARFLEX,BARFLEX POLYFILMS LIMITED,Active,NS,10.0,INE0QX401014,,Equity
212401,KKJEWELS,KABRA JEWELS LIMITED,Active,NS,10.0,INE0XOW01017,,Equity
212412,EMAPARTNER,EMA PARTNERS INDIA LTD,Active,NS,5.0,INE0ZOL01023,,Equity
212420,REXPRO,REXPRO ENTERPRISES LTD,Active,NS,10.0,INE113601012,,Equity
212475,ENSER,ENSER COMMUNICATIONS LTD,Active,NS,2.0,INE0R9I01021,,Equity
212480,CHAMUNDA,CHAMUNDA ELECTRICAL LTD,Active,NS,10.0,INE11HG01018,,Equity
212482,KEN,KEN ENTERPRISES LIMITED,Active,NS,10.0,INE15DO01012,,Equity
212484,READYMIX,READYMIX CONSTRU MACHI L,Active,NS,10.0,INE10QL01011,,Equity
212498,PRITIKA,PRITIKA ENG COMPO LTD,Active,NS,5.0,INE0MJQ01020,,Equity
212499,ELGNZ,ELEGANZ INTERIORS LIMITED,Active,NS,10.0,INE0R9101015,,Equity
212501,CHANDAN,CHANDAN HEALTHCARE LTD,Active,NS,10.0,INE0B2N01016,,Equity
212506,PSRAJ,P S RAJ STEELS LIMITED,Active,NT,2.0,INE0XUS01020,,Equity
212507,MAXVOLT,MAXVOLT ENERGY INDUS L,Active,NS,10.0,INE10A501018,,Equity
212508,VOLERCAR,VOLER CAR LIMITED,Active,NS,10.0,INE241X01014,,Equity
212531,ROYALARC,ROYAL ARC ELECTRODES LTD,Active,NS,10.0,INE0EO401019,,Equity
212532,TEJASCARGO,TEJAS CARGO INDIA LIMITED,Active,NS,10.0,INE17WC01013,,Equity
212541,HPTL,HP TELECOM INDIA LIMITED,Active,NS,10.0,INE0VA601019,,Equity
212610,BALAJIPHOS,BALAJI PHOSPHATES LIMITED,Active,NS,10.0,INE0PQ601019,,Equity
212706,DIVINEHIRA,DIVINE HIRA JEWELLERS LTD,Active,NT,10.0,INE0NA501011,,Equity
212731,GCHOTELS,GRAND CONTINENT HOTELS L,Active,NT,10.0,INE12E301017,,Equity
213173,ACTIVEINFR,ACTIVE INFRASTRUCTURES L,Active,NS,5.0,INE0KLO01025,,Equity
213174,RAPIDFLEET,RAPID FLEET MGT SERVICE L,Active,NS,10.0,INE0QX901013,,Equity
213182,SHRIAHIMSA,SHRI AHIMSA NATURALS LTD,Active,NT,10.0,INE0DM401012,,Equity
213242,TANKUP,TANKUP ENGINEERS LIMITED,Active,NT,10.0,INE0Z7N01017,,Equity
213268,IWARE,IWARE SUPPLYCHAIN SER LTD,Active,NT,10.0,INE1AII01014,,Equity
213270,ARUNAYA,ARUNAYA ORGANICS LIMITED,Active,NS,10.0,INE0TTG01017,,Equity
213321,VGINFOTECH,VIRTUAL GALAXY INFOTECH L,Active,NS,10.0,INE0VRH01015,,Equity
213323,INTEGRITY,INTEGRITY INFRABUILD DE L,Active,NT,10.0,INE0YSH01017,,Equity
213326,ACCPL,ACCRETION PHARMA LIMITED,Active,NT,10.0,INE0T8T01010,,Equity
213351,DCCL,DAR CREDIT & CAPITAL LTD,Active,NS,10.0,INE04Q901010,,Equity
213372,BLUEWATER,BLUE WATER LOGISTICS LTD,Active,NT,10.0,INE0X3M01010,,Equity
213373,NIKITA,NIKITA GRENTEC RECYCL LTD,Active,NS,10.0,INE0FLF01015,,Equity
213376,NEPTUNE,NEPTUNE PETROCHEMICALS L,Active,NS,10.0,INE156901014,,Equity
213406,GANGABATH,GANGA BATH FITTINGS LTD,Active,NS,10.0,INE0ZI101018,,Equity
213425,SACHEEROME,SACHEEROME LIMITED,Active,NS,10.0,INE1ARD01016,,Equity
213426,JAINIK,JAINIK POWER CABLES LTD,Active,NS,10.0,INE0XIL01012,,Equity
213434,MONOLITH,MONOLITHISCH INDIA LTD,Active,NS,10.0,INE1DV401010,,Equity
213444,PATILAUTOM,PATIL AUTOMATION LIMITED,Active,NS,10.0,INE17GV01016,,Equity
213445,SAMAY,SAMAY PROJECT SERVICES L,Active,NT,10.0,INE124101010,,Equity
213447,EEPL,EPPELTONE ENGINEERS LTD,Active,NS,10.0,INE11HF01010,,Equity
213453,INFLUX,INFLUX HEALTHTECH LIMITED,Active,NS,10.0,INE0MYZ01012,,Equity
213454,AAKAAR,AAKAAR MEDICAL TECHNO LTD,Active,NS,10.0,INE1GYP01013,,Equity
213455,MAYASHEEL,MAYASHEEL VENTURES LTD,Active,NS,10.0,INE0ZTO01018,,Equity
213456,SAFEENTP,SAFE ENTER RETAIL FIX LTD,Active,NS,5.0,INE17D601016,,Equity
213479,SHKSIL,SHRI HARE-KRI SPO IRON L,Active,NS,10.0,INE0NON01025,,Equity
213481,RTL,RAMA TELECOM LIMITED,Active,NS,10.0,INE14W901010,,Equity
213482,SUNTECH,SUNTECH INFRA SOLUTIONS L,Active,NS,10.0,INE0SGZ01016,,Equity
213486,MMEL,MOVING MEDIA ENTER LTD,Active,NS,10.0,INE0XM301010,,Equity
213487,PROFX,PRO FX TECH LIMITED,Active,NS,10.0,INE0VJT01017,,Equity
213506,CEDAAR,CEDAAR TEXTILE LIMITED,Active,NT,10.0,INE11J101017,,Equity
213507,PUSHPA,PUSHPA JEWELLERS LIMITED,Active,NS,10.0,INE154801018,,Equity
213508,SILKY,SILKY OVERSEAS LIMITED,Active,NS,10.0,INE0SN801015,,Equity
213509,ETL,EMKAY TOOLS LIMITED,Active,NS,1.0,INE0PXC01024,,Equity
213514,WHITEFORCE,HAPPY SQUARE OUTSOURC S L,Active,NS,10.0,INE0TLP01015,,Equity
213528,SMARTEN,SMARTEN POWER SYSTEMS LTD,Active,NT,10.0,INE14GK01016,,Equity
213552,SPUNWEB,SPUNWEB NONWOVEN LIMITED,Active,NS,10.0,INE19QH01010,,Equity
213570,SAVY,SAVY INFRA AND LOGI LTD,Active,NS,10.0,INE0UCN01017,,Equity
213576,TSC,TSC INDIA LIMITED,Active,NT,10.0,INE16VK01010,,Equity
213580,SELLOWRAP,SELLOWRAP INDUSTRIES LTD,Active,NS,10.0,INE0IJF01013,,Equity
213602,KAYTEX,KAYTEX FABRICS LIMITED,Active,NS,10.0,INE13ZD01013,,Equity
213611,CUDML,CASH UR DRIVE MARKETING L,Active,NT,10.0,INE0WL201014,,Equity
213612,RNPL,RENOL POLYCHEM LIMITED,Active,NS,10.0,INE0VZX01015,,Equity
213615,FLYSBS,FLYSBS AVIATION LIMITED,Active,NS,10.0,INE0VCK01011,,Equity
213636,AARADHYA,AARADHYA DISPOSAL INDUS L,Active,NS,10.0,INE124401014,,Equity
213637,BHADORA,BHADORA INDUSTRIES LTD,Active,NT,10.0,INE0ZRC01017,,Equity
213638,JYOTIGLOBL,JYOTI GLOBAL PLAST LTD,Active,NS,10.0,INE1M3T01017,,Equity
213639,PARTH,PARTH ELEC & ENG LTD,Active,NS,10.0,INE1H7V01011,,Equity
213641,CONNPLEX,CONNPLEX CINEMAS LIMITED,Active,NS,10.0,INE0EAS01014,,Equity
213642,SAWALIYA,SAWALIYA FOOD PRODUCTS L,Active,NS,10.0,INE10VS01016,,Equity
213646,AMCL,ANB METAL CAST LIMITED,Active,NS,10.0,INE0VG001016,,Equity
213647,MEDISTEP,MEDISTEP HEALTHCARE LTD,Active,NS,10.0,INE0UOY01019,,Equity
213654,MRIL,MAHENDRA REALTO & INFRA L,Active,NT,10.0,INE632Q01018,,Equity
213670,STUDIOLSD,STUDIO LSD LIMITED,Active,NS,2.0,INE17VO01028,,Equity
213677,ARCIIL,ARC INSULATION & INSU LTD,Active,NS,10.0,INE0YDV01010,,Equity
213679,ANONDITA,ANONDITA MEDICARE LIMITED,Active,NS,10.0,INE0VTV01012,,Equity
213680,CLASSICEIL,CLASSIC ELECTRODE (IND) L,Active,NS,10.0,INE0UQ601012,,Equity
213681,SHIVASHRIT,SHIVASHRIT FOODS LIMITED,Active,NS,10.0,INE1DLF01018,,Equity
213704,CURRENT,CURRENT INFRAPROJECTS LTD,Active,NS,10.0,INE1CRQ01014,,Equity
213705,SATTVAENGG,SATTVA ENGINEERING CSTN L,Active,NS,10.0,INE14DW01018,,Equity
213708,SNEHAA,SNEHAA ORGANICS LIMITED,Active,NS,10.0,INE1OIC01018,,Equity
213732,OPTIVALUE,OPTIVALUE TEK CONSULT LTD,Active,NT,10.0,INE15B101011,,Equity
213737,VIGOR,VIGOR PLAST INDIA LIMITED,Active,NT,10.0,INE1DM601016,,Equity
213752,TAURIAN,TAURIAN MPS LIMITED,Active,NS,10.0,INE0XWS01018,,Equity
213754,GML,GALAXY MEDICARE LIMITED,Active,NS,10.0,INE09A801015,,Equity
213778,TECHD,TECHD CYBERSECURITY LTD,Active,NT,10.0,INE0Y5H01014,,Equity
213787,SIDDHICOTS,SIDDHI COTSPIN LIMITED,Active,NS,10.0,INE0SVO01019,,Equity
213802,PRIMECAB,PRIME CABLE INDUSTRIES L,Active,NT,5.0,INE0CQA01020,,Equity
213805,ECOLINE,ECOLINE EXIM LIMITED,Active,NT,10.0,INE0VBS01016,,Equity
213806,MGSL,MATRIX GEO SOLUTIONS LTD,Active,NS,10.0,INE132901013,,Equity
215150,GURUNANAK,GURUNANAK AGRICULTUR IN L,Active,NS,10.0,INE1CCX01012,,Equity
215153,MPEL,MANAS POLYMER N ENERGIE L,Active,NT,10.0,INE0U4H01011,,Equity
215180,SUBAHOTELS,SUBA HOTELS LIMITED,Active,NS,10.0,INE0RYR01018,,Equity
215181,VIJAYPD,VIJAYPD CEUTICAL LIMITED,Active,NS,10.0,INE0WL901019,,Equity
215182,BAGDIGITAL,B.A.G.CONVERGENCE LIMITED,Active,NS,10.0,INE17CQ01015,,Equity
215183,MUNISH,MUNISH FORGE LIMITED,Active,NS,10.0,INE1K8Y01018,,Equity
215184,SHEEL,SHEEL BIOTECH LIMITED,Active,NT,10.0,INE0YJV01017,,Equity
215186,GREENLEAF,GREENLEAF ENVIROTECH LTD,Active,NT,10.0,INE0PLX01017,,Equity
215267,JAYESH,JAYESH LOGISTICS LIMITED,Active,NS,10.0,INE1AE401014,,Equity
215284,SHETHJI,SHREEJI GLOBAL FMCG LTD,Active,NT,10.0,INE1FL101016,,Equity
215290,FINBUD,FINBUD FINANCIAL SERV LTD,Active,NS,10.0,INE0EDU01014,,Equity
215295,CURIS,CURIS LIFESCIENCES LTD,Active,NS,10.0,INE1BZN01016,,Equity
215348,ROCKPP,ROCKINGDCE RS.5 PPD UP,Active,NS,10.0,IN90PTR01010,,Equity
215417,INVICTA,INVICTA DIAGNOSTIC LTD,Active,NS,10.0,INE0XJ501010,,Equity
215418,SPEB,SPEB ADHESIVES LIMITED,Active,NT,10.0,INE1CW901027,,Equity
215419,CSSL,CLEAR SECURED SERVICES L,Active,NS,10.0,INE1EF801010,,Equity
215421,NEOCHEM,NEOCHEM BIO SOLUTIONS LTD,Active,NT,10.0,INE21UM01018,,Equity
215422,SHRIKANHA,SHRI KANHA STAINLESS LTD,Active,NS,10.0,INE1V4601019,,Equity
215425,ENCOMPAS,ENCOMPASS DESIGN INDIA L,Active,NS,10.0,INE433T01015,,Equity
215426,FWSTC,FLYWINGS SIMULAT T C LTD,Active,NS,10.0,INE0SQZ01015,,Equity
215457,ASHWINI,ASHWINI CONTAINER MOVER L,Active,NS,10.0,INE1A6Q01010,,Equity
215458,EXIMROUTES,EXIM ROUTES LIMITED,Active,NS,5.0,INE19I001020,,Equity
215482,MARC,MARC TECHNOCRATS LIMITED,Active,NS,10.0,INE0TD401015,,Equity
215511,EPWINDIA,EPW INDIA LIMITED,Active,NT,5.0,INE1KEC01023,,Equity
215512,SHYAMDHANI,SHYAM DHANI INDUSTRIES L,Active,NT,10.0,INE1CRP01016,,Equity
215513,SOCL,SUNDREX OIL COMPANY LTD,Active,NS,10.0,INE0CTB01014,,Equity
215516,DHARARAIL,DHARA RAIL PROJECTS LTD,Active,NT,10.0,INE2HJL01019,,Equity
215521,E2ERAIL,E TO E TRANS INFRA LTD,Active,NS,10.0,INE1CEJ01017,,Equity
215572,VICTORYEV,VICTORY ELEC VEHICL INT L,Active,NT,5.0,INE0F8901022,,Equity
215615,AVANA,AVANA ELECTROSYSTEMS LTD,Active,NT,10.0,INE1KU201016,,Equity
215621,ARMOUR,ARMOUR SECURITY (INDIA) L,Active,NT,10.0,INE0TZX01019,,Equity
215641,KRMAYURVED,KRM AYURVEDA LIMITED,Active,NS,10.0,INE1MTV01019,,Equity
215693,CKKRETAIL,C K K RETAIL MART LIMITED,Active,NS,10.0,INE0SMX01019,,Equity
215715,DHARIWAL,DHARIWALCORP LIMITED,Active,NS,2.0,INE0YRN01025,,Equity
215719,BRANDMAN,BRANDMAN RETAIL LIMITED,Active,NS,10.0,INE0XUD01014,,Equity
215720,GJL,GROVER JEWELLS LIMITED,Active,NT,10.0,INE1TY801010,,Equity
215725,BIOPOL,BIOPOL CHEMICALS LIMITED,Active,NS,10.0,INE0XW001014,,Equity
215762,MARUSHIKA,MARUSHIKA TECHNOLOGY LTD,Active,NS,10.0,INE0X7G01013,,Equity
215795,MANILAM,MANILAM INDUSTRIES IND L,Active,NS,10.0,INE1ERK01013,,Equity
215828,MOBILISE,MOBILISE APP LAB LIMITED,Active,NS,10.0,INE1YNB01019,,Equity
215837,YAAP,YAAP DIGITAL LIMITED,Active,NS,10.0,INE0U0J01015,,Equity
215841,STRIDERS,STRIDERS IMPEX LIMITED,Active,NS,10.0,INE1XWN01017,,Equity
215870,ACETEC,ACETECH E-COMMERCE LTD,Active,NS,10.0,INE1J6M01010,,Equity
215881,SPCON,SRINIBAS PRADHAN CONST L,Active,NS,10.0,INE0TPJ01019,,Equity
216132,VIVIDEL,VIVID ELECTROMECH LIMITED,Active,NS,10.0,INE24H301028,,Equity
216223,ADISOFT,ADISOFT TECHNOLOGIES LTD,Active,NS,10.0,INE20PL01012,,Equity
216238,AMBAAUTO,AMBA AUTO SALES AND SER L,Active,NS,10.0,INE293601014,,Equity
216243,GRADIENTE,GRADIENTE INFOTAINMENT L,Active,NS,10.0,INE361K01017,Advertising & Media,Equity
216250,VALUE360,VALUE 360 COMMUNICATION L,Active,NS,10.0,INE1E7Y01018,,Equity
216256,SIMCA,SIMCA ADVERTISING LIMITED,Active,NS,10.0,INE1K4J01018,,Equity
216263,RFBL,RFBL FLEXI PACK LIMITED,Active,NT,10.0,INE0V2V01015,,Equity
216276,NFPSAMPOOR,NFP SAMPOORNA FOODS LTD,Active,NS,10.0,INE0T1501010,,Equity
216281,TEAMTECH,TEAMTECH FORMWORK SOL LTD,Active,NT,5.0,INE2OL601013,,Equity
216286,BMLL,BIO MEDICA LABORATORIES L,Active,NS,10.0,INE1BKA01015,,Equity
216287,QLINE,Q-LINE BIOTECH LIMITED,Active,NS,10.0,INE1G2W01011,,Equity
216329,GENXAI,GENXAI ANALYTICS LIMITED,Active,NS,10.0,INE1W0N01014,,Equity
216342,UTKAL,UTKAL SPEC INDUS INDIA L,Active,NS,10.0,INE1V1R01014,,Equity
216360,CLAYCRAFT,CLAY CRAFT INDIA LIMITED,Active,NS,10.0,INE1QGM01024,,Equity
216364,AVIENCE,AVIENCE BIOMEDICALS LTD,Active,NS,10.0,INE0V9I01017,,Equity
216384,SHREEDHAR,SHREEDHAR SPINNERS LTD,Active,NT,10.0,INE0K3301012,,Equity
216401,TEJA,TEJA ENGINEERING IND L,Active,NS,10.0,INE0R1301019,,Equity
216402,VMOBILE,VINIT MOBILE LIMITED,Active,NS,10.0,INE27V201011,,Equity
216410,ICELCO,IC ELECTRICALS COMPANY L,Active,NS,10.0,INE0XE501015,,Equity
216431,HAPPY,HAPPY STEELS LIMITED,Active,NS,10.0,INE1GFG01011,,Equity
216463,METALIC,METALIC TECHNOFORGE LTD,Active,NS,10.0,INE1II801013,,Equity
216481,PROPSHOP,PROPSHOP EVENTS AND EXH L,Active,NS,10.0,INE1FFX01018,,Equity
216509,ANAWIL,ANAWIL WIRE AND ENGIN LTD,Active,NS,10.0,INE1J5V01013,,Equity
216518,OPTIMYSTIX,OPTIMYSTIX ENT INDIA LTD,Active,NT,10.0,INE1JZB01022,,Equity
216523,SUN-RE,SUNREST LIFE LTD,Active,NT,10.0,INE0PLZ20020,,Equity
216525,PRAMODINI,PRAMODINI MEDICARE LTD,Active,NT,10.0,INE2JG601017,,Equity
216528,CREDENT,CREDENT CONNECT N CARE L,Active,NT,10.0,INE1KPX01025,,Equity
216532,SKYTECH,SKYTECH INFINITE PLATFM L,Active,NT,10.0,INE0VFE01017,,Equity
216541,FASCINATE,FASCINATE TEXTILES LTD,Active,NT,10.0,INE1Q2D01019,,Equity
500002,ABB,ABB INDIA LIMITED,Active,A,2.0,INE117A01022,Heavy Electrical Equipment,Equity
500003,AEGISLOG,AEGIS LOGISTICS LTD.,Active,A,1.0,INE208C01025,Oil Marketing & Distribution,Equity
500008,ARE&M,Amara Raja Energy & Mobility L,Active,A,1.0,INE885A01032,Auto Parts & Equipment,Equity
500009,AMBALALSA,AMBALAL SARABHAI ENTERPRISES L,Active,T,10.0,INE432A01017,Pharmaceuticals,Equity
500012,ANDHRAPET,ANDHRA PETROCHEMICALS LTD.,Active,X,10.0,INE714B01016,Commodity Chemicals,Equity
500013,ANSALAPI,ANSAL PROPERTIES & INFRASTRUCT,Active,Z,5.0,INE436A01026,Realty,Equity
500014,UTIQUE,UTIQUE ENTERPRISES LIMITED,Active,X,10.0,INE096A01010,Finance (including NBFCs),Equity
500016,ARUNAHTEL,ARUNA HOTELS LTD.,Active,X,10.0,INE957C01019,,Equity
500020,BOMDYEING,BOMBAY DYEING & MFG.CO.LTD.,Active,B,2.0,INE032A01023,Textiles,Equity
500023,ASIANHOTNR,ASIAN HOTELS (NORTH) LIMITED,Active,B,10.0,INE363A01022,Hotels,Equity
500027,ATUL,ATUL LTD.,Active,A,10.0,INE100A01010,Agrochemicals,Equity
500028,ATVPR,ATV PROJECTS INDIA LTD.,Active,X,10.0,INE447A01015,Construction & Engineering,Equity
500031,BAJAJELEC,BAJAJ ELECTRICALS LTD.,Active,A,2.0,INE193E01025,Household Appliances,Equity
500032,BAJAJHIND,BAJAJ HINDUSTHAN SUGAR LIMITED,Active,B,1.0,INE306A01021,Sugar,Equity
500033,FORCEMOT,FORCE MOTORS LTD.,Active,A,10.0,INE451A01017,Cars & Utility Vehicles,Equity
500034,BAJFINANCE,BAJAJ FINANCE LIMITED,Active,A,1.0,INE296A01032,,Equity
500038,BALRAMCHIN,BALRAMPUR CHINI MILLS LTD,Active,A,1.0,INE119A01028,Sugar,Equity
500039,BANCOINDIA,BANCO PRODUCTS (INDIA) LTD.,Active,A,2.0,INE213C01025,Auto Parts & Equipment,Equity
500040,ABREL,ADITYA BIRLA REAL ESTATE LIMIT,Active,A,10.0,INE055A01016,Cement & Cement Products,Equity
500041,BANARISUG,BANNARI AMMAN SUGARS LTD.,Active,B,10.0,INE459A01010,Sugar,Equity
500042,BASF,BASF INDIA LTD.,Active,A,10.0,INE373A01013,Specialty Chemicals,Equity
500043,BATAINDIA,BATA INDIA LTD.,Active,A,5.0,INE176A01028,Footwear,Equity
500048,BEML,BEML LTD.,Active,A,5.0,INE258A01024,,Equity
500049,BEL,BHARAT ELECTRONICS LTD.,Active,A,1.0,INE263A01024,,Equity
500052,BEPL,BHANSALI ENGINEERING POLYMERS,Active,B,1.0,INE922A01025,Specialty Chemicals,Equity
500058,BIHSPONG,BIHAR SPONGE IRON LTD.,Active,X,10.0,INE819C01011,Iron & Steel/Interm.Products,Equity
500059,BILVYAPAR,BIL VYAPAR LIMITED,Active,T,10.0,INE071A01013,Holding Companies,Equity
500060,BIRLACABLE,Birla Cable Limited,Active,T,10.0,INE800A01015,Other Elect.Equip./ Prod.,Equity
500067,BLUESTARCO,BLUE STAR LTD.,Active,A,2.0,INE472A01039,Consumer Electronics,Equity
500068,DISAQ,DISA INDIA LTD.,Active,B,10.0,INE131C01011,Industrial Machinery,Equity
500069,QUESTCAP,QUEST CAPITAL MARKETS LIMITED,Active,X,10.0,INE418C01012,Other Financial Services,Equity
500074,BPL,BPL LTD.,Active,B,10.0,INE110A01019,Consumer Electronics,Equity
500078,OAL,ORIENTAL AROMATICS LIMITED,Active,B,5.0,INE959C01023,,Equity
500083,CENTEXT,CENTURY EXTRUSIONS LTD.,Active,B,1.0,INE281A01026,Aluminium,Equity
500084,CESC,CESC LTD.,Active,A,1.0,INE486A01021,,Equity
500085,CHAMBLFERT,CHAMBAL FERTILISERS & CHEMICAL,Active,A,10.0,INE085A01013,Fertilizers,Equity
500086,EXIDEIND,EXIDE INDUSTRIES LTD.,Active,A,1.0,INE302A01020,Auto Parts & Equipment,Equity
500087,CIPLA,CIPLA LTD.,Active,A,2.0,INE059A01026,Pharmaceuticals,Equity
500089,DICIND,DIC INDIA LTD.,Active,B,10.0,INE303A01010,Specialty Chemicals,Equity
500092,CRISIL,CRISIL LTD.,Active,A,1.0,INE007A01025,Other Financial Services,Equity
500093,CGPOWER,CG Power and Industrial Soluti,Active,A,2.0,INE067A01029,Heavy Electrical Equipment,Equity
500096,DABUR,DABUR INDIA LTD.,Active,A,1.0,INE016A01026,Personal Products,Equity
500097,DALMIASUG,DALMIA BHARAT SUGAR AND INDUST,Active,B,2.0,INE495A01022,Sugar,Equity
500101,ARVIND,ARVIND LTD.,Active,A,10.0,INE034A01011,Textiles,Equity
500103,BHEL,BHARAT HEAVY ELECTRICALS LTD.,Active,A,2.0,INE257A01026,Heavy Electrical Equipment,Equity
500104,HINDPETRO,HINDUSTAN PETROLEUM CORPORATIO,Active,A,10.0,INE094A01015,Refineries/ Petro-Products,Equity
500106,IFCI,IFCI LTD.,Active,A,10.0,INE039A01010,Financial Institutions,Equity
500108,MTNL,MAHANAGAR TELEPHONE NIGAM LTD.,Active,B,10.0,INE153A01019,Telecom Services,Equity
500109,MRPL,MANGALORE REFINERY & PETROCHEM,Active,A,10.0,INE103A01014,Refineries/ Petro-Products,Equity
500110,CHENNPETRO,CHENNAI PETROLEUM CORPORATION,Active,A,10.0,INE178A01016,Refineries/ Petro-Products,Equity
500112,SBIN,STATE BANK OF INDIA,Active,A,1.0,INE062A01020,Banks,Equity
500113,SAIL,STEEL AUTHORITY OF INDIA LTD.,Active,A,10.0,INE114A01011,Iron & Steel/Interm.Products,Equity
500114,TITAN,TITAN COMPANY LIMITED,Active,A,1.0,INE280A01028,Other Apparels & Accessories,Equity
500116,IDBI,IDBI BANK LTD.,Active,A,10.0,INE008A01015,Banks,Equity
500117,DCW,DCW LTD.,Active,B,2.0,INE500A01029,Petrochemicals,Equity
500119,DHAMPURSUG,DHAMPUR SUGAR MILLS LTD.,Active,B,10.0,INE041A01016,Sugar,Equity
500120,DIAMINESQ,DIAMINES & CHEMICALS LTD.,Active,B,10.0,INE591D01014,Commodity Chemicals,Equity
500123,ELANTAS,ELANTAS BECK INDIA LTD.,Active,B,10.0,INE280B01018,Commodity Chemicals,Equity
500124,DRREDDY,DR.REDDYS LABORATORIES LTD.,Active,A,1.0,INE089A01031,,Equity
500125,EIDPARRY,E.I.D.-PARRY (INDIA) LTD.,Active,A,1.0,INE126A01031,Sugar,Equity
500126,PGHL,PROCTER & GAMBLE HEALTH LIMITE,Active,A,10.0,INE199A01012,Pharmaceuticals,Equity
500128,ELECTCAST,ELECTROSTEEL CASTINGS LTD.,Active,A,1.0,INE086A01029,Construction & Engineering,Equity
500133,ESABINDIA,ESAB INDIA LTD.,Active,B,10.0,INE284A01012,Other Industrial Goods,Equity
500135,EPL,EPL LIMITED,Active,A,2.0,INE255A01020,Containers & Packaging,Equity
500136,ESTER,ESTER INDUSTRIES LTD.,Active,B,5.0,INE778B01029,Commodity Chemicals,Equity
500142,FGP,FGP LTD.,Active,X,10.0,INE512A01016,Finance (including NBFCs),Equity
500143,PHCAP,P H CAPITAL LIMITED,Active,XT,10.0,INE160F01013,Comm.Trading  & Distribution,Equity
500144,FINCABLES,FINOLEX CABLES LTD.,Active,A,2.0,INE235A01022,Other Elect.Equip./ Prod.,Equity
500147,COCKERILL,JOHN COCKERILL INDIA LIMITED,Active,B,10.0,INE515A01019,Industrial Machinery,Equity
500148,UFLEX,UFLEX LTD.,Active,B,10.0,INE516A01017,Containers & Packaging,Equity
500150,FOSECOIND,FOSECO INDIA LTD.,Active,B,10.0,INE519A01011,Commodity Chemicals,Equity
500151,GOLDENTOBC,GOLDEN TOBACCO LTD.,Active,Z,10.0,INE973A01010,Cigarettes-Tobacco Products,Equity
500153,GANESHBE,GANESH BENZOPLAST LTD.,Active,T,1.0,INE388A01029,Commodity Chemicals,Equity
500159,METROGLOBL,METROGLOBAL LIMITED,Active,B,10.0,INE085D01033,Paper & Paper Products,Equity
500160,GTL,GTL LTD.,Active,B,10.0,INE043A01012,Other Telecom Services,Equity
500163,GODFRYPHLP,GODFREY PHILLIPS INDIA LTD.,Active,A,2.0,INE260B01028,Cigarettes-Tobacco Products,Equity
500164,GODREJIND,GODREJ INDUSTRIES LTD.,Active,A,1.0,INE233A01035,Commodity Chemicals,Equity
500165,KANSAINER,KANSAI NEROLAC PAINTS LTD.,Active,A,1.0,INE531A01024,Furniture-Furnishing-Paints,Equity
500166,GOODRICKE,GOODRICKE GROUP LTD.,Active,X,10.0,INE300A01016,Tea & Coffee,Equity
500168,GOODYEAR,GOODYEAR INDIA LTD.,Active,B,10.0,INE533A01012,Auto Tyres & Rubber Products,Equity
500170,GTNINDS,GTN INDUSTRIES LTD.,Active,X,10.0,INE537A01013,Textiles,Equity
500171,GHCL,GHCL LTD.,Active,A,10.0,INE539A01019,Commodity Chemicals,Equity
500173,GFLLIMITED,GFL LIMITED,Active,B,1.0,INE538A01037,Industrial Gases,Equity
500174,GLFL,GUJARAT LEASE FINANCING LTD.,Active,B,10.0,INE540A01017,Finance (including NBFCs),Equity
500178,HARCR,HARIG CRANKSHAFTS LTD.,Active,XT,10.0,INE905C01034,,Equity
500179,HCL-INSYS,HCL INFOSYSTEMS LTD.,Active,B,2.0,INE236A01020,Computer Hardware,Equity
500180,HDFCBANK,HDFC BANK LTD.,Active,A,1.0,INE040A01034,,Equity
500182,HEROMOTOCO,HERO MOTOCORP LTD.,Active,A,2.0,INE158A01026,2/3 Wheelers,Equity
500183,HFCL,HFCL LIMITED,Active,A,1.0,INE548A01028,Telecom Cables,Equity
500184,HSCL,Himadri Speciality Chemical Lt,Active,A,1.0,INE019C01026,Commodity Chemicals,Equity
500185,HCC,HINDUSTAN CONSTRUCTION CO.LTD.,Active,A,1.0,INE549A01026,Construction & Engineering,Equity
500186,HINDOILEXP,HINDUSTAN OIL EXPLORATION CO.L,Active,B,10.0,INE345A01011,Exploration & Production,Equity
500187,AGI,AGI GREENPAC LIMITED,Active,B,2.0,INE415A01038,Containers & Packaging,Equity
500188,HINDZINC,HINDUSTAN ZINC LTD.,Active,A,2.0,INE267A01025,Zinc,Equity
500189,NDLVENTURE,NDL Ventures Limited,Active,B,10.0,INE353A01023,Broadcasting & Cable TV,Equity
500191,HMT,HMT LTD.,Active,Z,10.0,INE262A01018,Commercial Vehicles,Equity
500192,PRAGBOS,PRAG BOSIMI SYNTHETICS LTD.,Active,X,10.0,INE962B01011,Textiles,Equity
500193,HLVLTD,HLV LIMITED,Active,B,2.0,INE102A01024,Hotels,Equity
500199,IGPL,I G PETROCHEMICALS LTD.,Active,B,10.0,INE204A01010,Commodity Chemicals,Equity
500201,INDIAGLYCO,INDIA GLYCOLS LTD.,Active,A,5.0,INE560A01023,,Equity
500202,INDLEASE,INDIA LEASE DEVELOPMENT LTD.,Active,X,10.0,INE333C01013,Finance (including NBFCs),Equity
500206,MARGOFIN,MARGO FINANCE LIMITED,Active,X,10.0,INE680B01019,,Equity
500207,INDORAMA,INDO RAMA SYNTHETICS (INDIA) L,Active,B,10.0,INE156A01020,Textiles,Equity
500209,INFY,INFOSYS LTD.,Active,A,5.0,INE009A01021,IT Consulting & Software,Equity
500210,INGERRAND,INGERSOLL-RAND (INDIA) LTD.,Active,B,10.0,INE177A01018,Industrial Machinery,Equity
500213,ITHL,INTERNATIONAL TRAVEL HOUSE LTD,Active,X,10.0,INE262B01016,Travel Support Services,Equity
500214,IONEXCHANG,ION EXCHANGE (INDIA) LTD.,Active,A,1.0,INE570A01022,,Equity
500215,SUNDROP,SUNDROP BRANDS LIMITED,Active,B,10.0,INE209A01019,Other Agricultural Products,Equity
500219,JISLJALEQS,JAIN IRRIGATION SYSTEMS LTD.,Active,A,2.0,INE175A01038,Plastic Products,Equity
500220,JASCH,JASCH INDUSTRIES LTD.,Active,XT,10.0,INE711C01028,,Equity
500227,JINDALPOLY,JINDAL POLY FILMS LIMITED,Active,B,10.0,INE197D01010,Commodity Chemicals,Equity
500228,JSWSTEEL,JSW STEEL LTD.,Active,A,1.0,INE019A01038,,Equity
500233,KAJARIACER,KAJARIA CERAMICS LTD.,Active,A,1.0,INE217B01036,,Equity
500234,KAKATCEM,KAKATIYA CEMENT SUGAR & INDUST,Active,B,10.0,INE437B01014,Cement & Cement Products,Equity
500235,KSL,KALYANI STEELS LTD.,Active,B,5.0,INE907A01026,Iron & Steel/Interm.Products,Equity
500236,KANELIND,KANEL INDUSTRIES LIMITED,Active,XT,10.0,INE252C01023,,Equity
500238,WHIRLPOOL,WHIRLPOOL OF INDIA LTD.,Active,A,10.0,INE716A01013,Consumer Electronics,Equity
500239,KGDENIM,KG DENIM LTD.,Active,X,10.0,INE104A01012,Textiles,Equity
500240,KINETICENG,KINETIC ENGINEERING LTD.,Active,XT,10.0,INE266B01017,2/3 Wheelers,Equity
500241,KIRLOSBROS,KIRLOSKAR BROTHERS LTD.,Active,A,2.0,INE732A01036,Industrial Machinery,Equity
500243,KIRLOSIND,KIRLOSKAR INDUSTRIES LTD,Active,B,10.0,INE250A01039,Industrial Machinery,Equity
500245,KIRLFER,KIRLOSKAR FERROUS INDUSTRIES L,Active,B,5.0,INE884B01025,Iron & Steel/Interm.Products,Equity
500246,ENVAIREL,ENVAIR ELECTRODYNE LTD.,Active,XT,10.0,INE601C01013,Industrial Machinery,Equity
500247,KOTAKBANK,KOTAK MAHINDRA BANK LTD.,Active,A,1.0,INE237A01036,,Equity
500248,KRIFILIND,KRISHNA FILAMENT INDUSTRIES LI,Active,X,10.0,INE073A01019,Plastic Products,Equity
500249,KSB,KSB LIMITED,Active,A,2.0,INE999A01023,,Equity
500250,LGBBROSLTD,L.G.BALAKRISHNAN & BROS.LTD.,Active,A,10.0,INE337A01034,Auto Parts & Equipment,Equity
500251,TRENT,TRENT LTD.,Active,A,1.0,INE849A01020,,Equity
500252,LMW,LMW Limited,Active,A,10.0,INE269B01029,Industrial Machinery,Equity
500253,LICHSGFIN,LIC HOUSING FINANCE LTD.,Active,A,2.0,INE115A01026,Housing Finance,Equity
500257,LUPIN,LUPIN LTD.,Active,A,2.0,INE326A01037,Pharmaceuticals,Equity
500259,LYKALABS,LYKA LABS LTD.,Active,T,10.0,INE933A01014,Pharmaceuticals,Equity
500260,RAMCOCEM,THE RAMCO CEMENTS LIMITED,Active,A,1.0,INE331A01037,Cement & Cement Products,Equity
500262,HYBRIDFIN,HYBRID FINANCIAL SERVICES LIMI,Active,T,5.0,INE965B01022,,Equity
500264,MAFATIND,MAFATLAL INDUSTRIES LTD.,Active,B,2.0,INE270B01035,,Equity
500265,MAHSEAMLES,MAHARASHTRA SEAMLESS LTD.,Active,A,5.0,INE271B01025,Construction & Engineering,Equity
500266,MAHSCOOTER,MAHARASHTRA SCOOTERS LTD.,Active,A,10.0,INE288A01013,2/3 Wheelers,Equity
500267,MAJESAUT,MAJESTIC AUTO LTD.,Active,T,10.0,INE201B01022,2/3 Wheelers,Equity
500268,MANALIPETC,MANALI PETROCHEMICAL LTD.,Active,B,5.0,INE201A01024,Petrochemicals,Equity
500270,BARODARY,BARODA RAYON CORPORATION LTD.,Active,X,10.0,INE461A01024,,Equity
500271,MFSL,Max Financial Services Limited,Active,A,2.0,INE180A01020,Plastic Products,Equity
500277,MIDINDIA,MID INDIA INDUSTRIES LTD.,Active,X,10.0,INE401C01018,Textiles,Equity
500279,ONIDA,ONIDA ELECTRONICS LIMITED,Active,B,1.0,INE831A01028,Consumer Electronics,Equity
500280,CENTENKA,CENTURY ENKA LTD.,Active,B,10.0,INE485A01015,Textiles,Equity
500282,MODTHREAD,MODERN THREADS (INDIA) LTD.,Active,B,10.0,INE794W01014,,Equity
500284,LORDSCHLO,LORDS CHLORO ALKALI LTD.,Active,B,10.0,INE846D01012,Commodity Chemicals,Equity
500285,SPICEJET,SPICEJET LTD.,Active,B,10.0,INE285B01017,Airlines,Equity
500288,MOREPENLAB,MOREPEN LABORATORIES LTD.,Active,B,2.0,INE083A01026,Pharmaceuticals,Equity
500290,MRF,MRF LTD.,Active,A,10.0,INE883A01011,Auto Tyres & Rubber Products,Equity
500292,HEIDELBERG,HEIDELBERGCEMENT INDIA LTD.,Active,B,10.0,INE578A01017,Cement & Cement Products,Equity
500294,NCC,NCC LIMITED,Active,A,2.0,INE868B01028,Construction & Engineering,Equity
500295,VEDL,VEDANTA LIMITED,Active,A,1.0,INE205A01025,Iron & Steel/Interm.Products,Equity
500296,NAHARSPING,NAHAR SPINNING MILLS LTD.,Active,B,5.0,INE290A01027,Textiles,Equity
500298,NAPEROL,Naperol Investments Limited,Active,X,10.0,INE585A01020,Commodity Chemicals,Equity
500300,GRASIM,GRASIM INDUSTRIES LTD.,Active,A,2.0,INE047A01021,,Equity
500304,NIITLTD,NIIT LTD.,Active,B,2.0,INE161A01038,IT Training Services,Equity
500306,JAYKAY,Jaykay Enterprises Limited,Active,B,1.0,INE903A01025,Finance (including NBFCs),Equity
500307,NIRLON,NIRLON LTD.,Active,B,10.0,INE910A01012,Misc.Commercial Services,Equity
500312,ONGC,OIL AND NATURAL GAS CORPORATIO,Active,A,5.0,INE213A01029,Exploration & Production,Equity
500313,OILCOUNTUB,OIL COUNTRY TUBULAR LTD.,Active,T,10.0,INE591A01010,Oil Equipment & Services,Equity
500314,ORIENTHOT,ORIENTAL HOTELS LTD.,Active,B,1.0,INE750A01020,Hotels,Equity
500317,OSWALAGRO,OSWAL AGRO MILLS LTD.,Active,B,10.0,INE142A01012,Investment Companies,Equity
500319,INDSUCR,INDIAN SUCROSE LTD.,Active,X,10.0,INE557C01017,Sugar,Equity
500322,PANCM,PANYAM CEMENTS & MINERAL INDUS,Active,XT,10.0,INE167E01037,,Equity
500325,RELIANCE,RELIANCE INDUSTRIES LTD.,Active,A,10.0,INE002A01018,Integrated Oil & Gas,Equity
500327,PILITA,Pil Italica Lifestyle Limited,Active,B,1.0,INE600A01035,,Equity
500330,RAYMOND,RAYMOND LTD.,Active,A,10.0,INE301A01014,Textiles,Equity
500331,PIDILITIND,PIDILITE INDUSTRIES LTD.,Active,A,1.0,INE318A01026,Specialty Chemicals,Equity
500333,PIXTRANS,PIX TRANSMISSIONS LTD.,Active,B,10.0,INE751B01018,Auto Tyres & Rubber Products,Equity
500335,BIRLACORPN,BIRLA CORPORATION LTD.,Active,A,10.0,INE340A01012,Cement & Cement Products,Equity
500336,SURYAROSNI,SURYA ROSHNI LTD.,Active,B,5.0,INE335A01020,,Equity
500337,PRIMESECU,PRIME SECURITIES LTD.,Active,B,5.0,INE032B01021,Other Financial Services,Equity
500338,PRSMJOHNSN,PRISM JOHNSON LIMITED.,Active,B,10.0,INE010A01011,Cement & Cement Products,Equity
500339,RAIN,RAIN INDUSTRIES LIMITED,Active,A,2.0,INE855B01025,Petrochemicals,Equity
500342,PRUDMOULI,PRUDENTIAL SUGAR CORPORATION L,Active,T,10.0,INE024D01016,,Equity
500343,AMJLAND,AMJ LAND HOLDINGS LIMITED,Active,B,2.0,INE606A01024,Paper & Paper Products,Equity
500346,PUNJCOMMU,PUNJAB COMMUNICATIONS LTD.,Active,B,10.0,INE609A01010,Telecom Equipment,Equity
500350,RSWM,RSWM LTD.,Active,T,10.0,INE611A01016,Textiles,Equity
500354,RAJSREESUG,RAJSHREE SUGARS & CHEMICALS LT,Active,B,10.0,INE562B01019,Sugar,Equity
500355,RALLIS,RALLIS INDIA LTD.,Active,A,1.0,INE613A01020,Agrochemicals,Equity
500356,RAMANEWS,SHREE RAMA NEWSPRINT LTD.,Active,B,10.0,INE278B01020,Paper & Paper Products,Equity
500357,RAMAPPR-B,RAMA PAPER MILLS LTD.,Active,Z,10.0,INE425E01013,Paper & Paper Products,Equity
500358,RAMAPETRO,RAMA PETROCHEMICALS LTD.,Active,XT,10.0,INE783A01013,Finance (including NBFCs),Equity
500360,RAPICUT,RAPICUT CARBIDES LTD.,Active,XT,10.0,INE350D01015,Other Non-Ferrous Metals,Equity
500365,WELSPLSOL,WELSPUN SPECIALTY SOLUTIONS LI,Active,B,6.0,INE731F01037,Iron & Steel/Interm.Products,Equity
500367,RUBFILA,RUBFILA INTERNATIONAL LTD.,Active,B,5.0,INE642C01025,Auto Tyres & Rubber Products,Equity
500368,PATANJALI,Patanjali Foods Limited,Active,A,2.0,INE619A01035,,Equity
500370,SALORAINTL,SALORA INTERNATIONAL LTD.,Active,X,10.0,INE924A01013,Comm.Trading  & Distribution,Equity
500371,SAMTELIN,SAMTEL INDIA LTD.,Active,XT,10.0,INE538C01017,Consumer Electronics,Equity
500378,JINDALSAW,JINDAL SAW LTD.,Active,A,1.0,INE324A01032,,Equity
500380,JKLAKSHMI,JK LAKSHMI CEMENT LTD.,Active,A,5.0,INE786A01032,Cement & Cement Products,Equity
500387,SHREECEM,SHREE CEMENT LTD.,Active,A,10.0,INE070A01015,Cement & Cement Products,Equity
500388,SKPMIL,SHREE KRISHNA PAPER MILLS & IN,Active,XT,10.0,INE970C01012,Paper & Paper Products,Equity
500390,RELINFRA,RELIANCE INFRASTRUCTURE LTD.,Active,T,10.0,INE036A01016,Electric Utilities,Equity
500399,STEELCO,STEELCO GUJARAT LTD.,Active,XT,10.0,INE629B01032,,Equity
500400,TATAPOWER,TATA POWER CO.LTD.,Active,A,1.0,INE245A01021,Electric Utilities,Equity
500402,SPMLINFRA,SPML INFRA LIMITED,Active,B,2.0,INE937A01023,Construction & Engineering,Equity
500403,SUNDRMFAST,SUNDRAM FASTENERS LTD.,Active,A,1.0,INE387A01021,Auto Parts & Equipment,Equity
500404,SUNFLAG,SUNFLAG IRON & STEEL CO.LTD.,Active,B,10.0,INE947A01014,Iron & Steel/Interm.Products,Equity
500405,SPLPETRO,SUPREME PETROCHEM LTD.,Active,A,2.0,INE663A01033,,Equity
500407,SWARAJENG,SWARAJ ENGINES LTD.,Active,B,10.0,INE277A01016,Auto Parts & Equipment,Equity
500408,TATAELXSI,TATA ELXSI LTD.,Active,A,10.0,INE670A01012,IT Software Products,Equity
500410,ACC,ACC LTD.,Active,A,10.0,INE012A01025,Cement & Cement Products,Equity
500411,THERMAX,THERMAX LTD.,Active,A,2.0,INE152A01029,Heavy Electrical Equipment,Equity
500412,TIRUMALCHM,THIRUMALAI CHEMICALS LTD.,Active,B,1.0,INE338A01024,,Equity
500413,THOMASCOOK,THOMAS COOK (INDIA) LTD.,Active,A,1.0,INE332A01027,Travel Support Services,Equity
500414,TIMEX,TIMEX GROUP INDIA LTD.,Active,B,1.0,INE064A01026,Other Apparels & Accessories,Equity
500418,TOKYOPLAST,TOKYO PLAST INTERNATIONAL LTD.,Active,B,10.0,INE932C01012,Plastic Products,Equity
500420,TORNTPHARM,TORRENT PHARMACEUTICALS LTD.,Active,A,5.0,INE685A01028,Pharmaceuticals,Equity
500421,TPINDIA,TPI INDIA LTD.,Active,X,1.0,INE578C01021,,Equity
500422,TRANSCHEM,TRANSCHEM LTD.,Active,XT,10.0,INE019B01010,Pharmaceuticals,Equity
500425,AMBUJACEM,AMBUJA CEMENTS LTD.,Active,A,2.0,INE079A01024,Cement & Cement Products,Equity
500426,UTLINDS,UTL INDUSTRIES LIMITED,Active,X,1.0,INE184E01024,Copper,Equity
500429,UNIENTER,UNIPHOS ENTERPRISES LTD.,Active,B,2.0,INE037A01022,Comm.Trading  & Distribution,Equity
500439,VHL,VARDHMAN HOLDINGS LTD.,Active,B,10.0,INE701A01023,Finance (including NBFCs),Equity
500440,HINDALCO,HINDALCO INDUSTRIES LTD.,Active,A,1.0,INE038A01020,Aluminium,Equity
500444,WSTCSTPAPR,West Coast Paper Mills Limited,Active,B,2.0,INE976A01021,Paper & Paper Products,Equity
500449,HOCL,HINDUSTAN ORGANIC CHEMICALS LT,Active,T,10.0,INE048A01011,Commodity Chemicals,Equity
500450,MPILCORPL,MPIL CORPORATION LTD.,Active,XT,10.0,INE844C01027,Finance (including NBFCs),Equity
500456,PASUPTAC,PASUPATI ACRYLON LTD.,Active,T,10.0,INE818B01023,Fibres & Plastics,Equity
500458,TEAM24,TEAM24 CONSUMER PRODUCTS LIMIT,Active,X,10.0,INE601A01017,Photographic Products,Equity
500459,PGHH,PROCTER & GAMBLE HYGIENE & HEA,Active,A,10.0,INE179A01014,Personal Products,Equity
500460,MUKANDLTD,MUKAND LTD.,Active,B,10.0,INE304A01026,Iron & Steel/Interm.Products,Equity
500463,BBOX,BLACK BOX LIMITED,Active,A,2.0,INE676A01027,,Equity
500464,UCAL,UCAL LIMITED,Active,T,10.0,INE139B01016,Auto Parts & Equipment,Equity
500467,HARRMALAYA,HARRISONS MALAYALAM LTD.,Active,B,10.0,INE544A01019,Auto Tyres & Rubber Products,Equity
500469,FEDERALBNK,FEDERAL BANK LTD.,Active,A,2.0,INE171A01029,Banks,Equity
500470,TATASTEEL,TATA STEEL LTD.,Active,A,1.0,INE081A01020,,Equity
500472,SKFINDIA,SKF INDIA LIMITED,Active,A,10.0,INE640A01023,Other Industrial Goods,Equity
500477,ASHOKLEY,ASHOK LEYLAND LTD.,Active,A,1.0,INE208A01029,Commercial Vehicles,Equity
500480,CUMMINSIND,CUMMINS INDIA LTD.,Active,A,2.0,INE298A01020,Industrial Machinery,Equity
500483,TATACOMM,TATA COMMUNICATIONS LTD.,Active,A,10.0,INE151A01013,Telecom - Alternate Carriers,Equity
500488,ABBOTINDIA,ABBOTT INDIA LTD.,Active,A,10.0,INE358A01014,Pharmaceuticals,Equity
500490,BAJAJHLDNG,BAJAJ HOLDINGS & INVESTMENT LT,Active,A,10.0,INE118A01012,Finance (including NBFCs),Equity
500493,BHARATFORG,BHARAT FORGE LTD.,Active,A,2.0,INE465A01025,Other Industrial Products,Equity
500495,ESCORTS,Escorts Kubota Limited,Active,A,10.0,INE042A01014,Commercial Vehicles,Equity
500500,HINDMOTORS,HINDUSTAN MOTORS LTD.,Active,X,5.0,INE253A01025,Cars & Utility Vehicles,Equity
500510,LT,LARSEN & TOUBRO LTD.,Active,A,2.0,INE018A01030,Construction & Engineering,Equity
500520,M&M,MAHINDRA & MAHINDRA LTD.,Active,A,5.0,INE101A01026,Cars & Utility Vehicles,Equity
500530,BOSCHLTD,BOSCH LTD.,Active,A,10.0,INE323A01026,Auto Parts & Equipment,Equity
500540,PREMIER,PREMIER LTD.,Active,T,10.0,INE342A01018,Industrial Machinery,Equity
500547,BPCL,BHARAT PETROLEUM CORPORATION L,Active,A,10.0,INE029A01011,Refineries/ Petro-Products,Equity
500550,SIEMENS,SIEMENS LTD.,Active,A,2.0,INE003A01024,Heavy Electrical Equipment,Equity
500570,TMPV,TATA MOTORS PASSENGER VEHICLES,Active,A,2.0,INE155A01022,Commercial Vehicles,Equity
500575,VOLTAS,VOLTAS LTD.,Active,A,1.0,INE226A01021,Construction & Engineering,Equity
500620,GESHIP,GREAT EASTERN SHIPPING CO.LTD.,Active,A,10.0,INE017A01032,Shipping,Equity
500645,DEEPAKFERT,DEEPAK FERTILISERS & PETROCHEM,Active,A,10.0,INE501A01019,Commodity Chemicals,Equity
500650,EXCELINDUS,EXCEL INDUSTRIES LTD.,Active,B,5.0,INE369A01029,Specialty Chemicals,Equity
500655,GRWRHITECH,GARWARE HI-TECH FILMS LIMITED,Active,A,10.0,INE291A01017,Commodity Chemicals,Equity
500660,GLAXO,GLAXOSMITHKLINE PHARMACEUTICAL,Active,A,10.0,INE159A01016,Pharmaceuticals,Equity
500670,GNFC,GUJARAT NARMADA VALLEY FERTILI,Active,A,10.0,INE113A01013,Fertilizers,Equity
500672,NOVARTIND,NOVARTIS INDIA LTD.,Active,B,5.0,INE234A01025,Pharmaceuticals,Equity
500674,SANOFI,SANOFI INDIA LTD,Active,A,10.0,INE058A01010,Pharmaceuticals,Equity
500680,PFIZER,PFIZER LTD.,Active,A,10.0,INE182A01018,Pharmaceuticals,Equity
500690,GSFC,GUJARAT STATE FERTILIZERS & CH,Active,A,2.0,INE026A01025,Fertilizers,Equity
500696,HINDUNILVR,HINDUSTAN UNILEVER LTD.,Active,A,1.0,INE030A01027,Personal Products,Equity
500710,JSWDULUX,JSW Dulux Limited,Active,A,10.0,INE133A01011,Furniture-Furnishing-Paints,Equity
500730,NOCIL,NOCIL LTD.,Active,B,10.0,INE163A01018,Specialty Chemicals,Equity
500770,TATACHEM,TATA CHEMICALS LTD.,Active,A,10.0,INE092A01019,Commodity Chemicals,Equity
500777,TNPETRO,TAMILNADU PETROPRODUCTS LTD.,Active,B,10.0,INE148A01019,Commodity Chemicals,Equity
500780,ZUARIIND,Zuari Industries Limited,Active,B,10.0,INE217A01012,Fertilizers,Equity
500790,NESTLEIND,NESTLE INDIA LTD.,Active,A,1.0,INE239A01024,,Equity
500800,TATACONSUM,TATA CONSUMER PRODUCTS LIMITED,Active,A,1.0,INE192A01025,Tea & Coffee,Equity
500820,ASIANPAINT,ASIAN PAINTS LTD.,Active,A,1.0,INE021A01026,Furniture-Furnishing-Paints,Equity
500825,BRITANNIA,BRITANNIA INDUSTRIES LTD.,Active,A,1.0,INE216A01030,,Equity
500830,COLPAL,COLGATE-PALMOLIVE (INDIA) LTD.,Active,A,1.0,INE259A01022,Personal Products,Equity
500840,EIHOTEL,EIH LTD.,Active,A,2.0,INE230A01023,Hotels,Equity
500850,INDHOTEL,THE INDIAN HOTELS COMPANY LTD,Active,A,1.0,INE053A01029,Hotels,Equity
500870,CASTROLIND,CASTROL INDIA LTD.,Active,A,5.0,INE172A01027,Oil Marketing & Distribution,Equity
500875,ITC,ITC LTD.,Active,A,1.0,INE154A01025,Cigarettes-Tobacco Products,Equity
500877,APOLLOTYRE,APOLLO TYRES LTD.,Active,A,1.0,INE438A01022,Auto Tyres & Rubber Products,Equity
500878,CEATLTD,CEAT LTD.,Active,A,10.0,INE482A01020,Auto Tyres & Rubber Products,Equity
500890,MODIRUBBER,MODI RUBBER LTD.,Active,B,10.0,INE832A01018,Auto Tyres & Rubber Products,Equity
500940,FINPIPE,FINOLEX INDUSTRIES LTD.,Active,A,2.0,INE183A01024,,Equity
501110,SUNRINV,SUNRISE INDUSTRIAL TRADERS LTD,Active,XT,10.0,INE371U01015,,Equity
501111,ZGOLDINV,GOLD ROCK INVESTMENTS LTD.,Active,XT,10.0,INE598F01014,Comm.Trading  & Distribution,Equity
501144,PEOPLIN,PEOPLES INVESTMENTS LTD.,Active,XT,10.0,INE644U01015,,Equity
501148,DSINVEST,DALAL STREET INVESTMENTS LTD.,Active,XT,10.0,INE422D01012,Investment Companies,Equity
501150,CENTRUM,CENTRUM CAPITAL LTD.,Active,B,1.0,INE660C01027,Other Financial Services,Equity
501151,KARTKIN,KARTIK INVESTMENTS TRUST LTD.,Active,XT,10.0,INE524U01019,,Equity
501242,TCIFINANCE,TCI FINANCE LTD.,Active,T,10.0,INE911B01018,Finance (including NBFCs),Equity
501261,LORDSMARK,Lords Mark Industries Limited,Active,XT,10.0,INE567L01025,,Equity
501270,ANTARIKSH,ANTARIKSH INDUSTRIES LIMITED,Active,XT,10.0,INE825M01017,Misc.Commercial Services,Equity
501295,IITL,INDUSTRIAL INVESTMENT TRUST LT,Active,B,10.0,INE886A01014,Finance (including NBFCs),Equity
501298,INDPRUD,INDUSTRIAL & PRUDENTIAL INVEST,Active,B,10.0,INE620D01011,Investment Companies,Equity
501301,TATAINVEST,TATA INVESTMENT CORPORATION LT,Active,A,1.0,INE672A01026,,Equity
501311,JAYBHCR,JAYABHARAT CREDIT LTD.,Active,X,10.0,INE998D01011,Finance (including NBFCs),Equity
501314,PRISMX,PRISMX GLOBAL VENTURES LIMITED,Active,B,1.0,INE286N01028,,Equity
501343,MOTOGENFIN,MOTOR & GENERAL FINANCE LTD.,Active,T,5.0,INE861B01023,,Equity
501351,RAPIDIN,RAPID INVESTMENTS LTD.,Active,X,10.0,INE154M01012,Misc.Commercial Services,Equity
501370,WALCHPF,WALCHAND PEOPLEFIRST LTD.,Active,X,10.0,INE695D01021,Finance (including NBFCs),Equity
501386,EENTER,E and E ENTERPRISES LIMITED,Active,XT,10.0,INE094R01019,,Equity
501391,WHBRADY,W.H.BRADY & CO.LTD.,Active,B,10.0,INE855A01019,Comm.Trading  & Distribution,Equity
501421,TECHNVISN,TechNVision Ventures Limited,Active,B,10.0,INE314H01012,IT Software Products,Equity
501423,SHAILY,SHAILY ENGINEERING PLASTICS LT,Active,A,2.0,INE151G01028,,Equity
501425,BBTC,The Bombay Burmah Trading Corp,Active,A,2.0,INE050A01025,Tea & Coffee,Equity
501430,BOMBCYC,BOMBAY CYCLE & MOTOR AGENCY LT,Active,X,10.0,INE691K01017,Comm.Trading  & Distribution,Equity
501455,GREAVESCOT,GREAVES COTTON LTD.,Active,A,2.0,INE224A01026,Industrial Machinery,Equity
501477,MULLER,MULLER & PHIPPS (INDIA) LTD.,Active,X,10.0,INE003F01015,Comm.Trading  & Distribution,Equity
501479,SFTL,SPRINGFORM TECHNOLOGY LIMITED,Active,P,10.0,INE02ZA01012,,Equity
501622,AMALGAM,AMALGAMATED ELECTRICITY CO.LTD,Active,XT,5.0,INE492N01022,,Equity
501700,INDIANVSH,INDIANIVESH LTD.,Active,X,1.0,INE131H01028,Finance (including NBFCs),Equity
501831,COASTCORP,COASTAL CORPORATION LTD.,Active,B,2.0,INE377E01024,,Equity
501833,CHOWGULSTM,CHOWGULE STEAMSHIPS LTD.,Active,X,10.0,INE490A01015,Shipping,Equity
501848,GARWAOFFS,GARWARE OFFSHORE SERVICES LIMI,Active,X,10.0,INE446C01013,Shipping,Equity
501945,DHENUBUILD,DHENU BUILDCON INFRA LTD.,Active,Z,1.0,INE758D01027,Finance (including NBFCs),Equity
502015,ASIIL,ASI INDUSTRIES LIMITED,Active,X,1.0,INE443A01030,Mining,Equity
502090,SAGCEM,SAGAR CEMENTS LTD.,Active,B,2.0,INE229C01021,,Equity
502137,DECCANCE,DECCAN CEMENTS LTD.,Active,B,5.0,INE583C01021,,Equity
502157,MANGLMCEM,MANGALAM CEMENT LTD.,Active,B,10.0,INE347A01017,Cement & Cement Products,Equity
502168,NCLIND,NCL INDUSTRIES LTD.,Active,B,10.0,INE732C01016,Cement & Cement Products,Equity
502175,SAURASHCEM,SAURASHTRA CEMENT LTD.,Active,B,10.0,INE626A01014,Cement & Cement Products,Equity
502180,SHREDIGCEM,SHREE DIGVIJAY CEMENT CO.LTD.,Active,B,10.0,INE232A01011,Cement & Cement Products,Equity
502219,BORORENEW,BOROSIL RENEWABLES LIMITED,Active,A,1.0,INE666D01022,,Equity
502250,LERTHAI,LERTHAI FINANCE LIMITED,Active,XT,10.0,INE347D01011,Construction Materials,Equity
502271,RASSIREF,RAASI REFRACTORIES LTD.,Active,XT,10.0,INE858D01017,Other Industrial Goods,Equity
502281,TRIVENIGQ,TRIVENI GLASS LTD.,Active,XT,10.0,INE094C01011,Construction Materials,Equity
502294,NILACHAL,NILACHAL REFRACTORIES LTD.,Active,X,10.0,INE416N01013,,Equity
502330,ANDHRAPAP,ANDHRA PAPER LIMITED,Active,B,2.0,INE435A01051,,Equity
502355,BALKRISIND,BALKRISHNA INDUSTRIES LTD.,Active,A,2.0,INE787D01026,Auto Tyres & Rubber Products,Equity
502420,ORIENTPPR,ORIENT PAPER & INDUSTRIES LTD.,Active,B,1.0,INE592A01026,Cement & Cement Products,Equity
502445,CITADEL,CITADEL REALTY AND DEVELOPERS,Active,X,10.0,INE906D01014,Realty,Equity
502448,ROLLT,ROLLATAINERS LTD.,Active,T,1.0,INE927A01040,,Equity
502450,SESHAPAPER,SESHASAYEE PAPER & BOARDS LTD.,Active,B,2.0,INE630A01024,,Equity
502587,NATHIND,NATH INDUSTRIES LIMITED,Active,X,10.0,INE777A01023,,Equity
502589,VAPIENTER,VAPI ENTERPRISE LIMITED,Active,XT,10.0,INE464D01014,Paper & Paper Products,Equity
502820,DCM,DCM LTD.,Active,T,10.0,INE498A01018,Textiles,Equity
502850,ZGAEKWAR,GAEKWAR MILLS LTD.,Active,X,10.0,INE837X01027,,Equity
502865,FORBESCO,FORBES & COMPANY LTD.,Active,X,10.0,INE518A01013,Industrial Machinery,Equity
502873,HPCOTTON,H.P.COTTON TEXTILE MILLS LTD.,Active,X,10.0,INE950C01014,Textiles,Equity
502893,UNITEDINT,UNITED INTERACTIVE LTD.,Active,X,10.0,INE706D01018,Internet Software & Services,Equity
502901,JAMSHRI,JAMSHRI REALTY LIMITED,Active,X,10.0,INE462D01034,,Equity
502933,KATRSPG,KATARE SPINNING MILLS LTD.,Active,X,10.0,INE498G01015,Textiles,Equity
502937,KESORAMIND,KESORAM INDUSTRIES LTD.,Active,T,10.0,INE087A01019,Diversified,Equity
502958,LAKSHMIMIL,LAKSHMI MILLS COMPANY LTD.,Active,B,100.0,INE938C01019,Textiles,Equity
502986,VTL,VARDHMAN TEXTILES LTD.,Active,A,2.0,INE825A01020,,Equity
503031,PENINLAND,PENINSULA LAND LTD.,Active,T,2.0,INE138A01028,Realty,Equity
503092,PASUSPG,PASUPATI SPG.& WVG.MILLS LTD.,Active,X,10.0,INE909B01020,Textiles,Equity
503100,PHOENIXLTD,THE PHOENIX MILLS LTD,Active,A,2.0,INE211B01039,Realty,Equity
503101,MARATHON,MARATHON NEXTGEN REALTY LTD.,Active,B,5.0,INE182D01020,,Equity
503127,RAJABAH,RAJA BAHADUR INTERNATIONAL LTD,Active,X,100.0,INE491N01016,Diversified,Equity
503162,RELCHEMQ,RELIANCE CHEMOTEX INDUSTRIES L,Active,B,10.0,INE750D01016,Textiles,Equity
503169,RUBYMILLS,RUBY MILLS LTD.,Active,T,5.0,INE301D01026,Textiles,Equity
503229,SIMPLXREA,SIMPLEX REALTY LTD.,Active,B,10.0,INE167H01014,Realty,Equity
503310,SWANCORP,Swan Corp Limited,Active,A,1.0,INE665A01038,Realty,Equity
503349,VICTMILL,VICTORIA MILLS LTD.,Active,X,100.0,INE203D01016,Textiles,Equity
503622,ZSVTRADI,S.V.TRADING & AGENCIES LTD.,Active,XT,10.0,INE404N01019,Other Financial Services,Equity
503624,ZSVARAJT,SVARAJ TRADING & AGENCIES LTD.,Active,X,10.0,INE406N01014,Other Financial Services,Equity
503626,MANGLAM,Manglam Global Corporations Li,Active,X,10.0,INE733N01011,,Equity
503635,SALSAIN,SHREE SALASAR INVESTMENT LTD.,Active,XT,10.0,INE315N01017,,Equity
503639,APOLLOIN,Apollo Ingredients Limited,Active,XT,5.0,INE314N01028,,Equity
503641,ZODIACVEN,ZODIAC VENTURES LIMITED,Active,X,1.0,INE945J01027,,Equity
503657,VEERENRGY,VEER ENERGY & INFRASTRUCTURE L,Active,X,10.0,INE255E01030,,Equity
503659,SW1,SW INVESTMENTS LTD,Active,XT,10.0,INE948K01011,,Equity
503663,TILAK,Tilak Ventures Limited,Active,X,1.0,INE026L01022,Investment Companies,Equity
503671,UNIJOLL,UNIJOLLY INVESTMENTS CO.LTD.,Active,XT,10.0,INE130N01010,Other Financial Services,Equity
503675,WAGEND,WAGEND INFRA VENTURE LIMITED,Active,X,2.0,INE786K01023,Misc.Commercial Services,Equity
503681,ELCIDIN,ELCID INVESTMENTS LTD.,Active,B,10.0,INE927X01018,,Equity
503685,MEDIAONE,MEDIAONE GLOBAL ENTERTAINMENT,Active,Z,10.0,INE828I01019,,Equity
503689,HEALINV,HEALTHY INVESTMENTS LTD.,Active,XT,10.0,INE160N01017,Misc.Commercial Services,Equity
503696,SHRENTI,SHREENATH INVESTMENTS CO.LTD.,Active,XT,10.0,INE475V01012,,Equity
503722,BANSWRAS,BANSWARA SYNTEX LTD.,Active,B,5.0,INE629D01020,,Equity
503772,MODWOOL,MODELLA WOOLLENS LTD.,Active,X,10.0,INE380D01012,Comm.Trading  & Distribution,Equity
503776,MODIPON,MODIPON LTD.,Active,X,10.0,INE170C01019,Agrochemicals,Equity
503804,SHRIDINE,SHRI DINESH MILLS LTD.,Active,XT,10.0,INE204C01024,Textiles,Equity
503806,SRF,SRF LTD.,Active,A,10.0,INE647A01010,Textiles,Equity
503811,SIYSIL,SIYARAM SILK MILLS LTD.,Active,B,2.0,INE076B01028,,Equity
503816,SWADPOL,SWADESHI POLYTEX LTD.,Active,X,1.0,INE243N01029,,Equity
503837,SHRAJSYNQ,SHREE RAJASTHAN SYNTEX LTD.,Active,X,10.0,INE796C01011,Textiles,Equity
503863,SHRMFGC,SHREE MANUFACTURING CO.LTD.,Active,X,10.0,INE632A01012,Textiles,Equity
503893,ZSATYASL,SATYAM SILK MILLS LTD.,Active,XT,10.0,INE07MC01015,,Equity
503960,BBL,BHARAT BIJLEE LTD.,Active,B,5.0,INE464A01036,,Equity
504000,ELPROINTL,ELPRO INTERNATIONAL LTD.,Active,B,1.0,INE579B01039,,Equity
504028,GEE,GEE LTD.,Active,XT,2.0,INE064H01021,Other Industrial Goods,Equity
504036,HIRECT,Hirect Limited,Active,B,2.0,INE835D01023,Electronic Components,Equity
504058,NIPPOBATRY,INDO-NATIONAL LTD.,Active,B,5.0,INE567A01028,,Equity
504067,ZENSARTECH,ZENSAR TECHNOLOGIES LTD.,Active,A,2.0,INE520A01027,,Equity
504076,JYOTI,JYOTI LTD.,Active,X,10.0,INE511D01012,Heavy Electrical Equipment,Equity
504080,JSLINDL,JSL INDUSTRIES LTD.,Active,X,10.0,INE581L01018,Other Elect.Equip./ Prod.,Equity
504084,KAYCEEI,KAYCEE INDUSTRIES LTD.,Active,X,10.0,INE813G01023,,Equity
504092,INDOKEM,INDOKEM LTD.,Active,B,10.0,INE716F01012,Specialty Chemicals,Equity
504093,PANAENERG,PANASONIC ENERGY INDIA COMPANY,Active,X,10.0,INE795A01017,Non-Durable Household Prod.,Equity
504112,NELCO,NELCO LTD.,Active,B,10.0,INE045B01015,IT Networking Equipment,Equity
504132,PERMAGN,PERMANENT MAGNETS LTD.,Active,B,10.0,INE418E01018,Other Industrial Goods,Equity
504176,HIGHENE,HIGH ENERGY BATTERIES (INDIA),Active,X,2.0,INE783E01023,,Equity
504180,STDBAT,STANDARD BATTERIES LTD.,Active,X,1.0,INE502C01039,Finance (including NBFCs),Equity
504212,UNIVCABLES,UNIVERSAL CABLES LTD.,Active,B,10.0,INE279A01012,Other Elect.Equip./ Prod.,Equity
504220,WSI,W.S.INDUSTRIES (INDIA) LTD.,Active,B,10.0,INE100D01014,Industrial Machinery,Equity
504240,DLTNCBL,DELTON CABLES LTD.,Active,X,10.0,INE872E01016,Other Elect.Equip./ Prod.,Equity
504258,LAKSELEC,LAKSHMI ELECTRICAL CONTROL SYS,Active,X,10.0,INE284C01018,Other Elect.Equip./ Prod.,Equity
504273,MODULEX,MODULEX CONSTRUCTION TECHNOLOG,Active,Z,10.0,INE064R01012,Other Elect.Equip./ Prod.,Equity
504286,DELTAMAGNT,DELTA MANUFACTURING LIMITED,Active,B,10.0,INE393A01011,Other Elect.Equip./ Prod.,Equity
504340,LONGSPUR,Longspur International Venture,Active,X,10.0,INE180M01033,,Equity
504341,RELTD,RAVINDRA ENERGY LIMITED,Active,B,10.0,INE206N01018,Other Financial Services,Equity
504346,RRP,RRP SEMICONDUCTOR LIMITED,Active,X,10.0,INE713N01013,Other Financial Services,Equity
504351,EMPOWER,EMPOWER INDIA LTD.,Active,B,1.0,INE507F01023,IT Consulting & Software,Equity
504356,ZMULTIPU,MULTIPURPOSE TRADING & AGENCIE,Active,X,10.0,INE017P01014,Misc.Commercial Services,Equity
504365,RIDHISYN,RIDHI SYNTHETICS LTD.,Active,XT,10.0,INE07LK01010,,Equity
504369,GRANDMA,GRANDMA TRADING & AGENCIES LTD,Active,X,1.0,INE927M01029,Comm.Trading  & Distribution,Equity
504370,ARDIALL,Ardi Alliances Limited,Active,XT,10.0,INE0LKP01014,,Equity
504375,IDREAM,IDream Film Infrastructure Com,Active,P,10.0,INE459E01012,IT Consulting & Software,Equity
504378,NYSSACORP,NYSSA CORPORATION LIMITED,Active,X,1.0,INE812K01027,Comm.Trading  & Distribution,Equity
504380,FLOMIC,FLOMIC GLOBAL LOGISTICS LIMITE,Active,X,10.0,INE952M01019,Comm.Trading  & Distribution,Equity
504392,KRISHNA,KRISHNA VENTURES LIMITED,Active,XT,10.0,INE537L01010,Other Financial Services,Equity
504397,GANHOLD,GANESH HOLDINGS LTD.,Active,XT,10.0,INE932M01011,Misc.Commercial Services,Equity
504398,SJCORP,SJ CORPORATION LTD.,Active,XT,1.0,INE312B01027,Other Apparels & Accessories,Equity
504605,UNIABEXAL,UNI ABEX ALLOY PRODUCTS LTD.,Active,XT,10.0,INE361D01012,Iron & Steel Products,Equity
504614,SARDAEN,SARDA ENERGY & MINERALS LTD.,Active,A,1.0,INE385C01021,,Equity
504646,BGWTATO,BHAGWATI AUTOCAST LTD.,Active,XT,10.0,INE106G01014,Auto Parts & Equipment,Equity
504648,BOMBWIR,BOMBAY WIRE ROPES LTD.,Active,X,1.0,INE089T01023,,Equity
504671,CHASBRT,CHASE BRIGHT STEEL LTD.,Active,Y,10.0,NA,Misc.Commercial Services,Equity
504697,GALADA,GALADA POWER & TELECOMMUNICATI,Active,XT,10.0,INE255C01026,,Equity
504731,AZADIND,AZAD INDIA MOBILITY LIMITED,Active,B,10.0,INE566M01017,Iron & Steel/Interm.Products,Equity
504741,INDIANHUME,INDIAN HUME PIPE CO.LTD.,Active,B,2.0,INE323C01030,Cement & Cement Products,Equity
504746,INLCM,INDIAN LINK CHAIN MANUFACTURES,Active,X,10.0,INE359D01024,,Equity
504786,INVPRECQ,INVESTMENT & PRECISION CASTING,Active,T,10.0,INE155E01016,Other Industrial Products,Equity
504810,INFORTEC,INFORMED TECHNOLOGIES INDIA LT,Active,X,10.0,INE123E01014,BPO/KPO,Equity
504840,KAIRA,KAIRA CAN CO.LTD.,Active,X,10.0,INE375D01012,Containers & Packaging,Equity
504879,ORIENTCER,ORIENT CERATECH LIMITED,Active,B,1.0,INE569C01020,Other Industrial Products,Equity
504882,NATIONSTD,NATIONAL STANDARD (INDIA) LTD.,Active,B,10.0,INE166R01015,,Equity
504903,RATHIST,RATHI STEEL & POWER LTD.,Active,XT,10.0,INE336C01016,Iron & Steel/Interm.Products,Equity
504908,DUNCANENG,Duncan Engineering Limited,Active,X,10.0,INE340F01011,Auto Parts & Equipment,Equity
504918,SANDUMA,SANDUR MANGANESE & IRON ORES L,Active,A,10.0,INE149K01016,Mining,Equity
504959,STOVACQ,STOVEC INDUSTRIES LTD.,Active,X,10.0,INE755D01015,Industrial Machinery,Equity
504973,CHOLAHLDNG,CHOLAMANDALAM FINANCIAL HOLDIN,Active,A,1.0,INE149A01033,,Equity
504988,ZWELCAST,WELCAST STEELS LTD.,Active,X,10.0,INE380G01015,Other Industrial Products,Equity
504998,WMINIMT,WESTERN MINISTIL LTD.,Active,P,10.0,INE187U01015,,Equity
505010,AUTOAXLES,AUTOMOTIVE AXLES LTD.,Active,B,10.0,INE449A01011,Auto Parts & Equipment,Equity
505029,ATLASCYCLE,ATLAS CYCLES (HARYANA) LTD.,Active,B,5.0,INE446A01025,,Equity
505032,AUTOPRD,AUTOMOBILE PRODUCTS OF INDIA L,Active,XT,1.0,INE0NY101012,,Equity
505036,ACGL,AUTOMOBILE CORPORATION OF GOA,Active,B,10.0,INE451C01013,Auto Parts & Equipment,Equity
505075,SETCO,SETCO AUTOMOTIVE LTD.,Active,T,2.0,INE878E01021,Auto Parts & Equipment,Equity
505160,TALBROAUTO,TALBROS AUTOMOTIVE COMPONENTS,Active,B,2.0,INE187D01029,,Equity
505163,ZFSTEERING,Z.F.STEERING GEAR (INDIA) LTD.,Active,B,10.0,INE116C01012,Auto Parts & Equipment,Equity
505192,SMLMAH,SML Mahindra Limited,Active,A,10.0,INE294B01019,Commercial Vehicles,Equity
505196,TIL,TIL LTD.,Active,T,10.0,INE806C01018,Transport Related Services,Equity
505200,EICHERMOT,EICHER MOTORS LTD.,Active,A,1.0,INE066A01021,,Equity
505212,JAINEX,JAINEX AAMCOL LTD.,Active,X,10.0,INE280F01019,Auto Parts & Equipment,Equity
505216,ALFREDHE,ALFRED HERBERT (INDIA) LTD.,Active,B,10.0,INE782D01027,Finance (including NBFCs),Equity
505232,VELJAN,VELJAN DENISON LIMITED,Active,T,10.0,INE232E01013,Auto Parts & Equipment,Equity
505242,DYNAMATECH,DYNAMATIC TECHNOLOGIES LTD.,Active,A,10.0,INE221B01012,Industrial Machinery,Equity
505250,GGDPROP,G. G. Dandekar Properties Limi,Active,X,1.0,INE631D01026,Industrial Machinery,Equity
505255,GMMPFAUDLR,GMM PFAUDLER LTD.,Active,A,2.0,INE541A01023,Industrial Machinery,Equity
505283,KIRLPNU,KIRLOSKAR PNEUMATIC CO.LTD.,Active,A,1.0,INE811A01038,,Equity
505299,KPT,KPT INDUSTRIES LIMITED,Active,X,5.0,INE731D01024,Industrial Machinery,Equity
505302,LAKSHMIEW,LAKSHMI ENGINEERING AND WAREHO,Active,X,100.0,INE718M01022,,Equity
505320,LYNMC,LYNX MACHINERY & COMMERCIALS L,Active,XT,10.0,INE732D01014,Industrial Machinery,Equity
505324,MANUGRAPH,MANUGRAPH INDIA LTD.,Active,T,2.0,INE867A01022,Industrial Machinery,Equity
505336,HARSHILAGR,HARSHIL AGROTECH LIMITED,Active,XT,1.0,INE098E01026,,Equity
505343,MONOT,MONOTYPE INDIA LTD.,Active,X,1.0,INE811D01024,Misc.Commercial Services,Equity
505355,NESCO,NESCO LTD.,Active,A,2.0,INE317F01035,,Equity
505358,INTEGRAEN,INTEGRA ENGINEERING INDIA LTD.,Active,XT,1.0,INE984B01023,Industrial Machinery,Equity
505368,SEMAC,Semac Construction Limited,Active,B,10.0,INE617A01013,Industrial Machinery,Equity
505400,TEXINFRA,TEXMACO INFRASTRUCTURE & HOLDI,Active,B,1.0,INE435C01024,Industrial Machinery,Equity
505412,WENDT,WENDT (INDIA) LTD.,Active,B,10.0,INE274C01019,Industrial Machinery,Equity
505502,PSITINFRA,PS IT INFRASTRUCTURE & SERVICE,Active,XT,10.0,INE953M01033,,Equity
505504,GHVINFRA,GHV INFRA PROJECTS LIMITED,Active,XT,5.0,INE809Q01020,,Equity
505509,RESPONIND,RESPONSIVE INDUSTRIES LTD.,Active,B,1.0,INE688D01026,Plastic Products,Equity
505515,SHYMINV,SHYAMKAMAL INVESTMENTS LTD.,Active,X,10.0,INE203N01015,Other Financial Services,Equity
505520,ZHEMHOLD,HEM HOLDINGS & TRADING LTD.,Active,XT,10.0,INE721U01011,,Equity
505523,MAHACORP,MAHARASHTRA CORPORATION LTD.,Active,X,1.0,INE272E01027,Comm.Trading  & Distribution,Equity
505526,DOLATALGO,DOLAT ALGOTECH LIMITED,Active,B,1.0,INE966A01022,Investment Companies,Equity
505533,WESTLIFE,WESTLIFE FOODWORLD LIMITED,Active,A,2.0,INE274F01020,Restaurants,Equity
505537,ZEEL,ZEE ENTERTAINMENT ENTERPRISES,Active,A,1.0,INE256A01028,Broadcasting & Cable TV,Equity
505585,ZKOVALIN,KOVALAM INVESTMENT & TRADING C,Active,X,10.0,INE735U01011,,Equity
505590,SVPGLOB,SVP GLOBAL TEXTILES LIMITED,Active,B,1.0,INE308E01029,,Equity
505594,MULTIIN,MULTIPLUS HOLDINGS LTD.,Active,XT,10.0,INE886E01016,Misc.Commercial Services,Equity
505650,SKYLMILAR,SKYLINE MILLARS LTD.,Active,X,1.0,INE178E01026,Commercial Vehicles,Equity
505681,BIMETAL,BIMETAL BEARINGS LTD.,Active,B,10.0,INE469A01019,Auto Parts & Equipment,Equity
505685,TAPARIA,TAPARIA TOOLS LTD.,Active,XT,10.0,INE614R01014,Iron & Steel Products,Equity
505688,BHARATGEAR,BHARAT GEARS LTD.,Active,T,10.0,INE561C01019,Auto Parts & Equipment,Equity
505690,BRADYM,BRADY & MORRIS ENGINEERING CO.,Active,X,10.0,INE856A01017,Commercial Vehicles,Equity
505693,LATIMMETAL,La Tim Metal & Industries Limi,Active,X,1.0,INE501N01020,,Equity
505700,ELECON,ELECON ENGINEERING CO.LTD.,Active,A,1.0,INE205B01031,,Equity
505703,SATANIBRG,Satani Bearings Ltd.,Active,X,10.0,INE498D01012,Industrial Machinery,Equity
505710,GRAUWEIL,GRAUER & WEIL (INDIA) LTD.,Active,B,1.0,INE266D01021,Commodity Chemicals,Equity
505712,HIMTEK,HIM TEKNOFORGE LIMITED,Active,XT,2.0,INE705G01021,Auto Parts & Equipment,Equity
505714,GABRIEL,GABRIEL INDIA LTD.,Active,A,1.0,INE524A01029,Auto Parts & Equipment,Equity
505720,HERCULES,Hercules Investments Limited,Active,X,1.0,INE688E01024,Industrial Machinery,Equity
505725,ALGOQUANT,ALGOQUANT FINTECH LIMITED,Active,B,1.0,INE598D01035,,Equity
505726,IFBIND,IFB INDUSTRIES LTD.,Active,B,10.0,INE559A01017,Household Appliances,Equity
505729,SINGERIND,SINGER INDIA LTD.,Active,B,2.0,INE638A01035,,Equity
505737,INTLCOMBQ,INTERNATIONAL COMBUSTION (INDI,Active,X,10.0,INE403C01014,Industrial Machinery,Equity
505744,FMGOETZE,FEDERAL-MOGUL GOETZE (INDIA) L,Active,B,10.0,INE529A01010,Auto Parts & Equipment,Equity
505750,JOSTS,JOSTS ENGINEERING CO.LTD.,Active,X,1.0,INE636D01041,,Equity
505790,SCHAEFFLER,Schaeffler India Limited,Active,A,2.0,INE513A01022,,Equity
505797,MPCOSEMB,MIPCO SEAMLESS RINGS (GUJARAT),Active,XT,10.0,INE860N01012,Other Industrial Goods,Equity
505800,RANEHOLDIN,RANE HOLDINGS LTD.,Active,B,10.0,INE384A01010,Auto Parts & Equipment,Equity
505807,ROLCOEN,ROLCON ENGINEERING CO.LTD.,Active,P,10.0,INE775R01013,Other Industrial Products,Equity
505827,SNL,SNL BEARINGS LTD.,Active,X,10.0,INE568F01017,Other Industrial Goods,Equity
505840,JAIPAN,JAIPAN INDUSTRIES LTD.,Active,X,10.0,INE058D01030,Household Appliances,Equity
505850,MANCREDIT,MANGAL CREDIT AND FINCORP LTD.,Active,B,10.0,INE545L01039,,Equity
505854,TRF,TRF LTD.,Active,B,10.0,INE391D01019,Commercial Vehicles,Equity
505872,WPIL,WPIL LTD.,Active,B,1.0,INE765D01022,,Equity
505890,KENNAMET,KENNAMETAL INDIA LTD.,Active,B,10.0,INE717A01029,Industrial Machinery,Equity
505893,HINDHARD,HINDUSTAN HARDY LIMITED,Active,X,10.0,INE724D01011,Auto Parts & Equipment,Equity
505978,TRITONV,TRITON VALVES LTD.,Active,B,10.0,INE440G01017,Auto Parts & Equipment,Equity
506003,SUDAI,SUDAL INDUSTRIES LTD.,Active,X,10.0,INE618D01015,Aluminium,Equity
506022,PRAKASH,PRAKASH INDUSTRIES LTD.,Active,B,10.0,INE603A01013,Iron & Steel/Interm.Products,Equity
506024,HVL,HARIYANA VENTURES LIMITED,Active,ZP,10.0,INE219D01012,,Equity
506042,ZPRBHSTE,PRABHU STEEL INDUSTRIES LTD.,Active,XT,10.0,INE821R01015,,Equity
506074,ARSHIYA,ARSHIYA LIMITED,Active,Z,2.0,INE968D01022,Transportation - Logistics,Equity
506076,GRINDWELL,GRINDWELL NORTON LTD.,Active,A,5.0,INE536A01023,Other Industrial Products,Equity
506079,LAKPRE,LAKSHMI PRECISION SCREWS LTD.,Active,Z,10.0,INE651C01018,Iron & Steel Products,Equity
506105,STANROS,STANROSE MAFATLAL INVESTMENTS,Active,X,10.0,INE441L01015,Investment Companies,Equity
506109,GENESYS,GENESYS INTERNATIONAL CORPORAT,Active,B,5.0,INE727B01026,IT Software Products,Equity
506120,ALNATRD,ALNA TRADING & EXPORTS LTD.,Active,P,10.0,INE07I701011,,Equity
506122,VOLKAI,Kairosoft AI Solutions Limited,Active,X,10.0,INE820M01018,Auto Parts & Equipment,Equity
506128,PARNAXLAB,PARNAX LAB LTD.,Active,B,10.0,INE383L01019,Pharmaceuticals,Equity
506134,GOURMET,GOURMET GATEWAY INDIA LIMITED,Active,XT,1.0,INE512D01028,Plastic Products,Equity
506146,VIVIDHA,VISAGAR POLYTEX LTD.,Active,B,1.0,INE370E01029,Textiles,Equity
506161,ISHWATR,ISHWARSHAKTI HOLDINGS & TRADER,Active,XT,10.0,INE073I01012,Finance (including NBFCs),Equity
506162,TERRAFORM,TERRAFORM MAGNUM LTD.,Active,P,10.0,INE122V01010,,Equity
506166,APIS,APIS INDIA LTD.,Active,B,10.0,INE070K01014,Other Food Products,Equity
506178,VELOX,Velox Shipping and Logistics L,Active,XT,10.0,INE092P01017,Comm.Trading  & Distribution,Equity
506180,EMERGENT,EMERGENT INDUSTRIAL SOLUTIONS,Active,XT,10.0,INE668L01013,Comm.Trading  & Distribution,Equity
506184,KANANIIND,KANANI INDUSTRIES LTD.,Active,B,1.0,INE879E01037,Other Apparels & Accessories,Equity
506186,GSLTD,GALAXY SUPERMARKET LIMITED,Active,X,10.0,INE403B01016,Movies & Entertainment,Equity
506190,ZSARVAMA,SARVAMANGAL MERCANTILE CO.LTD.,Active,XT,10.0,INE978L01016,Misc.Commercial Services,Equity
506194,ARIHANTSUP,ARIHANT SUPERSTRUCTURES LIMITE,Active,B,10.0,INE643K01018,Realty,Equity
506196,VIKSHEN,VIKSIT ENGINEERING LTD.,Active,XT,10.0,INE965V01020,,Equity
506197,BLISSGVS,BLISS GVS PHARMA LTD.,Active,T,1.0,INE416D01022,Pharmaceuticals,Equity
506222,STYRENIX,Styrenix Performance Materials,Active,B,10.0,INE189B01011,Specialty Chemicals,Equity
506235,ALEMBICLTD,ALEMBIC LTD.,Active,B,2.0,INE426A01027,Pharmaceuticals,Equity
506248,AMNPLST,AMINES & PLASTICIZERS LTD.,Active,B,2.0,INE275D01022,Commodity Chemicals,Equity
506260,ANUHPHR,ANUH PHARMA LTD.,Active,B,5.0,INE489G01022,Pharmaceuticals,Equity
506261,MODISONLTD,MODISON LIMITED,Active,T,1.0,INE737D01021,Other Elect.Equip./ Prod.,Equity
506285,BAYERCROP,BAYER CROPSCIENCE LTD.,Active,A,10.0,INE462A01022,Agrochemicals,Equity
506313,SASHWAT,SASHWAT TECHNOCRATS LIMITED,Active,P,10.0,INE789D01014,Construction Materials,Equity
506365,STARSOURCE,STARSOURCE MULTITRADE LIMITED,Active,X,10.0,INE320M01019,Pharmaceuticals,Equity
506373,CITURGIA,CITURGIA BIOCHEMICALS LTD.,Active,B,2.0,INE795B01031,,Equity
506390,SUDARCOLOR,Sudarshan Colorants India Limi,Active,B,10.0,INE492A01029,Specialty Chemicals,Equity
506395,COROMANDEL,COROMANDEL INTERNATIONAL LTD.,Active,A,1.0,INE169A01031,Fertilizers,Equity
506401,DEEPAKNTR,DEEPAK NITRITE LTD.,Active,A,2.0,INE288B01029,Commodity Chemicals,Equity
506405,DMCC,DMCC SPECIALITY CHEMICALS LIMI,Active,B,10.0,INE505A01010,Specialty Chemicals,Equity
506414,FERMENTA,FERMENTA BIOTECH LIMITED,Active,B,5.0,INE225B01021,,Equity
506480,GOCLCORP,GOCL Corporation Limited,Active,B,2.0,INE077F01035,Oil Marketing & Distribution,Equity
506520,JAYCH,JAYSHREE CHEMICALS LTD.,Active,X,10.0,INE693E01016,Commodity Chemicals,Equity
506525,KANORICHEM,KANORIA CHEMICALS & INDUSTRIES,Active,T,5.0,INE138C01024,Commodity Chemicals,Equity
506528,KELENRG,KELTECH ENERGIES LTD.,Active,XT,10.0,INE881E01017,Specialty Chemicals,Equity
506530,KEMP,KEMP & COMPANY LTD.,Active,X,10.0,INE060E01018,Containers & Packaging,Equity
506532,NITTAGELA,NITTA GELATIN INDIA LTD.,Active,B,10.0,INE265B01019,Specialty Chemicals,Equity
506543,MPAGI,M.P.AGRO INDUSTRIES LTD.,Active,X,10.0,INE468C01017,Fertilizers,Equity
506579,AGVENTURES,AG VENTURES LIMITED,Active,X,10.0,INE321D01016,Commodity Chemicals,Equity
506580,PBGLOBAL,PB Global Limited,Active,XT,10.0,INE615W01011,,Equity
506590,PCBL,PCBL Chemical Limited,Active,A,1.0,INE602A01031,,Equity
506597,AMAL,AMAL LTD.,Active,B,10.0,INE841D01013,Specialty Chemicals,Equity
506605,POLYCHEM,POLYCHEM LTD.,Active,X,10.0,INE752B01024,Commodity Chemicals,Equity
506618,PUNJABCHEM,PUNJAB CHEMICALS AND CROP PROT,Active,B,10.0,INE277B01014,Agrochemicals,Equity
506640,ZR2,ZR2 BIOENERGY LIMITED,Active,X,1.0,INE218N01021,,Equity
506642,SADHNANIQ,SADHANA NITROCHEM LTD.,Active,T,1.0,INE888C01040,,Equity
506655,SUDARSCHEM,SUDARSHAN CHEMICAL INDUSTRIES,Active,A,2.0,INE659A01023,Specialty Chemicals,Equity
506680,TECILCHEM,TECIL CHEMICALS & HYDRO POWER,Active,B,10.0,INE014B01011,,Equity
506685,ULTRAMAR,ULTRAMARINE & PIGMENTS LTD.,Active,B,2.0,INE405A01021,Specialty Chemicals,Equity
506687,TRANSPEK,TRANSPEK INDUSTRY LTD.,Active,T,10.0,INE687A01016,Commodity Chemicals,Equity
506690,UNICHEMLAB,UNICHEM LABORATORIES LTD.,Active,B,2.0,INE351A01035,Pharmaceuticals,Equity
506734,MYSORPETRO,MYSORE PETRO CHEMICALS LTD.,Active,B,10.0,INE741A01011,Commodity Chemicals,Equity
506767,ALKYLAMINE,ALKYL AMINES CHEMICALS LTD.,Active,A,2.0,INE150B01039,,Equity
506808,TUTIALKA,TUTICORIN ALKALI CHEMICALS AND,Active,B,10.0,INE400A01014,Commodity Chemicals,Equity
506820,ASTRAZEN,ASTRAZENECA PHARMA INDIA LTD.,Active,A,2.0,INE203A01020,Pharmaceuticals,Equity
506852,PRIMO,Primo Chemicals Limited,Active,B,2.0,INE607A01022,,Equity
506854,TANFACIND,TANFAC INDUSTRIES LTD.,Active,B,5.0,INE639B01023,,Equity
506858,GUJPETR,GUJARAT PETROSYNTHESE LTD.,Active,X,10.0,INE636P01011,Fibres & Plastics,Equity
506863,SWADEIN,SWADESHI INDUSTRIES LEASING CO,Active,X,10.0,INE716M01034,,Equity
506867,MASCH,MASTER CHEMICALS LTD.,Active,Z,10.0,INE523D01017,Textiles,Equity
506879,GUJTHEM,GUJARAT THEMIS BIOSYN LTD.,Active,B,1.0,INE942C01045,,Equity
506906,SCBL,Saptak Chem And Business Limit,Active,XT,10.0,INE467X01023,,Equity
506919,MAKERSL,MAKERS LABORATORIES LTD.,Active,B,10.0,INE987A01010,Pharmaceuticals,Equity
506935,CONTCHM,CONTINENTAL CHEMICALS LTD.,Active,X,10.0,INE423K01015,Commodity Chemicals,Equity
506945,IGLFXPL-B,INDO GULF INDUSTRIES LTD.,Active,P,1.0,INE684U01011,,Equity
506947,ADVPETR-B,ADVANCE PETROCHEMICALS LTD.,Active,X,10.0,INE334N01018,Commodity Chemicals,Equity
506975,RAJSPTR,RAJASTHAN PETRO SYNTHETICS LTD,Active,P,10.0,INE374C01017,Textiles,Equity
506979,APTPACK,APT PACKAGING LTD.,Active,X,10.0,INE046E01025,,Equity
506981,BLUECHIPT,BLUE CHIP TEX INDUSTRIES LTD.,Active,X,10.0,INE472D01017,Textiles,Equity
507155,JAGAJITIND,JAGATJIT INDUSTRIES LTD.,Active,X,10.0,INE574A01016,Breweries & Distilleries,Equity
507180,KESARENT,KESAR ENTERPRISES LTD.,Active,X,1.0,INE133B01027,,Equity
507205,TI,TILAKNAGAR INDUSTRIES LTD.,Active,A,10.0,INE133E01013,Breweries & Distilleries,Equity
507265,EMERALL,Emerald Leisures Limited,Active,XT,5.0,INE044N01021,,Equity
507300,RAVALSUGAR,The Ravalgaon Sugar Farm Limit,Active,X,10.0,INE615A01025,,Equity
507315,SAKHTISUG,SAKTHI SUGARS LTD.,Active,B,10.0,INE623A01011,Sugar,Equity
507410,WALCHANNAG,WALCHANDNAGAR INDUSTRIES LTD.,Active,B,2.0,INE711A01022,Construction & Engineering,Equity
507438,IFBAGRO,IFB AGRO INDUSTRIES LTD.,Active,B,10.0,INE076C01018,Breweries & Distilleries,Equity
507474,KFBL,KOTHARI FERMENTATION & BIOCHEM,Active,X,10.0,INE991B01010,Other Food Products,Equity
507486,CAPRO,CAPROLACTAM CHEMICALS LTD.,Active,X,10.0,INE470N01010,Commodity Chemicals,Equity
507488,GMBREW,G.M.BREWERIES LTD.,Active,B,10.0,INE075D01018,Breweries & Distilleries,Equity
507490,RANASUG,RANA SUGARS LTD.,Active,B,10.0,INE625B01014,Sugar,Equity
507498,PICCASUG,PICCADILY SUGAR & ALLIED INDUS,Active,X,10.0,INE544C01023,Sugar,Equity
507514,SDBL,SOM DISTILLERIES & BREWERIES L,Active,B,2.0,INE480C01038,,Equity
507515,CJGEL,C.J.GELATINE PRODUCTS LTD.,Active,X,10.0,INE557D01015,Specialty Chemicals,Equity
507526,ASALCBR,ASSOCIATED ALCOHOLS & BREWERIE,Active,B,10.0,INE073G01016,Breweries & Distilleries,Equity
507530,THAKKERS,THAKKERS GROUP LIMITED,Active,X,10.0,INE04VT01017,,Equity
507543,CORAGRO,COROMANDEL AGRO PRODUCTS & OIL,Active,P,10.0,INE495D01018,,Equity
507552,FOODSIN,FOODS & INNS LTD.,Active,B,1.0,INE976E01023,,Equity
507580,IVP,IVP LTD.,Active,T,10.0,INE043C01018,Commodity Chemicals,Equity
507598,KLRFM,KOVILPATTI LAKSHMI ROLLER FLOU,Active,X,10.0,INE014E01015,Textiles,Equity
507609,OLYOI,OLYMPIC OIL INDUSTRIES LTD.,Active,X,10.0,INE286E01019,Other Agricultural Products,Equity
507621,MLKFOOD,MILKFOOD LTD.,Active,B,5.0,INE588G01021,,Equity
507645,POLSON,POLSON LTD.,Active,X,50.0,INE339F01021,Specialty Chemicals,Equity
507663,SIGNGCL,SIGNATURE GREEN CORPORATION LI,Active,X,10.0,INE131O01024,,Equity
507685,WIPRO,WIPRO LTD.,Active,A,2.0,INE075A01022,IT Consulting & Software,Equity
507690,ORIBEVER,ORIENT BEVERAGES LTD.,Active,X,10.0,INE247F01018,Construction & Engineering,Equity
507717,DHANUKA,DHANUKA AGRITECH LTD.,Active,B,2.0,INE435G01025,Agrochemicals,Equity
507747,TTKHLTCARE,TTK HEALTHCARE LTD.,Active,B,10.0,INE910C01018,Pharmaceuticals,Equity
507753,TGVSL,TGV SRAAC Limited,Active,B,10.0,INE284B01028,Commodity Chemicals,Equity
507759,LIMECHM,LIME CHEMICALS LTD.,Active,X,10.0,INE891G01011,Commodity Chemicals,Equity
507779,KANPRPLA,KANPUR PLASTIPACK LTD.,Active,B,10.0,INE694E01014,Containers & Packaging,Equity
507785,TAINWALCHM,TAINWALA CHEMICALS & PLASTICS,Active,B,10.0,INE123C01018,Plastic Products,Equity
507789,JAGSNPHARM,JAGSONPAL PHARMACEUTICALS LTD.,Active,B,2.0,INE048B01035,,Equity
507794,KHAICHEM,KHAITAN CHEMICALS & FERTILIZER,Active,B,1.0,INE745B01028,Fertilizers,Equity
507808,UNTTEMI,UNITED LEASING & INDUSTRIES LT,Active,P,10.0,INE357P01014,,Equity
507813,NOL,NATIONAL OXYGEN LTD.,Active,X,10.0,INE296D01010,Industrial Gases,Equity
507815,GILLETTE,GILLETTE INDIA LTD.,Active,A,10.0,INE322A01010,Personal Products,Equity
507817,WIREFABR,WIRES & FABRIKS (SA) LTD.,Active,X,10.0,INE469D01013,Textiles,Equity
507828,ANSALHSG,ANSAL HOUSING LIMITED,Active,X,10.0,INE880B01015,Realty,Equity
507833,COMPUPN,COMPUTER POINT LTD.,Active,X,10.0,INE607B01012,Computer Hardware,Equity
507836,MCCHRLS-B,MAC CHARLES (INDIA) LTD.,Active,B,10.0,INE435D01014,Hotels,Equity
507852,ADDIND,ADDI INDUSTRIES LTD.,Active,B,5.0,INE757C01021,Other Apparels & Accessories,Equity
507864,PIONRINV,PIONEER INVESTCORP LTD.,Active,T,10.0,INE746D01014,Other Financial Services,Equity
507872,ASHNOOR,ASHNOOR TEXTILE MILLS LTD.,Active,X,10.0,INE372I01018,Textiles,Equity
507878,UNITECH,UNITECH LTD.,Active,B,2.0,INE694A01020,Realty,Equity
507880,VIPIND,V.I.P.INDUSTRIES LTD.,Active,A,2.0,INE054A01027,Other Apparels & Accessories,Equity
507910,FIBERWEB,FIBERWEB (INDIA) LTD.,Active,B,10.0,INE296C01020,,Equity
507912,GYFTR,GYFTR LIMITED,Active,B,10.0,INE724A01017,Other Financial Services,Equity
507917,EASTBUILD,EAST BUILDTECH LTD.,Active,XT,10.0,INE706N01017,Realty,Equity
507938,MNPLFIN,MANIPAL FINANCE CORPORATION LT,Active,P,10.0,INE798E01013,Finance (including NBFCs),Equity
507944,BAJAJST,BAJAJ STEEL INDUSTRIES LTD.,Active,B,5.0,INE704G01024,,Equity
507946,KIDUJA,KIDUJA INDIA LTD.,Active,X,1.0,INE845A01028,,Equity
507948,KEYCORP,KEY CORP LTD.,Active,X,10.0,INE130F01016,Finance (including NBFCs),Equity
507952,SHIKHARLETR,SHIKHAR LEASING & TRADING LTD.,Active,XT,10.0,INE02BV01019,,Equity
507960,GUJHOTE,GUJARAT HOTELS LTD.,Active,X,10.0,INE621C01011,Hotels,Equity
507962,FYNX,FYNX CAPITAL LIMITED,Active,XT,1.0,INE455H01021,,Equity
507966,RASRESOR,RAS RESORTS & APART HOTELS LTD,Active,X,10.0,INE651D01016,Hotels,Equity
507968,JOLYPLS,JOLLY PLASTIC INDUSTRIES LTD.,Active,XT,10.0,INE289M01016,,Equity
507970,PARMCOS-B,PARAMOUNT COSMETICS (INDIA) LT,Active,X,10.0,INE143I01013,Personal Products,Equity
507981,JINDHOT,JINDAL HOTELS LTD.,Active,X,10.0,INE726D01016,Hotels,Equity
507984,DESIFARMS,Desi Farms India Limited,Active,XT,10.0,INE358F01013,Surface Transportation,Equity
507987,JPTRLES,JUPITER INDUSTRIES & LEASING L,Active,P,10.0,INE990E01016,Finance (including NBFCs),Equity
507998,SIMMOND,SIMMONDS MARSHALL LTD.,Active,X,2.0,INE657D01021,Auto Parts & Equipment,Equity
508136,BNALTD,B & A LTD.,Active,T,10.0,INE489D01011,Tea & Coffee,Equity
508486,HAWKINCOOK,HAWKINS COOKERS LTD.,Active,B,10.0,INE979B01015,Houseware,Equity
508494,WARRENTEA,WARREN TEA LTD.,Active,X,10.0,INE712A01012,Tea & Coffee,Equity
508571,COCHMAL,COCHIN MALABAR ESTATES & INDUS,Active,X,10.0,INE788M01017,Auto Tyres & Rubber Products,Equity
508664,BESTEAST,BEST EASTERN HOTELS LTD.,Active,XT,1.0,INE553F01035,Hotels,Equity
508670,NEAGI,NEELAMALAI AGRO INDUSTRIES LTD,Active,B,10.0,INE605D01012,Tea & Coffee,Equity
508807,ISTLTD,IST LTD.,Active,B,5.0,INE684B01029,,Equity
508814,COSMOFIRST,Cosmo First Limited,Active,B,10.0,INE757A01017,Commodity Chemicals,Equity
508860,DIAMANT,DIAMANT INFRASTRUCTURE LIMITED,Active,XT,2.0,INE206I01026,Construction & Engineering,Equity
508867,NEWMKTAVE,NEW MARKETS AVENUE LIMITED,Active,XT,10.0,INE800K01014,IT Software Products,Equity
508869,APOLLOHOSP,APOLLO HOSPITALS ENTERPRISE LT,Active,A,5.0,INE437A01024,Healthcare Facilities,Equity
508875,NITINCAST,Nitin Castings Limited,Active,X,5.0,INE861H01020,,Equity
508905,NEXOME,NEXOME CAPITAL MARKETS LIMITED,Active,XT,10.0,INE641A01013,Other Financial Services,Equity
508906,EVERESTIND,EVEREST INDUSTRIES LTD.,Active,T,10.0,INE295A01018,Cement & Cement Products,Equity
508918,IRONWOOD,IRONWOOD EDUCATION LIMITED,Active,X,10.0,INE791H01011,Education,Equity
508922,MSRINDIA,MSR INDIA LTD.,Active,Z,5.0,INE331L01026,Houseware,Equity
508929,AIRLTD,AVISHKAR INFRA REALTY LIMITED,Active,X,10.0,INE433O01024,Realty,Equity
508933,AYMSYNTEX,AYM Syntex Limited,Active,B,10.0,INE193B01039,Textiles,Equity
508941,PANCARBON,PANASONIC CARBON INDIA CO.LTD.,Active,X,10.0,INE013E01017,Other Industrial Goods,Equity
508954,FINKURVE,FINKURVE FINANCIAL SERVICES LT,Active,B,1.0,INE734I01027,Finance (including NBFCs),Equity
508956,HBLEAS,HB LEASING & FINANCE CO.LTD.,Active,X,10.0,INE549B01016,Finance (including NBFCs),Equity
508961,SHRICON,SHRICON INDUSTRIES LTD.,Active,XT,10.0,INE753D01010,Finance (including NBFCs),Equity
508969,SULABEN,SULABH ENGINEERS & SERVICES LT,Active,X,1.0,INE673M01029,,Equity
508980,FRONTCAP,FRONTIER CAPITAL LIMITED,Active,X,10.0,INE977E01013,Misc.Commercial Services,Equity
508989,NAVNETEDUL,NAVNEET EDUCATION LIMITED,Active,B,2.0,INE060A01024,Publishing,Equity
509003,TRANOCE,TRANSOCEANIC PROPERTIES LTD.,Active,XT,10.0,INE074J01018,,Equity
509009,AUSOMENT,AUSOM ENTERPRISE LIMITED,Active,B,10.0,INE218C01016,Comm.Trading  & Distribution,Equity
509015,THAKRAL,THAKRAL SERVICES (INDIA) LTD.,Active,X,3.0,INE190F01028,Electronic Components,Equity
509020,RUCHINFRA,RUCHI INFRASTRUCTURE LTD.,Active,B,1.0,INE413B01023,Edible Oils,Equity
509024,GOLDLEG,GOLDEN LEGAND LEASING & FINANC,Active,X,10.0,INE088E01019,,Equity
509026,VJTFEDU,VJTF EDUSERVICES LTD.,Active,X,10.0,INE117F01013,Education,Equity
509038,VOLLF,VOLTAIRE LEASING & FINANCE LTD,Active,X,10.0,INE763D01019,Finance (including NBFCs),Equity
509040,NETLINK,NETLINK SOLUTIONS (INDIA) LTD.,Active,X,10.0,INE040F01033,,Equity
509046,TRILIANCE,TRILIANCE POLYMERS LIMITED,Active,X,10.0,INE778N01016,Misc.Commercial Services,Equity
509048,LANCORHOL,LANCOR HOLDINGS LTD.,Active,B,2.0,INE572G01025,Realty,Equity
509051,INDINFO,INDIAN INFOTECH & SOFTWARE LTD,Active,X,1.0,INE300B01022,IT Software Products,Equity
509053,BANASFN,BANAS FINANCE LTD.,Active,X,10.0,INE521L01030,,Equity
509055,VISAKAIND,VISAKA INDUSTRIES LTD.,Active,B,2.0,INE392A01021,,Equity
509069,INFOMEDIA,INFOMEDIA PRESS LTD.,Active,B,10.0,INE669A01022,Publishing,Equity
509073,HATHWAYB,HATHWAY BHAWANI CABLETEL & DAT,Active,X,10.0,INE525B01016,Broadcasting & Cable TV,Equity
509079,GUFICBIO,GUFIC BIOSCIENCES LTD.,Active,B,1.0,INE742B01025,Pharmaceuticals,Equity
509084,PHOTON,PHOTON CAPITAL ADVISORS LTD.,Active,XT,10.0,INE107J01016,Misc.Commercial Services,Equity
509099,OSWALEA,OSWAL LEASING LTD.,Active,P,10.0,INE811Q01018,,Equity
509152,GRPLTD,GRP LTD.,Active,B,10.0,INE137I01015,Auto Tyres & Rubber Products,Equity
509162,INDAG,INDAG RUBBER LTD.,Active,X,2.0,INE802D01023,Auto Tyres & Rubber Products,Equity
509196,MMRUBBR-B,MM RUBBER COMPANY LTD.,Active,X,2.0,INE159E01026,Auto Tyres & Rubber Products,Equity
509220,PTL,PTL ENTERPRISES LTD.,Active,B,1.0,INE034D01049,,Equity
509243,TVSSRICHAK,TVS SRICHAKRA LTD.,Active,B,10.0,INE421C01016,Auto Tyres & Rubber Products,Equity
509423,SEL,SANATHNAGAR ENTERPRISES LIMITE,Active,X,10.0,INE367E01033,,Equity
509438,BENARAS,BENARES HOTELS LTD.,Active,B,10.0,INE664D01019,Hotels,Equity
509449,BHAGWOX,BHAGWATI OXYGEN LTD.,Active,X,10.0,INE026I01010,Commodity Chemicals,Equity
509470,BOMOXY-B1,BOMBAY OXYGEN INVESTMENTS LIMI,Active,X,100.0,INE01TL01014,,Equity
509472,CRAVATEX,CRAVATEX LTD.,Active,B,10.0,INE145E01017,Comm.Trading  & Distribution,Equity
509480,BERGEPAINT,BERGER PAINTS INDIA LTD.,Active,A,1.0,INE463A01038,Furniture-Furnishing-Paints,Equity
509486,CAPRIHANS,CAPRIHANS INDIA LTD.,Active,XT,10.0,INE479A01018,Plastic Products,Equity
509488,GRAPHITE,GRAPHITE INDIA LTD.,Active,A,2.0,INE371A01025,Other Industrial Goods,Equity
509496,CEMPRO,Cemindia Projects Limited,Active,A,1.0,INE686A01026,Construction & Engineering,Equity
509525,EMPIND,EMPIRE INDUSTRIES LTD.,Active,B,10.0,INE515H01014,Diversified,Equity
509546,GRAVISSHO,GRAVISS HOSPITALITY LIMITED,Active,B,2.0,INE214F01026,Hotels,Equity
509557,GARFIBRES,GARWARE TECHNICAL FIBRES LIMIT,Active,A,10.0,INE276A01018,Textiles,Equity
509563,GARWAMAR,GARWARE MARINE INDUSTRIES LTD.,Active,X,10.0,INE925D01014,Textiles,Equity
509567,GOACARBON,GOA CARBON LTD.,Active,B,10.0,INE426D01013,Refineries/ Petro-Products,Equity
509597,HARDCAS,HARDCASTLE & WAUD MFG.CO.LTD.,Active,X,10.0,INE722D01015,Specialty Chemicals,Equity
509631,HEG,HEG LTD.,Active,A,2.0,INE545A01024,,Equity
509635,HINDCOMPOS,HINDUSTAN COMPOSITES LTD.,Active,B,5.0,INE310C01029,,Equity
509650,ZHINDHSG,HINDUSTAN HOUSING CO.LTD.,Active,XT,25.0,INE083O01019,Housing Finance,Equity
509675,BIRLANU,BIRLANU LIMITED,Active,B,10.0,INE557A01011,Cement & Cement Products,Equity
509692,INDIANCARD,INDIAN CARD CLOTHING CO.LTD.,Active,B,10.0,INE061A01014,Textiles,Equity
509709,INTLCONV,INTERNATIONAL CONVEYORS LTD.,Active,B,1.0,INE575C01027,Plastic Products,Equity
509715,JAYSREETEA,JAY SHREE TEA & INDUSTRIES LTD,Active,B,5.0,INE364A01020,Tea & Coffee,Equity
509732,KOTIC,KOTHARI INDUSTRIAL CORPORATION,Active,B,5.0,INE972A01020,,Equity
509760,MODRNSH,MODERN SHARES & STOCKBROKERS L,Active,X,10.0,INE370A01019,Other Financial Services,Equity
509762,MAPROIN,MAPRO INDUSTRIES LTD.,Active,XT,10.0,INE848M01019,,Equity
509782,OSEASPR,OSEASPRE CONSULTANTS LTD.,Active,XT,10.0,INE880P01015,,Equity
509820,HUHTAMAKI,HUHTAMAKI INDIA LIMITED,Active,B,2.0,INE275B01026,Containers & Packaging,Equity
509835,PREMSYN,PREMIER SYNTHETICS LTD.,Active,X,10.0,INE940N01012,Textiles,Equity
509845,RJSHAH,R.J.SHAH & CO.LTD.,Active,P,10.0,INE712Z01019,,Equity
509870,SHAHCON,SHAH CONSTRUCTION CO.LTD.,Active,X,100.0,INE02C301011,,Equity
509874,SHALPAINTS,SHALIMAR PAINTS LTD.,Active,T,2.0,INE849C01026,Furniture-Furnishing-Paints,Equity
509887,SINNAR,SINNAR BIDI UDYOG LTD.,Active,XT,5.0,INE896E01023,,Equity
509895,HINDMILL,HINDOOSTAN MILLS LTD.,Active,X,10.0,INE832D01020,Textiles,Equity
509910,ZSOUTGAS,The Southern Gas Limited,Active,P,100.0,INE532U01012,,Equity
509917,TECHCON,TECHNOJET CONSULTANTS LTD.,Active,XT,10.0,INE881P01013,,Equity
509930,SUPREMEIND,SUPREME INDUSTRIES LTD.,Active,A,2.0,INE195A01028,Plastic Products,Equity
509945,THACKER,THACKER & CO.LTD.,Active,T,1.0,INE077P01034,Other Financial Services,Equity
509953,TRADWIN,TRADE WINGS LTD.,Active,XT,10.0,INE961E01017,Travel Support Services,Equity
509960,UPHOT,U.P.HOTELS LTD.,Active,B,10.0,INE726E01014,,Equity
509966,VSTIND,VST INDUSTRIES LTD.,Active,B,10.0,INE710A01016,Cigarettes-Tobacco Products,Equity
510245,SWASTIVI,SWASTI VINAYAKA SYNTHETICS LTD,Active,X,1.0,INE804A01025,Comm.Trading  & Distribution,Equity
511000,MSLGLOBAL,MSL GLOBAL LIMITED,Active,X,10.0,INE856D01011,Finance (including NBFCs),Equity
511012,YAMNINV,YAMINI INVESTMENTS COMPANY LTD,Active,XT,1.0,INE457N01025,Investment Companies,Equity
511016,PREMCAP,PREMIER CAPITAL SERVICES LTD.,Active,XT,1.0,INE946K01023,,Equity
511018,ZMILGFIN,MILGREY FINANCE & INVESTMENT L,Active,X,10.0,INE679T01013,,Equity
511034,JINDRILL,JINDAL DRILLING & INDUSTRIES L,Active,B,5.0,INE742C01031,Exploration & Production,Equity
511038,ZARCOLEA,ARCO LEASING LTD.,Active,XT,10.0,INE955S01019,Finance (including NBFCs),Equity
511048,KUSUMEL,KUSAM ELECTRICAL INDUSTRIES LT,Active,XT,10.0,INE175Q01018,Comm.Trading  & Distribution,Equity
511060,JUMBFNL,JUMBO FINANCE LTD.,Active,XT,10.0,INE122N01017,Misc.Commercial Services,Equity
511066,SAKTHIFIN,SAKTHI FINANCE LTD.,Active,X,10.0,INE302E01014,Finance (including NBFCs),Equity
511074,EASYFIN,EASY FINCORP LIMITED,Active,Z,10.0,INE407F01018,Finance (including NBFCs),Equity
511076,AEROENTER,AEROFLEX ENTERPRISES LIMITED,Active,B,2.0,INE065D01027,Comm.Trading  & Distribution,Equity
511092,JMDVL,JMD Ventures Limited,Active,XT,10.0,INE047E01031,,Equity
511096,TVOLCON,TIVOLI CONSTRUCTION LTD.,Active,XT,10.0,INE747V01014,,Equity
511108,SHIVATEX,SHIVA TEXYARN LTD.,Active,B,10.0,INE705C01020,,Equity
511110,VBDESAI,V.B.DESAI FINANCIAL SERVICES L,Active,X,10.0,INE848D01018,Finance (including NBFCs),Equity
511116,QUADRANT,QUADRANT TELEVENTURES LIMITED,Active,XT,1.0,INE527B01020,Telecom Services,Equity
511122,1STCUS,FIRST CUSTODIAN FUND (INDIA) L,Active,X,10.0,INE609B01018,Finance (including NBFCs),Equity
511131,KAMANWALA,KAMANWALA HOUSING CONSTRUCTION,Active,B,10.0,INE344D01018,Realty,Equity
511144,AXISOL,AXIS SOLUTIONS LIMITED,Active,XT,10.0,INE520G01024,,Equity
511147,WSFX,WSFX Global Pay Limited,Active,X,10.0,INE549D01012,Finance (including NBFCs),Equity
511153,ANJANIFOODS,Anjani Foods Limited,Active,XT,2.0,INE096I01021,,Equity
511169,RKDAGRRTL,RKD AGRI AND RETAIL LIMITED,Active,X,1.0,INE552N01023,,Equity
511176,PARSHWANA,PARSHWANATH CORPORATION LTD.,Active,X,10.0,INE635I01018,Realty,Equity
511185,RAJVI,RAJVI LOGITRADE LIMITED,Active,X,10.0,INE381N01019,Finance (including NBFCs),Equity
511187,MILLENNIUM,Millennium Online Solutions (I,Active,X,1.0,INE570N01025,Misc.Commercial Services,Equity
511194,ICDSLTD,ICDS LTD.,Active,B,10.0,INE613B01010,,Equity
511196,CANFINHOME,CAN FIN HOMES LTD.,Active,A,2.0,INE477A01020,,Equity
511200,MUNCAPM,MUNOTH CAPITAL MARKET LTD.,Active,XT,5.0,INE910G01027,Misc.Commercial Services,Equity
511208,IVC,IL&FS INVESTMENT MANAGERS LTD.,Active,B,2.0,INE050B01023,Asset Management Cos.,Equity
511218,SHRIRAMFIN,Shriram Finance Limited,Active,A,2.0,INE721A01047,,Equity
511243,CHOLAFIN,CHOLAMANDALAM INVESTMENT AND F,Active,A,2.0,INE121A01024,,Equity
511246,BOMTALKIES,BOMBAY TALKIES LIMITED,Active,X,1.0,INE910D01024,Finance (including NBFCs),Equity
511254,SAGARSYST,SAGAR SYSTECH LTD.,Active,XT,10.0,INE771Z01015,,Equity
511260,ICONIKSPEV,ICONIK SPORTS AND EVENTS LIMIT,Active,X,10.0,INE088P01015,,Equity
511333,VLSFINANCE,VLS FINANCE LTD.,Active,B,10.0,INE709A01018,Other Financial Services,Equity
511355,INDCEMCAP,INDIA CEMENTS CAPITAL LTD.,Active,XT,10.0,INE429D01017,Finance (including NBFCs),Equity
511359,ADMANUM,AD-MANUM FINANCE LTD.,Active,X,10.0,INE556D01017,Finance (including NBFCs),Equity
511377,MEHIF,MEHTA INTEGRATED FINANCE LTD.,Active,X,10.0,INE240B01012,Finance (including NBFCs),Equity
511391,INTRGLB,INTER GLOBE FINANCE LTD.,Active,X,10.0,INE661M01016,Finance (including NBFCs),Equity
511401,MCLTD,MUNOTH COMMUNICATION LIMITED,Active,X,10.0,INE410E01015,Other Financial Services,Equity
511411,SHRISTI,SHRISTI INFRASTRUCTURE DEVELOP,Active,X,10.0,INE472C01027,Construction & Engineering,Equity
511413,CREST,CREST,Active,B,10.0,INE559D01011,Misc.Commercial Services,Equity
511431,VAKRANGEE,VAKRANGEE LIMITED,Active,B,1.0,INE051B01021,Specialty Retail,Equity
511441,GUJCRED,GUJARAT CREDIT CORPORATION LTD,Active,X,10.0,INE034B01019,,Equity
511447,SYLPH,Sylph Industries Limited,Active,X,1.0,INE706F01021,,Equity
511451,DHARFIN,DHARANI FINANCE LTD.,Active,XT,10.0,INE899D01011,Finance (including NBFCs),Equity
511463,ALEXANDER,Alexander Stamps And Coin Limi,Active,X,10.0,INE191N01012,,Equity
511473,INDBANK,INDBANK MERCHANT BANKING SERVI,Active,B,10.0,INE841B01017,Other Financial Services,Equity
511493,SHRYDUS,SHRYDUS INDUSTRIES LIMITED,Active,XT,10.0,INE488C01015,Finance (including NBFCs),Equity
511501,BHARAT,Bharat Bhushan Finance & Commo,Active,X,10.0,INE900A01013,Other Financial Services,Equity
511505,CAPTRUST,CAPITAL TRUST LTD.,Active,T,10.0,INE707C01018,Finance (including NBFCs),Equity
511507,USHAKIRA,USHAKIRAN FINANCE LTD.,Active,X,10.0,INE697C01011,Finance (including NBFCs),Equity
511509,VIVOBIOT,VIVO BIO TECH LTD.,Active,B,10.0,INE380K01017,Biotechnology,Equity
511523,VEERHEALTH,VEERHEALTH CARE LIMITED,Active,XT,10.0,INE882C01035,,Equity
511525,PANINDIAC,PAN INDIA CORPORATION LTD.,Active,X,10.0,INE376A01032,IT Software Products,Equity
511533,SAHARAHOUS,SAHARA HOUSINGFINA CORPORATION,Active,X,10.0,INE135C01012,Housing Finance,Equity
511535,NDASEC,NDA SECURITIES LTD.,Active,X,10.0,INE026C01013,Other Financial Services,Equity
511539,SUPRATRE,Supra Trends Limited,Active,X,10.0,INE533B01028,,Equity
511543,GSBFIN,GSB FINANCE LTD.,Active,XT,10.0,INE777C01011,Finance (including NBFCs),Equity
511549,MORARKFI,MORARKA FINANCE LTD.,Active,X,10.0,INE367A01015,Finance (including NBFCs),Equity
511551,MONARCH,Monarch Networth Capital Limit,Active,B,10.0,INE903D01011,Other Financial Services,Equity
511557,PROFINC,PRO FIN CAPITAL SERVICES LTD.,Active,Z,1.0,INE732K01027,,Equity
511559,TEAMGTY,TEAM INDIA GUARANTY LIMITED,Active,B,10.0,INE289C01025,Finance (including NBFCs),Equity
511563,SANCF,SANCHAY FINVEST LTD.,Active,Z,10.0,INE654D01010,,Equity
511571,CRESCENTIS,Crescentis Capital Limited,Active,X,10.0,INE754C01010,Finance (including NBFCs),Equity
511577,MANTRA,Mantra Capital Limited,Active,X,10.0,INE304E01010,Finance (including NBFCs),Equity
511585,BEFOUNDMOL,BEFOUND MOVEMENT LIMITED,Active,XT,1.0,INE425F01028,,Equity
511589,AVONMORE,AVONMORE CAPITAL & MANAGEMENT,Active,B,1.0,INE323B01024,,Equity
511593,LIBORDFIN,LIBORD FINANCE LTD,Active,X,10.0,INE212B01011,Finance (including NBFCs),Equity
511601,YASHMGM,YASH MANAGEMENT & SATELLITE LT,Active,X,10.0,INE216B01012,Finance (including NBFCs),Equity
511605,ARIHANTCAP,ARIHANT CAPITAL MARKETS LTD.,Active,B,1.0,INE420B01036,,Equity
511609,ISLCONSUL,ISL CONSULTING LTD.,Active,X,5.0,INE569B01022,,Equity
511611,DCMFINSERV,DCM FINANCIAL SERVICES LTD.,Active,B,10.0,INE891B01012,Finance (including NBFCs),Equity
511626,RRFIN,RR FINANCIAL CONSULTANTS LTD.,Active,XT,10.0,INE229D01011,Finance (including NBFCs),Equity
511628,FEDDERSHOL,FEDDERS HOLDING LIMITED,Active,B,1.0,INE417D01020,,Equity
511630,SAMBHAAV,SAMBHAAV MEDIA LTD.,Active,B,1.0,INE699B01027,Publishing,Equity
511632,OLYMTFI,OLYMPIC MANAGEMENT & FINANCIAL,Active,XT,10.0,INE091N01014,,Equity
511634,AXENTRA,AXENTRA CORP LIMITED,Active,X,10.0,INE919M01026,,Equity
511636,DJSSS,DJS STOCK & SHARES LTD.,Active,XT,1.0,INE234E01027,,Equity
511644,OMEGAIN,OMEGA INTERACTIVE TECHNOLOGIES,Active,X,1.0,INE113B01037,,Equity
511654,SUGALDAM,SUGAL & DAMANI SHARE BROKERS L,Active,X,10.0,INE309D01011,Finance (including NBFCs),Equity
511658,NETTLINX,NETTLINX LTD.,Active,X,10.0,INE027D01019,IT Software Products,Equity
511660,PREMCAPM,PREMIUM CAPITAL MARKET & INVES,Active,XT,10.0,INE555D01019,,Equity
511664,BGIL,BGIL FILMS & TECHNOLOGIES LTD.,Active,X,10.0,INE443D01018,Movies & Entertainment,Equity
511672,SCANSTL,Scan Steels Limited,Active,T,10.0,INE099G01011,Iron & Steel/Interm.Products,Equity
511676,GICHSGFIN,GIC HOUSING FINANCE LTD.,Active,B,10.0,INE289B01019,Housing Finance,Equity
511688,MATHEWE,MATHEW EASOW RESEARCH SECURITI,Active,XT,10.0,INE963B01019,Finance (including NBFCs),Equity
511692,AJCON,AJCON GLOBAL SERVICES LTD.,Active,X,1.0,INE759C01027,,Equity
511696,CHRTEDCA,CHARTERED CAPITAL & INVESTMENT,Active,X,10.0,INE953B01010,Other Financial Services,Equity
511700,STANCAP,STANDARD CAPITAL MARKETS LTD.,Active,X,1.0,INE625D01028,,Equity
511702,YOGI,YOGI LIMITED,Active,B,10.0,INE290E01011,Finance (including NBFCs),Equity
511710,CUBIFIN,CUBICAL FINANCIAL SERVICES LTD,Active,XT,2.0,INE717D01023,Finance (including NBFCs),Equity
511712,RELICTEC,RELIC TECHNOLOGIES LTD.,Active,X,10.0,INE452B01013,Other Financial Services,Equity
511714,NIMBSPROJ,NIMBUS PROJECTS LTD.,Active,B,10.0,INE875B01015,Realty,Equity
511716,INVIGO,Invigorated Business Consultin,Active,X,10.0,INE359A01012,Finance (including NBFCs),Equity
511724,BAIDFIN,BAID FINSERV LIMITED,Active,B,2.0,INE020D01022,,Equity
511726,VIPULLTD,VIPUL LTD.,Active,T,1.0,INE946H01037,Realty,Equity
511728,KZLFIN,K.Z.LEASING & FINANCE LTD.,Active,X,10.0,INE006C01015,Finance (including NBFCs),Equity
511730,BYLD,BYLD Capital Finance Limited,Active,XT,10.0,INE759D01017,Finance (including NBFCs),Equity
511734,PASUFIN,PASUPATI FINCAP LTD.,Active,XT,10.0,INE527C01010,Finance (including NBFCs),Equity
511738,MEHSECU,MEHTA SECURITIES LTD.,Active,X,10.0,INE241B01010,Other Financial Services,Equity
511740,RFL,RUPAREL FOOD PRODUCTS LIMITED,Active,X,10.0,INE239B01014,Housing Finance,Equity
511742,UGROCAP,UGRO CAPITAL LIMITED,Active,B,10.0,INE583D01011,Finance (including NBFCs),Equity
511754,SAHLIBHFI,SHALIBHADRA FINANCE LTD.,Active,B,10.0,INE861D01011,Finance (including NBFCs),Equity
511756,ABIRAFN,ABIRAMI FINANCIAL SERVICES (IN,Active,Z,10.0,INE195I01013,Finance (including NBFCs),Equity
511758,MANSIFIN,MANSI FINANCE (CHENNAI) LTD.,Active,X,10.0,INE094E01017,Finance (including NBFCs),Equity
511764,AASTAFIN,Aastamangalam Finance Limited,Active,X,10.0,INE819K01014,Finance (including NBFCs),Equity
511766,MUTHOOTCAP,MUTHOOT CAPITAL SERVICES LTD.,Active,B,10.0,INE296G01013,Finance (including NBFCs),Equity
511768,MASTERTR,MASTER TRUST LTD.,Active,B,1.0,INE677D01037,,Equity
512004,ZNILKENG,NILKANTH ENGINEERING LTD.,Active,P,10.0,INE582V01015,,Equity
512008,EFCIL,EFC (I) LIMITED,Active,B,2.0,INE886D01026,,Equity
512014,SOBME,SOBHAGYA MERCHANTILE LTD.,Active,X,10.0,INE754D01018,Misc.Commercial Services,Equity
512018,TTGIL,TOMORROW TECHNOLOGIES GLOBAL I,Active,X,1.0,INE135H01029,Internet Software & Services,Equity
512020,ZSARACOM,SARASWATI COMMERCIAL (INDIA) L,Active,B,10.0,INE967G01019,Finance (including NBFCs),Equity
512022,WINROC,WINRO COMMERCIAL (INDIA) LTD.,Active,XT,10.0,INE837E01019,Other Financial Services,Equity
512024,NDMETAL,N.D.METAL INDUSTRIES LTD.,Active,XT,10.0,INE643D01013,Copper,Equity
512025,ASGARD,ASGARD ALCOBEV LIMITED,Active,X,1.0,INE767M01029,,Equity
512026,VEGA,VEGA JEWELLERS LIMITED,Active,XT,10.0,INE603D01017,Comm.Trading  & Distribution,Equity
512036,SKYBIOTECH,SKYBIOTECH HEALTHCARE LIMITED,Active,X,10.0,INE393H01016,,Equity
512038,TCC,TCC CONCEPT LIMITED,Active,B,10.0,INE887D01016,Comm.Trading  & Distribution,Equity
512047,ROYALIND,ROYAL INDIA CORPORATION LIMITE,Active,X,10.0,INE510H01015,Other Apparels & Accessories,Equity
512048,DHANSAFAL,DHANSAFAL FINSERVE LIMITED,Active,X,1.0,INE195E01020,Realty,Equity
512060,SHYAM,VENTURA GUARANTY LTD.,Active,P,10.0,INE139J01019,,Equity
512062,TANDHANIN,TANDHAN INDUSTRIES LIMITED,Active,XT,10.0,INE896J01014,Misc.Commercial Services,Equity
512063,WARDHEALTH,WARDWIZARD HEALTHCARE LIMITED,Active,P,10.0,INE048E01013,Comm.Trading  & Distribution,Equity
512064,VISVEN,VISHVPRABHA VENTURES LIMITED,Active,X,10.0,INE762D01011,Misc.Commercial Services,Equity
512065,MRUTR,MRUGESH TRADING LTD.,Active,XT,1.0,INE738D01029,,Equity
512068,DECNGOLD,DECCAN GOLD MINES LTD.,Active,B,1.0,INE945F01025,Other Non-Ferrous Metals,Equity
512070,UPL,UPL LIMITED,Active,A,2.0,INE628A01036,Agrochemicals,Equity
512091,GDIL,GLOBAL DEFENCE INDUSTRIES LIMI,Active,XT,10.0,INE425H01016,Other Apparels & Accessories,Equity
512093,CRANESSOFT,CRANES SOFTWARE INTERNATIONAL,Active,Z,2.0,INE234B01023,IT Software Products,Equity
512097,SAICOM,SAIANAND COMMERCIAL LIMITED,Active,X,1.0,INE092G01024,,Equity
512099,EY,EYANTRA VENTURES LIMITED,Active,XT,10.0,INE750G01019,Other Apparels & Accessories,Equity
512101,TRIPR,TRIOCHEM PRODUCTS LTD.,Active,XT,10.0,INE331E01013,Pharmaceuticals,Equity
512103,NIDHGRN,NIDHI GRANITES LTD.,Active,XT,10.0,INE276H01013,Construction Materials,Equity
512109,AVIVA,AVIVA INDUSTRIES LTD.,Active,X,10.0,INE461H01011,Comm.Trading  & Distribution,Equity
512115,ROSEMER,ROSE MERC.LTD.,Active,X,10.0,INE649C01012,,Equity
512117,TWIROST,TWIN ROSES TRADES & AGENCIES L,Active,XT,10.0,INE436U01016,,Equity
512131,SIGIND,SIGNET INDUSTRIES LIMITED,Active,B,10.0,INE529F01035,,Equity
512147,KAJALSY,KAJAL SYNTHETICS & SILK MILLS,Active,XT,10.0,INE956V01011,,Equity
512149,AVANCE,AVANCE TECHNOLOGIES LTD.,Active,B,1.0,INE758A01072,,Equity
512153,MLINDLTD,M LAKHAMSI INDUSTRIES LIMITED,Active,XT,10.0,INE808W01012,,Equity
512157,TERRAREAL,TERRAFORM REALSTATE LIMITED,Active,P,10.0,INE123V01018,,Equity
512161,SECURKLOUD,SECUREKLOUD TECHNOLOGIES LIMIT,Active,B,5.0,INE650K01021,,Equity
512165,ABANSENT,ABANS ENTERPRISES LTD,Active,B,2.0,INE365O01028,,Equity
512169,CAPRICORN,CAPRICORN SYSTEMS GLOBAL SOLUT,Active,XT,10.0,INE968E01012,Misc.Commercial Services,Equity
512175,VAMA,VAMA INDUSTRIES LTD.,Active,X,2.0,INE685D01022,,Equity
512179,SUNTECK,SUNTECK REALTY LTD.,Active,B,1.0,INE805D01034,,Equity
512195,BENTCOM,BENTLEY COMMERCIAL ENTERPRISES,Active,P,10.0,INE496M01017,Misc.Commercial Services,Equity
512197,SILVERO,SILVER OAK COMMERCIAL LTD.,Active,Z,10.0,INE798C01017,Finance (including NBFCs),Equity
512213,CLASELE,CLASSIC ELECTRICALS LTD.,Active,XT,10.0,INE02BR01017,,Equity
512217,PRISMMEDI,PRISM MEDICO AND PHARMACY LTD.,Active,X,10.0,INE730E01016,,Equity
512221,SPVGLOBAL,SPV GLOBAL TRADING LIMITED,Active,XT,10.0,INE177E01010,Finance (including NBFCs),Equity
512229,VERITAS,VERITAS (INDIA) LTD.,Active,XT,1.0,INE379J01029,Consulting Services,Equity
512233,JAYTEX,JAYBHARAT TEXTILES & REAL ESTA,Active,Z,2.0,INE091E01039,Textiles,Equity
512237,JAICORPLTD,JAI CORP LTD.,Active,B,1.0,INE070D01027,Iron & Steel/Interm.Products,Equity
512245,ZNIVITRD,NIVI TRADING LTD.,Active,P,10.0,INE552F01011,Misc.Commercial Services,Equity
512247,ASHCAP,ASHIRWAD CAPITAL LTD.,Active,X,1.0,INE894A01026,Other Financial Services,Equity
512257,SVARTCORP,SWASTI VINAYAKA ART AND HERITA,Active,X,1.0,INE895A01023,Diversified,Equity
512261,BAJGLOB,BAJAJ GLOBAL LTD.,Active,XT,10.0,INE553H01015,Comm.Trading  & Distribution,Equity
512265,AVONMERC,AVON MERCANTILE LTD.,Active,XT,10.0,INE471D01019,,Equity
512267,MMWL,MEDIA MATRIX WORLDWIDE LTD.,Active,B,1.0,INE200D01020,Movies & Entertainment,Equity
512271,TASHIND,TASHI INDIA LTD.,Active,XT,10.0,INE552H01017,Misc.Commercial Services,Equity
512277,AUTOINT,AUTORIDERS INTERNATIONAL LTD.,Active,X,10.0,INE340U01010,,Equity
512279,NNTL,N2N TECHNOLOGIES LIMITED,Active,Z,10.0,INE043F01011,Misc.Commercial Services,Equity
512291,ZSPEEDCO,SPEEDAGE COMMERCIALS LTD.,Active,P,10.0,INE497M01015,Other Financial Services,Equity
512296,BHAGYANGR,BHAGYANAGAR INDIA LTD.,Active,B,2.0,INE458B01036,,Equity
512297,SHANTAI,Shantai Industries Limited,Active,XT,2.0,INE408F01024,,Equity
512301,CHMBBRW,CHAMBAL BREWERIES & DISTILLERI,Active,XT,10.0,INE417N01011,Comm.Trading  & Distribution,Equity
512303,ZMANSOON,MANSOON TRADING CO.LTD.,Active,P,10.0,INE776V01013,,Equity
512307,TYPHOON,TYPHOON HOLDINGS LTD.,Active,XT,10.0,INE2L3M01012,,Equity
512329,SGMART,SG MART LIMITED,Active,B,1.0,INE385F01024,,Equity
512344,ARAVALIS,ARAVALI SECURITIES & FINANCE L,Active,X,10.0,INE068C01015,Comm.Trading  & Distribution,Equity
512345,LEXGLOBAL,LEXORA GLOBAL LIMITED,Active,XT,10.0,INE745A01012,,Equity
512361,CUPIDALBV,CUPID BREWERIES AND DISTILLERI,Active,XT,10.0,INE108G01010,,Equity
512367,ZSHERAPR,SHERATON PROPERTIES & FINANCE,Active,P,10.0,INE495M01019,Other Financial Services,Equity
512377,MAGANTR,MAGNANIMOUS TRADE & FINANCE LT,Active,XT,10.0,INE664N01018,Misc.Commercial Services,Equity
512379,CRSL,CRESSANDA RAILWAY SOLUTIONS LI,Active,B,1.0,INE716D01033,IT Software Products,Equity
512381,STARTECK,STARTECK FINANCE LIMITED,Active,B,10.0,INE992I01013,Comm.Trading  & Distribution,Equity
512393,SHARDUL,SHARDUL SECURITIES LTD.,Active,T,2.0,INE037B01020,,Equity
512399,SERA,SERA INVESTMENTS & FINANCE IND,Active,X,2.0,INE017I01027,,Equity
512404,BENGALS,BENGAL STEEL INDUSTRIES LTD.,Active,P,10.0,INE523W01017,,Equity
512405,IPOWER,I-POWER SOLUTIONS INDIA LTD.,Active,XT,10.0,INE468F01010,Internet Software & Services,Equity
512408,UNIWSEC,UNIWORTH SECURITIES LTD.,Active,XT,10.0,INE728J01019,Textiles,Equity
512415,MERCTRD,MERCURY TRADE LINKS LTD.,Active,X,10.0,INE319T01016,,Equity
512425,NIRAVCOM,NIRAV COMMERCIALS LTD.,Active,X,10.0,INE242B01018,Comm.Trading  & Distribution,Equity
512431,WHITHAL,WHITE HALL COMMERCIAL CO.LTD.,Active,XT,10.0,INE416X01012,,Equity
512433,ASUTENT,ASUTOSH ENTERPRISES LTD.,Active,P,10.0,INE508W01018,,Equity
512437,APOLLOFI,APOLLO FINVEST (INDIA) LTD.,Active,X,10.0,INE412D01013,Other Financial Services,Equity
512439,ESQRMON,ESQUIRE MONEY GUARANTEES LTD.,Active,XT,10.0,INE0HMN01013,,Equity
512441,ENBETRD,Enbee Trade &amp; Finance Ltd,Active,X,1.0,INE993I01029,,Equity
512443,GANONPRO,Ganon Products Limited,Active,X,10.0,INE162L01017,Other Financial Services,Equity
512445,DEVITRD,DEVINSU TRADING LTD.,Active,XT,10.0,INE07LH01016,,Equity
512453,SHRJAGP,SHRI JAGDAMBA POLYMERS LTD.,Active,B,1.0,INE564J01026,,Equity
512455,LLOYDSME,LLOYDS METALS AND ENERGY LTD.,Active,A,1.0,INE281B01032,,Equity
512461,PUNCTRD,PUNCTUAL TRADING LTD.,Active,P,10.0,INE07NX01019,,Equity
512463,LLOYDSENT,LLOYDS ENTERPRISES LIMITED,Active,A,1.0,INE080I01025,,Equity
512477,BETXIND,BETEX INDIA LTD.,Active,X,10.0,INE765L01017,Textiles,Equity
512479,VIRYA,VIRYA RESOURCES LIMITED,Active,XT,10.0,INE661K01010,Realty,Equity
512481,POLYTEX,POLYTEX INDIA LTD.,Active,XT,10.0,INE012F01016,Finance (including NBFCs),Equity
512485,DHANCOT,DHANLAXMI COTEX LTD.,Active,XT,10.0,INE977F01010,Comm.Trading  & Distribution,Equity
512489,OASISEC,OASIS SECURITIES LTD.,Active,X,1.0,INE876A01023,,Equity
512493,GARNETINT,GARNET INTERNATIONAL LTD.,Active,X,10.0,INE590B01010,Movies & Entertainment,Equity
512499,SHALPRO,SHALIMAR PRODUCTIONS LTD.,Active,XT,1.0,INE435E01020,Other Financial Services,Equity
512505,MEENST,MEENAKSHI STEEL INDUSTRIES LTD,Active,Z,10.0,INE721V01019,,Equity
512511,VARUNME,VARUN MERCANTILE LTD.,Active,XT,10.0,INE442U01014,,Equity
512517,VINVANI,VINAYAK VANIJYA LTD.,Active,XT,10.0,INE132V01019,,Equity
512519,DONEAR,DONEAR INDUSTRIES LTD.,Active,B,2.0,INE668D01028,Textiles,Equity
512527,SUPER,SUPER SALES INDIA LTD.,Active,XT,10.0,INE091C01017,Textiles,Equity
512529,VIYASH,VIYASH SCIENTIFIC LIMITED,Active,A,2.0,INE807F01027,,Equity
512531,STCINDIA,STATE TRADING CORPORATION OF I,Active,B,10.0,INE655A01013,Comm.Trading  & Distribution,Equity
512553,ZENITHEXPO,ZENITH EXPORTS LTD.,Active,B,10.0,INE058B01018,Textiles,Equity
512559,KOHINOOR,KOHINOOR FOODS LTD.,Active,B,10.0,INE080B01012,Other Agricultural Products,Equity
512565,NEELKANTH,NEELKANTH LIMITED,Active,X,10.0,INE581D01015,Other Agricultural Products,Equity
512573,AVANTIFEED,AVANTI FEEDS LTD.,Active,A,1.0,INE871C01038,,Equity
512587,ZODJRDMKJ,ZODIAC-JRD-MKJ LTD.,Active,X,10.0,INE077B01018,Other Apparels & Accessories,Equity
512589,SITAENT,SITA ENTERPRISES LTD.,Active,X,10.0,INE579D01019,Comm.Trading  & Distribution,Equity
512591,PULSRIN,PULSAR INTERNATIONAL LTD.,Active,X,1.0,INE183U01022,,Equity
512595,KDGREEN,KD Green Industries Limited,Active,B,1.0,INE348N01042,,Equity
512597,KEYFINSERV,KEYNOTE FINANCIAL SERVICES LIM,Active,B,10.0,INE681C01015,Finance (including NBFCs),Equity
512599,ADANIENT,ADANI ENTERPRISES LTD.,Active,A,1.0,INE423A01024,Comm.Trading  & Distribution,Equity
512600,ASTALLTD,ASTAL LABORATORIES LIMITED,Active,X,10.0,INE307N01014,Comm.Trading  & Distribution,Equity
512604,HARIAEXPO,HARIA EXPORTS LTD.,Active,X,10.0,INE772B01014,Other Apparels & Accessories,Equity
512608,BHANDARI,BHANDARI HOSIERY EXPORTS LTD.,Active,B,1.0,INE474E01029,,Equity
512618,RLF,RLF LTD.,Active,X,10.0,INE629C01014,Textiles,Equity
512624,REGENTRP,Regent Enterprises Limited,Active,X,10.0,INE769D01016,Other Financial Services,Equity
512626,ORBTEXP,ORBIT EXPORTS LTD.,Active,T,10.0,INE231G01010,Textiles,Equity
512634,SAVERA,SAVERA INDUSTRIES LTD.,Active,X,10.0,INE104E01014,Hotels,Equity
513005,CHROME,Chrome Silicon Limited,Active,X,10.0,INE114E01013,Iron & Steel/Interm.Products,Equity
513012,ZJEETMAC,JEET MACHINE TOOLS LTD.,Active,XT,10.0,INE987E01012,Comm.Trading  & Distribution,Equity
513023,NAVA,NAVA LIMITED,Active,A,1.0,INE725A01030,,Equity
513039,ZHINUDYP,HINDUSTHAN UDYOG LTD.,Active,XT,10.0,INE582K01018,Industrial Machinery,Equity
513043,REMIEDEL,REMI EDELSTAHL TUBULARS LIMITE,Active,X,10.0,INE158G01015,Iron & Steel Products,Equity
513059,GSAUTO,G.S.AUTO INTERNATIONAL LTD.,Active,X,5.0,INE736H01024,Auto Parts & Equipment,Equity
513063,TRANSFRE,TRANS-FREIGHT CONTAINERS LTD.,Active,X,10.0,INE360D01014,Iron & Steel Products,Equity
513097,SBCL,SHIVALIK BIMETAL CONTROLS LTD.,Active,B,2.0,INE386D01027,Electronic Components,Equity
513108,GANDHITUBE,GANDHI SPECIAL TUBES LTD.,Active,B,5.0,INE524B01027,Iron & Steel Products,Equity
513117,AMFORG,AMFORGE INDUSTRIES LTD.,Active,X,2.0,INE991A01020,Auto Parts & Equipment,Equity
513119,ONIXSOLAR,ONIX SOLAR ENERGY LIMITED,Active,B,10.0,INE173M01012,Copper,Equity
513121,ORICONENT,ORICON ENTERPRISES LTD.,Active,B,2.0,INE730A01022,Specialty Chemicals,Equity
513149,ACROW,ACROW INDIA LTD.,Active,X,10.0,INE950D01012,Iron & Steel Products,Equity
513173,STLSTRINF,STEEL STRIPS INFRASTRUCTURES L,Active,B,10.0,INE205F01016,Realty,Equity
513228,PENIND,PENNAR INDUSTRIES LTD.,Active,A,5.0,INE932A01024,Iron & Steel/Interm.Products,Equity
513250,JYOTISTRUC,JYOTI STRUCTURES LTD.,Active,B,2.0,INE197A01024,Heavy Electrical Equipment,Equity
513252,JAYUSH,JAY USHIN LTD.,Active,X,10.0,INE289D01015,Auto Parts & Equipment,Equity
513262,SSWL,STEEL STRIPS WHEELS LTD.,Active,B,1.0,INE802C01033,,Equity
513269,MANINDS,MAN INDUSTRIES (INDIA) LTD.,Active,B,5.0,INE993A01026,Construction & Engineering,Equity
513295,IMEC,IMEC SERVICES LIMITED,Active,X,10.0,INE611C01020,,Equity
513303,MDRNSTL,MODERN STEELS LTD.,Active,X,10.0,INE001F01019,Iron & Steel/Interm.Products,Equity
513307,BELDING,BELDING INDIA LIMITED,Active,X,10.0,INE363L01045,,Equity
513337,GUJTLRM,GUJARAT TOOLROOM LTD.,Active,B,1.0,INE145J01032,,Equity
513343,GFSTEELS,GRAND FOUNDRY LTD.,Active,T,4.0,INE534A01028,,Equity
513349,AJMERA,AJMERA REALTY & INFRA INDIA LT,Active,B,2.0,INE298G01035,,Equity
513353,COCHINM,COCHIN MINERALS & RUTILE LTD.,Active,X,10.0,INE105D01013,Specialty Chemicals,Equity
513361,INDIAHOMES,India Homes Limited,Active,X,1.0,INE072A01029,Iron & Steel/Interm.Products,Equity
513369,KVFORGE,KRISHANVEER FORGE LIMITED,Active,XT,10.0,INE013J01016,Other Industrial Products,Equity
513375,CARBORUNIV,CARBORUNDUM UNIVERSAL LTD.,Active,A,1.0,INE120A01034,Other Industrial Products,Equity
513377,MMTC,MMTC LTD.,Active,B,1.0,INE123F01029,Comm.Trading  & Distribution,Equity
513397,VALLABHSQ,VALLABH STEELS LTD.,Active,X,10.0,INE457E01016,Iron & Steel Products,Equity
513403,PMTELELIN,P.M.TELELINNKS LTD.,Active,XT,10.0,INE092C01015,Iron & Steel/Interm.Products,Equity
513418,SMFIL,SMITHS & FOUNDERS (INDIA) LIMI,Active,XT,1.0,INE728B01032,Other Industrial Products,Equity
513422,BLOIN,BLOOM INDUSTRIES LTD.,Active,X,10.0,INE373E01015,Iron & Steel/Interm.Products,Equity
513430,MAITRI,Maitri Enterprises Limited,Active,XT,10.0,INE501L01024,,Equity
513436,SHAHALLOYS,SHAH ALLOYS LTD.,Active,B,10.0,INE640C01011,Iron & Steel/Interm.Products,Equity
513452,ELANGO,ELANGO INDUSTRIES LTD.,Active,XT,10.0,INE594D01018,Iron & Steel/Interm.Products,Equity
513456,KANSHST,KANISHK STEEL INDUSTRIES LTD.,Active,X,10.0,INE791E01018,Iron & Steel Products,Equity
513460,MAHALXSE,MAHALAXMI SEAMLESS LTD.,Active,Z,10.0,INE257F01017,Iron & Steel Products,Equity
513472,SIMPLEXCAS,SIMPLEX CASTINGS LTD.,Active,X,2.0,INE658D01029,,Equity
513488,SSWRL,SHREE STEEL WIRE ROPES LTD.,Active,XT,10.0,INE387D01025,Iron & Steel Products,Equity
513496,SIZEMASTER,SIZEMASTERS TECHNOLOGY LIMITED,Active,X,10.0,INE235U01012,,Equity
513498,SOUTHMG,SOUTHERN MAGNESIUM & CHEMICALS,Active,X,10.0,INE308N01012,Mining,Equity
513502,BAROEXT,BARODA EXTRUSION LTD.,Active,X,1.0,INE927K01023,Copper,Equity
513507,GUJCONT,GUJARAT CONTAINERS LTD.,Active,P,10.0,INE276I01011,Iron & Steel Products,Equity
513509,KALYANIFRG,KALYANI FORGE LTD.,Active,B,10.0,INE314G01014,Auto Parts & Equipment,Equity
513511,PANCHMAHQ,PANCHMAHAL STEEL LTD.,Active,B,10.0,INE798F01010,Iron & Steel/Interm.Products,Equity
513513,ADITYA,ADITYA ISPAT LTD.,Active,X,10.0,INE570B01012,Iron & Steel/Interm.Products,Equity
513517,STEELCAS,STEELCAST LTD.,Active,B,1.0,INE124E01038,,Equity
513519,PITTIENG,PITTI ENGINEERING LIMITED,Active,B,5.0,INE450D01021,Other Elect.Equip./ Prod.,Equity
513528,GLITTEKG,GLITTEK GRANITES LTD.,Active,XT,5.0,INE741B01027,Construction Materials,Equity
513532,PRADPME,PRADEEP METALS LTD.,Active,T,10.0,INE770A01010,Auto Parts & Equipment,Equity
513536,GNRL,GUJARAT NATURAL RESOURCES LIMI,Active,B,10.0,INE207H01018,Exploration & Production,Equity
513540,TNSTLTU,TAMILNADU STEEL TUBES LTD.,Active,P,10.0,INE176E01012,,Equity
513544,MSCTC,MARDIA SAMYOUNG CAPILLARY TUBE,Active,XT,10.0,INE277E01026,Copper,Equity
513548,SHRDAIS,SHARDA ISPAT LTD.,Active,X,10.0,INE385M01012,Iron & Steel/Interm.Products,Equity
513554,MAHASTEEL,MAHAMAYA STEEL INDUSTRIES LTD.,Active,T,10.0,INE451L01014,Iron & Steel Products,Equity
513566,NOVIS,NOVA IRON & STEEL LTD.,Active,X,10.0,INE608C01026,Iron & Steel/Interm.Products,Equity
513575,STERPOW,STERLING POWERGENSYS LTD,Active,X,10.0,INE067E01013,Industrial Machinery,Equity
513579,FFPL,FOUNDRY FUEL PRODUCTS LTD.,Active,Z,10.0,INE617C01027,Coal,Equity
513599,HINDCOPPER,HINDUSTAN COPPER LTD.,Active,A,5.0,INE531E01026,Copper,Equity
513629,TULSYAN,TULSYAN NEC LTD.,Active,X,10.0,INE463D01016,Iron & Steel/Interm.Products,Equity
513642,AXELPOLY,AXEL POLYMERS LTD.,Active,X,10.0,INE197C01012,Plastic Products,Equity
513683,NLCINDIA,NLC India Limited,Active,A,10.0,INE589A01014,Electric Utilities,Equity
513687,SPECTRA,SPECTRA INDUSTRIES LTD.,Active,Z,10.0,INE848B01012,Auto Parts & Equipment,Equity
513693,KAJARIR,KIC METALIKS LTD.,Active,XT,2.0,INE434C01027,,Equity
513699,SOLIDSTON,SOLID STONE COMPANY LTD.,Active,X,10.0,INE584G01012,Construction Materials,Equity
513709,SHILGRAVQ,SHILP GRAVURES LTD.,Active,B,10.0,INE960A01017,Industrial Machinery,Equity
513713,WHITEORG,White Organic Agro Limited,Active,X,10.0,INE146C01019,Other Apparels & Accessories,Equity
513721,MFSINTRCRP,MFS INTERCORP LTD.,Active,X,10.0,INE614F01019,Iron & Steel/Interm.Products,Equity
513729,AROGRANITE,ARO GRANITE INDUSTRIES LTD.,Active,B,10.0,INE210C01013,Construction Materials,Equity
514010,RUDRAECO,RUDRA ECOVATION LIMITED,Active,X,1.0,INE723D01021,Textiles,Equity
514028,RAJKSYN,RAJKAMAL SYNTHETICS LTD.,Active,X,10.0,INE376L01013,Textiles,Equity
514030,DEEPAKSP,DEEPAK SPINNERS LTD.,Active,X,10.0,INE272C01013,Textiles,Equity
514036,LOYALTEX,LOYAL TEXTILE MILLS LTD.,Active,B,10.0,INE970D01010,Textiles,Equity
514043,HIMATSEIDE,HIMATSINGKA SEIDE LTD.,Active,B,5.0,INE049A01027,Textiles,Equity
514045,BSL,BSL LTD.,Active,B,10.0,INE594B01012,Textiles,Equity
514060,NEWTRAC,NEWTRAC FOODS & BEVERAGES LIMI,Active,XT,10.0,INE229N01010,Textiles,Equity
514087,PBMPOLY,PBM POLYTEX LTD.,Active,B,10.0,INE501F01018,Textiles,Equity
514113,ADINATH,ADINATH TEXTILES LTD.,Active,X,10.0,INE207C01019,Textiles,Equity
514128,KONARKSY,KONARK SYNTHETIC LTD.,Active,Z,10.0,INE517D01019,Textiles,Equity
514138,SURYALA,SURYALATA SPINNING MILLS LTD.,Active,B,10.0,INE132C01027,Textiles,Equity
514140,SURYVANSP,SURYAVANSHI SPINNING MILLS LTD,Active,XT,10.0,INE431C01023,Textiles,Equity
514142,TTL,T T LTD.,Active,B,1.0,INE592B01024,,Equity
514162,WELSPUNLIV,WELSPUN LIVING LIMITED,Active,A,1.0,INE192B01031,,Equity
514165,INDIANACRY,INDIAN ACRYLICS LTD.,Active,X,10.0,INE862B01013,Fibres & Plastics,Equity
514167,GANECOS,GANESHA ECOSPHERE LTD.,Active,B,10.0,INE845D01014,Misc.Commercial Services,Equity
514171,CEETAIN,CEETA INDUSTRIES LTD.,Active,X,1.0,INE760J01012,Construction Materials,Equity
514175,VARDMNPOLY,VARDHMAN POLYTEX LTD.,Active,B,1.0,INE835A01029,,Equity
514177,RISHYRN,RISHAB SPECIAL YARNS LTD.,Active,X,10.0,INE351D01013,,Equity
514183,BLACKROSE,BLACK ROSE INDUSTRIES LTD.,Active,T,1.0,INE761G01016,Specialty Chemicals,Equity
514197,STCORP,S&T CORPORATION LTD.,Active,X,2.0,INE110Q01023,,Equity
514211,SUMEETINDS,SUMEET INDUSTRIES LTD.,Active,B,2.0,INE235C01036,,Equity
514221,KLIFESTYL,K-LIFESTYLE & INDUSTRIES LIMIT,Active,Z,1.0,INE218A01028,Textiles,Equity
514223,RAMGOPOLY,RAMGOPAL POLYTEX LTD.,Active,XT,10.0,INE410D01017,,Equity
514234,SANGAMIND,SANGAM (INDIA) LTD.,Active,B,10.0,INE495C01010,Textiles,Equity
514236,TTLEL,TTL ENTERPRISES LIMITED,Active,XT,10.0,INE664X01025,,Equity
514238,MKVENTURES,MKVENTURES CAPITAL LIMITED,Active,X,10.0,INE874A01010,Other Financial Services,Equity
514240,KUSHIND,Kush Industries Limited,Active,X,10.0,INE979D01011,Textiles,Equity
514248,SRECR,SREECHEM RESINS LTD.,Active,P,10.0,INE377C01010,,Equity
514260,SURBHIN,SURBHI INDUSTRIES LTD.,Active,XT,10.0,INE899E01019,,Equity
514264,SEASONST,SEASONS TEXTILES LTD.,Active,X,10.0,INE707B01010,Textiles,Equity
514266,ZENIFIB,ZENITH FIBRES LTD.,Active,X,10.0,INE106C01013,Textiles,Equity
514272,BHILSPIN,BHILWARA SPINNERS LTD.,Active,X,10.0,INE436C01014,Textiles,Equity
514274,VGL,VARVEE GLOBAL LIMITED,Active,B,5.0,INE273D01027,,Equity
514280,SANTETX,SANRHEA TECHNICAL TEXTILES LTD,Active,X,10.0,INE589J01015,,Equity
514286,ASHIMASYN,ASHIMA LTD.,Active,B,10.0,INE440A01010,Textiles,Equity
514300,PIONEEREMB,PIONEER EMBROIDERIES LTD.,Active,B,10.0,INE156C01018,Textiles,Equity
514302,VIPPYSP,VIPPY SPINPRO LTD.,Active,X,10.0,INE660D01017,Textiles,Equity
514312,JAIHIND,JAIHIND INDUSTRIES LIMITED,Active,X,10.0,INE156E01014,Textiles,Equity
514316,RAGHUSYN,RAGHUVIR SYNTHETICS LTD.,Active,X,1.0,INE969C01022,,Equity
514318,JATTAINDUS,JATTASHANKAR INDUSTIES LTD.,Active,X,10.0,INE722N01014,Textiles,Equity
514322,KAMADGIRI,KAMADGIRI FASHION LTD.,Active,X,10.0,INE535C01013,Textiles,Equity
514324,OMNITEX,OMNITEX INDUSTRIES (INDIA) LTD,Active,X,10.0,INE814D01010,Textiles,Equity
514326,PATSPINLTD,PATSPIN INDIA LTD.,Active,X,10.0,INE790C01014,Textiles,Equity
514330,ONEGLOBAL,ONE GLOBAL SERVICE PROVIDER LI,Active,B,10.0,INE670O01013,Textiles,Equity
514332,NEOINFRA,NEO INFRACON LTD.,Active,X,10.0,INE216I01017,Realty,Equity
514336,CCME,CCME GLOBAL LIMITED,Active,X,10.0,INE194N01016,Plastic Products,Equity
514354,PREMIERPOL,PREMIER POLYFILM LTD.,Active,B,1.0,INE309M01020,,Equity
514358,EVERFIN,EVERLON FINANCIALS LIMITED,Active,X,10.0,INE339D01034,,Equity
514360,KRRAIL,K&R RAIL ENGINEERING LIMITED,Active,X,10.0,INE078T01026,,Equity
514378,YARNSYN,YARN SYNDICATE LTD.,Active,X,10.0,INE564C01013,Comm.Trading  & Distribution,Equity
514386,GUJCOTEX,GUJARAT COTEX LTD.,Active,X,5.0,INE004C01028,,Equity
514400,GARWSYN,GARWARE SYNTHETICS LTD.,Active,X,10.0,INE340D01016,Comm.Trading  & Distribution,Equity
514402,ECOHOTELS,ECO HOTELS AND RESORTS LIMITED,Active,X,10.0,INE638N01012,Textiles,Equity
514412,SARUPINDUS,SARUP INDUSTRIES LTD.,Active,X,10.0,INE305D01019,Other Apparels & Accessories,Equity
514414,OXFORDIN,OXFORD INDUSTRIES LTD.,Active,XT,10.0,INE114D01015,Textiles,Equity
514418,MANORG,MANGALAM ORGANICS LIMITED,Active,B,10.0,INE370D01013,Commodity Chemicals,Equity
514428,HINDADH,HINDUSTAN ADHESIVES LTD.,Active,B,10.0,INE074C01013,Plastic Products,Equity
514440,BPAGRI,Blue Pearl Agriventures Limite,Active,B,1.0,INE439N01031,,Equity
514442,SRIKPRIND,SRI KPR INDUSTRIES LTD.,Active,B,10.0,INE009C01019,Plastic Products,Equity
514448,JYOTIRES,JYOTI RESINS & ADHESIVES LTD.,Active,B,10.0,INE577D01013,Specialty Chemicals,Equity
514450,MHLXMIRU,MAHALAXMI RUBTECH LTD.,Active,T,10.0,INE112D01035,Other Industrial Products,Equity
514454,SOUTLAT,SOUTHERN LATEX LTD.,Active,XT,10.0,INE410M01018,Textiles,Equity
514460,OSWAYRN,OSWAL YARNS LTD.,Active,XT,10.0,INE670H01017,Comm.Trading  & Distribution,Equity
514470,WINSOMTX,WINSOME TEXTILE INDUSTRIES LTD,Active,X,10.0,INE837B01031,Textiles,Equity
515008,MODINSU,MODERN INSULATORS LTD.,Active,XT,10.0,INE219W01012,,Equity
515018,REGENCERAM,REGENCY CERAMICS LTD.,Active,B,10.0,INE277C01012,Furniture-Furnishing-Paints,Equity
515030,ASAHIINDIA,ASAHI INDIA GLASS LTD.,Active,A,1.0,INE439A01020,Auto Parts & Equipment,Equity
515037,MURUDCERA,MURUDESHWAR CERAMICS LTD.,Active,B,10.0,INE692B01014,Furniture-Furnishing-Paints,Equity
515043,SEKURITIND,SAINT-GOBAIN SEKURIT INDIA LTD,Active,B,10.0,INE068B01017,Construction Materials,Equity
515055,ANANTRAJ,ANANT RAJ LIMITED,Active,A,2.0,INE242C01024,Realty,Equity
515059,MADHUDIN,MADHUSUDAN INDUSTRIES LTD.,Active,X,5.0,INE469C01023,Edible Oils,Equity
515085,RESTILE,RESTILE CERAMICS LTD.,Active,X,10.0,INE298E01022,Furniture-Furnishing-Paints,Equity
515093,MADHAV,MADHAV MARBLES & GRANITES LTD.,Active,B,10.0,INE925C01016,Construction Materials,Equity
515147,HALDYNGL,HALDYN GLASS LTD,Active,T,1.0,INE506D01020,Containers & Packaging,Equity
516003,DUROPLY,DUROPLY INDUSTRIES LIMITED,Active,X,10.0,INE932D01010,Comm.Trading  & Distribution,Equity
516016,SHREYANIND,SHREYANS INDUSTRIES LTD.,Active,B,10.0,INE231C01019,Paper & Paper Products,Equity
516020,AGIOPAPER,AGIO PAPER & INDUSTRIES LTD.,Active,X,10.0,INE112C01011,Paper & Paper Products,Equity
516022,STARPAPER,STAR PAPER MILLS LTD.,Active,B,10.0,INE733A01018,Paper & Paper Products,Equity
516030,PAKKA,PAKKA LIMITED,Active,B,10.0,INE551D01018,Paper & Paper Products,Equity
516032,TAHMARENT,TAHMAR ENTERPRISES LIMITED,Active,XT,1.0,INE385D01029,,Equity
516038,KSSMART,KS Smart Technologies Limited,Active,X,10.0,INE737E01011,Paper & Paper Products,Equity
516062,NATPLY,NATIONAL PLYWOOD INDUSTRIES LT,Active,Z,10.0,INE497C01016,,Equity
516064,ARROWGREEN,Arrow Greentech Limited,Active,T,10.0,INE570D01018,Plastic Products,Equity
516072,VISHNU,VISHNU CHEMICALS LTD.,Active,B,2.0,INE270I01022,,Equity
516078,JUMBO,JUMBO BAG LTD.,Active,XT,10.0,INE699D01015,Containers & Packaging,Equity
516082,NRAIL,N.R.AGARWAL INDUSTRIES LTD.,Active,B,10.0,INE740D01017,Paper & Paper Products,Equity
516092,3PLAND,3P LAND HOLDINGS LTD.,Active,B,2.0,INE105C01023,Paper & Paper Products,Equity
516096,SANPA,SANGAL PAPERS LTD.,Active,X,10.0,INE384D01022,Paper & Paper Products,Equity
516098,VENTURA,VENTURA TEXTILES LTD.,Active,X,10.0,INE810C01044,Textiles,Equity
516106,SHKARTP,SHREE KARTHIK PAPERS LTD.,Active,X,5.0,INE538D01015,Paper & Paper Products,Equity
516108,STHINPA,SOUTH INDIA PAPER MILLS LTD.,Active,X,10.0,INE088G01014,Paper & Paper Products,Equity
516110,FAMILYCARE,FAMILY CARE HOSPITALS LIMITED,Active,X,10.0,INE146N01016,Healthcare Services,Equity
517015,VINDHYATEL,VINDHYA TELELINKS LTD.,Active,B,10.0,INE707A01012,Telecom Cables,Equity
517035,RIR,RIR POWER ELECTRONICS LIMITED,Active,B,2.0,INE302D01024,,Equity
517041,ADOR,ADOR WELDING LTD.,Active,B,10.0,INE045A01017,Other Industrial Goods,Equity
517044,IDM,INTERNATIONAL DATA MANAGEMENT,Active,XT,10.0,INE649R01010,,Equity
517059,SALZERELEC,SALZER ELECTRONICS LTD.,Active,B,10.0,INE457F01013,Other Elect.Equip./ Prod.,Equity
517063,JETKINGQ,JETKING INFOTRAIN LTD.,Active,X,10.0,INE919C01019,IT Training Services,Equity
517077,INDAGIV,IND-AGIV COMMERCE LTD.,Active,XT,10.0,INE115E01010,Comm.Trading  & Distribution,Equity
517096,APLAB,APLAB LTD.,Active,X,10.0,INE273A01015,Other Elect.Equip./ Prod.,Equity
517119,PCS,PCS TECHNOLOGY LTD.,Active,X,10.0,INE834B01012,Computer Hardware,Equity
517146,USHAMART,USHA MARTIN LTD.,Active,A,1.0,INE228A01035,Iron & Steel Products,Equity
517166,SPELS,SPEL SEMICONDUCTOR LTD.,Active,B,10.0,INE252A01019,Electronic Components,Equity
517168,SUBROS,SUBROS LTD.,Active,B,2.0,INE287B01021,Auto Parts & Equipment,Equity
517170,EDVENSWA,Edvenswa Enterprises Limited,Active,X,10.0,INE125G01014,Other Elect.Equip./ Prod.,Equity
517172,PERVASIVE,Pervasive Commodities Limited,Active,XT,1.0,INE443P01038,,Equity
517174,HONAUT,HONEYWELL AUTOMATION INDIA LTD,Active,A,10.0,INE671A01010,Other Elect.Equip./ Prod.,Equity
517201,SWITCHTE,SWITCHING TECHNOLOGIES GUNTHER,Active,XT,10.0,INE311D01017,Electronic Components,Equity
517206,LUMAXIND,LUMAX INDUSTRIES LTD.,Active,B,10.0,INE162B01018,Auto Parts & Equipment,Equity
517214,DIGISPICE,DIGISPICE TECHNOLOGIES LIMITED,Active,B,3.0,INE927C01020,Telecom Equipment,Equity
517230,AURIQUE,AURIQUE LIMITED,Active,XT,10.0,INE766A01026,,Equity
517236,CALCOM,CALCOM VISION LTD.,Active,X,10.0,INE216C01010,Consumer Electronics,Equity
517238,DYNAVSN,DYNAVISION LTD.,Active,X,10.0,INE083E01010,Electronic Components,Equity
517246,BCCFUBA,BCC FUBA INDIA LTD.,Active,X,10.0,INE788D01016,Electronic Components,Equity
517258,PRECISIO,PRECISION ELECTRONICS LTD.,Active,XT,10.0,INE143C01024,Electronic Components,Equity
517264,FINELINE,FINE-LINE CIRCUITS LTD.,Active,X,10.0,INE087E01011,Electronic Components,Equity
517271,HBLENGINE,HBL ENGINEERING LIMITED,Active,A,1.0,INE292B01021,Other Elect.Equip./ Prod.,Equity
517273,S&SPOWER,S&S POWER SWITCHGEAR LTD.,Active,B,10.0,INE902B01017,,Equity
517286,RNITAI,RNIT AI SOLUTIONS LIMITED,Active,X,10.0,INE335Q01026,,Equity
517288,GUJARATPOLY,Gujarat Poly Electronics Limit,Active,XT,10.0,INE541F01022,Other Elect.Equip./ Prod.,Equity
517300,GIPCL,GUJARAT INDUSTRIES POWER CO.LT,Active,B,10.0,INE162A01010,Electric Utilities,Equity
517320,MAGNUS,MAGNUS STEEL AND INFRA LIMITED,Active,XT,10.0,INE898E01011,Other Elect.Equip./ Prod.,Equity
517330,CMICABLES,CMI LTD.,Active,Z,10.0,INE981B01011,Telecom Cables,Equity
517334,MOTHERSON,Samvardhana Motherson Internat,Active,A,1.0,INE775A01035,Auto Parts & Equipment,Equity
517336,MODMA,MODERN MALLEABLES LTD.,Active,P,1.0,INE834C01028,,Equity
517344,MINDTECK,MINDTECK (INDIA) LTD.,Active,B,10.0,INE110B01017,IT Software Products,Equity
517354,HAVELLS,HAVELLS INDIA LTD.,Active,A,1.0,INE176B01034,Other Elect.Equip./ Prod.,Equity
517356,ACIIN,ACI INFOCOM LTD.,Active,XT,1.0,INE167B01025,Storage Media & Peripherals,Equity
517360,SBECSYS,SBEC SYSTEMS (INDIA) LTD.,Active,X,10.0,INE689V01018,,Equity
517370,INCAP,INCAP LTD.,Active,X,10.0,INE437C01012,Other Elect.Equip./ Prod.,Equity
517372,GUJINTRX,GUJARAT INTRUX LTD.,Active,X,10.0,INE877E01015,Other Industrial Products,Equity
517380,IGARASHI,IGARASHI MOTORS INDIA LTD.,Active,B,10.0,INE188B01013,Auto Parts & Equipment,Equity
517385,SYMPHONY,SYMPHONY LIMITED,Active,B,2.0,INE225D01027,Consumer Electronics,Equity
517393,REGANTO,REGANTO ENTERPRISES LIMITED,Active,Z,1.0,INE043B01028,Computer Hardware,Equity
517397,PANELEC,PAN ELECTRONICS INDIA LTD.,Active,X,10.0,INE648E01010,Electronic Components,Equity
517399,VXLINSTR,VXL INSTRUMENTS LTD.,Active,XT,10.0,INE756A01019,Consumer Electronics,Equity
517411,SHYAMTEL,SHYAM TELECOM LTD.,Active,B,10.0,INE635A01023,Telecom Equipment,Equity
517415,LEENEE,LEE & NEE SOFTWARES (EXPORTS),Active,B,10.0,INE791B01014,BPO/KPO,Equity
517417,PATELSAI,PATELS AIRTEMP (INDIA) LTD.,Active,X,10.0,INE082C01024,Industrial Machinery,Equity
517421,BUTTERFLY,BUTTERFLY GANDHIMATHI APPLIANC,Active,B,10.0,INE295F01017,Household Appliances,Equity
517423,INTEGSW,INTEGRA SWITCHGEAR LTD.,Active,XT,10.0,INE0IPL01018,,Equity
517429,ATHENAGLO,Athena Global Technologies Lim,Active,X,10.0,INE576B01019,IT Software Products,Equity
517431,NARMP,NARMADA MACPLAST DRIP IRRIGATI,Active,X,2.0,INE060D01028,,Equity
517437,DUTRON,DUTRON POLYMERS LTD.,Active,X,10.0,INE940C01015,Plastic Products,Equity
517447,RSSOFTWARE,R.S.SOFTWARE INDIA LTD.,Active,B,5.0,INE165B01029,IT Software Products,Equity
517449,MAGNAELQ,MAGNA ELECTRO CASTINGS LTD.,Active,X,10.0,INE437D01010,Other Industrial Products,Equity
517467,MARSONS,MARSONS LIMITED,Active,B,1.0,INE415B01044,,Equity
517477,ELNET,ELNET TECHNOLOGIES LTD.,Active,X,10.0,INE033C01019,IT Software Products,Equity
517494,ACCEL,ACCEL LIMITED,Active,X,2.0,INE258C01038,,Equity
517498,WEBELSOLAR,WEBSOL ENERGY SYSTEM LTD.,Active,A,1.0,INE855C01023,,Equity
517500,ROTO,ROTO PUMPS LTD.,Active,B,1.0,INE535D01037,,Equity
517506,TTKPRESTIG,TTK PRESTIGE LTD.,Active,B,1.0,INE690A01028,,Equity
517514,DHINDIA,D&H INDIA LTD,Active,X,10.0,INE589D01018,Other Industrial Goods,Equity
517522,RAJRATAN,RAJRATAN GLOBAL WIRE LTD.,Active,B,2.0,INE451D01029,,Equity
517530,SURANAT&P,SURANA TELECOM AND POWER LIMIT,Active,B,1.0,INE130B01031,Telecom Cables,Equity
517536,ONWARDTEC,ONWARD TECHNOLOGIES LTD.,Active,B,10.0,INE229A01017,IT Consulting & Software,Equity
517544,CENTUM,CENTUM ELECTRONICS LTD.,Active,B,10.0,INE320B01020,Misc.Commercial Services,Equity
517546,ALFATRAN,ALFA TRANSFORMERS LTD.,Active,X,10.0,INE209C01015,Other Elect.Equip./ Prod.,Equity
517554,NHCFOODS,NHC FOODS LTD.,Active,XT,1.0,INE141C01036,,Equity
517556,PVP,PVP VENTURES LTD.,Active,B,10.0,INE362A01016,Realty,Equity
517562,TRIGYN,TRIGYN TECHNOLOGIES LTD.,Active,B,10.0,INE948A01012,IT Software Products,Equity
517564,CLENON,CLENON ENTERPRISES LIMITED,Active,XT,10.0,INE769B01028,,Equity
517569,KEI,KEI INDUSTRIES LTD.,Active,A,2.0,INE878B01027,Other Elect.Equip./ Prod.,Equity
518011,KEERTHI,KEERTHI INDUSTRIES LTD.,Active,X,10.0,INE145L01012,Cement & Cement Products,Equity
518053,SRICC,Sri Chakra Cement Limited,Active,X,10.0,INE827D01020,,Equity
518075,SURAJ,SURAJ PRODUCTS LTD.,Active,Z,10.0,INE069E01019,Iron & Steel/Interm.Products,Equity
518091,APCL,ANJANI PORTLAND CEMENT LTD.,Active,B,10.0,INE071F01012,Cement & Cement Products,Equity
519003,MODINATUR,MODI NATURALS LIMITED,Active,T,10.0,INE537F01012,Other Agricultural Products,Equity
519014,PRSNTIN,PRASHANT INDIA LTD.,Active,X,10.0,INE100E01012,,Equity
519031,SHAHFOOD,SHAH FOODS LTD.,Active,XT,10.0,INE455D01012,Packaged Foods,Equity
519064,ZKHANDEN,KHANDELWAL EXTRACTION LTD.,Active,X,10.0,INE687W01010,,Equity
519091,TASTYBITE,TASTY BITE EATABLES LTD.,Active,B,10.0,INE488B01017,Packaged Foods,Equity
519097,RITESHIN,RITESH INTERNATIONAL LTD.,Active,XT,10.0,INE534D01014,Commodity Chemicals,Equity
519105,AVTNPL,AVT NATURAL PRODUCTS LTD.,Active,B,1.0,INE488D01021,Other Agricultural Products,Equity
519126,HNDFDS,HINDUSTAN FOODS LTD.,Active,B,2.0,INE254N01026,,Equity
519136,NAHARINDUS,NAHAR INDUSTRIAL ENTERPRISES L,Active,B,10.0,INE289A01011,Textiles,Equity
519152,VADILENT,VADILAL ENTERPRISES LTD.,Active,B,10.0,INE693D01018,Comm.Trading  & Distribution,Equity
519156,VADILALIND,VADILAL INDUSTRIES LTD.,Active,B,10.0,INE694D01016,Packaged Foods,Equity
519174,ASHAI,ASHIANA AGRO INDUSTRIES LTD.,Active,XT,10.0,INE709D01012,Edible Oils,Equity
519183,ADFFOODS,ADF FOODS LTD.,Active,B,2.0,INE982B01027,,Equity
519191,RGRL,Retro Green Revolution Limited,Active,Z,10.0,INE601N01010,,Equity
519214,WILLIMFI,WILLIAMSON FINANCIAL SERVICES,Active,X,10.0,INE188E01017,Finance (including NBFCs),Equity
519216,AJANTSOY,AJANTA SOYA LTD.,Active,X,2.0,INE601B01023,,Equity
519224,WILLAMAGOR,WILLIAMSON MAGOR & COMPANY LTD,Active,B,10.0,INE210A01017,Comm.Trading  & Distribution,Equity
519230,KISAAN,KISAAN PARIVAR INDUSTRIES LIMI,Active,X,5.0,INE102C01020,Comm.Trading  & Distribution,Equity
519234,SIEL,SUPERIOR INDUSTRIAL ENTERPRISE,Active,B,10.0,INE843L01012,Edible Oils,Equity
519238,SPTRSHI,SAPTARISHI AGRO INDUSTRIES LTD,Active,X,10.0,INE233P01017,Other Agricultural Products,Equity
519242,SRDAPRT,SARDA PROTEINS LTD.,Active,XT,10.0,INE995U01011,,Equity
519260,SANWARIA,SANWARIA CONSUMER LIMITED,Active,Z,1.0,INE890C01046,Edible Oils,Equity
519262,PRIMAGR,PRIMA AGRO LTD.,Active,X,10.0,INE297D01018,Other Agricultural Products,Equity
519279,MADHURIND,MADHUR INDUSTRIES LTD.,Active,XT,10.0,INE110C01015,Other Agricultural Products,Equity
519285,TARAI,TARAI FOODS LTD.,Active,Z,10.0,INE906C01016,Other Agricultural Products,Equity
519287,MODAIRY,MODERN DAIRIES LTD.,Active,X,10.0,INE617B01011,Packaged Foods,Equity
519295,BAMBINO,BAMBINO AGRO INDUSTRIES LTD.,Active,X,10.0,INE921D01013,Packaged Foods,Equity
519299,PRIMIND,PRIME INDUSTRIES LTD.,Active,X,5.0,INE543F01028,,Equity
519307,VIKASWSP,VIKAS WSP LTD.,Active,Z,1.0,INE706A01022,Specialty Chemicals,Equity
519331,VSFPROJ,VSF PROJECTS LTD.,Active,X,10.0,INE923K01014,Construction & Engineering,Equity
519353,BANSTEA,BANSISONS TEA INDUSTRIES LTD.,Active,ZP,10.0,INE856E01019,,Equity
519359,POONADAL,POONA DAL & OIL INDUSTRIES LTD,Active,X,10.0,INE809E01018,Edible Oils,Equity
519367,TRANSFD,TRANSGLOBE FOODS LTD.,Active,X,10.0,INE213P01027,,Equity
519383,ANIKINDS,ANIK INDUSTRIES LTD.,Active,B,10.0,INE087B01017,Other Agricultural Products,Equity
519397,SHINDL,SHARAT INDUSTRIES LTD.,Active,B,10.0,INE220Z01013,,Equity
519413,DATIWARE,DATIWARE MARITIME INFRA LIMITE,Active,P,10.0,INE673U01014,,Equity
519415,KMGMILK,KMG MILK FOOD LTD.,Active,P,10.0,INE873N01015,Packaged Foods,Equity
519421,KSE,KSE LTD.,Active,B,1.0,INE953E01022,,Equity
519439,PIONAGR,PIONEER AGRO EXTRACTS LTD.,Active,XT,10.0,INE062E01014,Edible Oils,Equity
519457,VIRATCRA,VIRAT CRANE INDUSTRIES LTD.,Active,X,10.0,INE295C01014,Packaged Foods,Equity
519463,IBINFO,IB INFOTECH ENTERPRISES LTD.,Active,X,1.0,INE678B01039,,Equity
519471,AMBARPIL,Ambar Protein Industries Limit,Active,X,10.0,INE072V01017,,Equity
519475,CHORDIA,CHORDIA FOOD PRODUCTS LTD.,Active,X,10.0,INE975C01011,Other Food Products,Equity
519477,CIANAGRO,CIAN Agro Ind & Infra Ltd,Active,B,10.0,INE052V01019,,Equity
519479,OMEAG,OMEGA AG-SEEDS (PUNJAB) LTD.,Active,X,10.0,INE112B01013,Other Agricultural Products,Equity
519483,TAIIND,TAI INDUSTRIES LTD.,Active,X,10.0,INE358D01018,Comm.Trading  & Distribution,Equity
519494,NKIND,N.K.INDUSTRIES LTD.,Active,B,10.0,INE542C01019,,Equity
519500,BKV,BKV INDUSTRIES LTD.,Active,X,1.0,INE356C01022,Packaged Foods,Equity
519506,NCCBLUE,NCC BLUE WATER PRODUCTS LTD.,Active,P,10.0,INE630N01019,,Equity
519528,NORBTEAEXP,NORBEN TEA & EXPORTS LTD.,Active,B,10.0,INE369C01017,,Equity
519532,ASIANTNE,ASIAN TEA & EXPORTS LTD.,Active,B,10.0,INE822B01017,Comm.Trading  & Distribution,Equity
519552,HERITGFOOD,HERITAGE FOODS LIMITED,Active,B,5.0,INE978A01027,,Equity
519566,SIMRAN,SIMRAN FARMS LTD.,Active,X,10.0,INE354D01017,Packaged Foods,Equity
519574,HINDUST,HINDUSTAN AGRIGENETICS LTD.,Active,X,10.0,INE092301014,,Equity
519600,CCL,CCL PRODUCTS (INDIA) LTD.,Active,A,2.0,INE421D01022,Tea & Coffee,Equity
519602,KELLTONTEC,KELLTON TECH SOLUTIONS LTD.,Active,B,1.0,INE164B01030,,Equity
519604,SURFI,SURYO FOODS & INDUSTRIES LTD.,Active,X,10.0,INE565E01016,Packaged Foods,Equity
519606,INTEGFD,INTEGRATED PROTEINS LTD.,Active,XT,10.0,INE177M01013,Edible Oils,Equity
519612,LAKESHORE,LAKE SHORE REALTY LIMITED,Active,X,10.0,INE734D01010,Packaged Foods,Equity
520008,RICOAUTO,RICO AUTO INDUSTRIES LTD.,Active,B,1.0,INE209B01025,Auto Parts & Equipment,Equity
520021,OMAXAUTO,OMAX AUTOS LTD.,Active,B,10.0,INE090B01011,Auto Parts & Equipment,Equity
520043,MUNJALSHOW,MUNJAL SHOWA LTD.,Active,B,2.0,INE577A01027,Auto Parts & Equipment,Equity
520051,JAMNAAUTO,JAMNA AUTO INDUSTRIES LTD.,Active,A,1.0,INE039C01032,,Equity
520056,TVSHLTD,TVS Holdings Limited,Active,A,5.0,INE105A01035,Auto Parts & Equipment,Equity
520057,JTEKTINDIA,JTEKT India Ltd,Active,B,1.0,INE643A01035,Auto Parts & Equipment,Equity
520059,MUNJALAU,MUNJAL AUTO INDUSTRIES LTD.,Active,B,2.0,INE672B01032,Auto Parts & Equipment,Equity
520066,JAYBARMARU,JAY BHARAT MARUTI LTD.,Active,B,2.0,INE571B01036,,Equity
520073,RACLGEAR,RACL Geartech Limited,Active,B,10.0,INE704B01017,Auto Parts & Equipment,Equity
520075,SAMKRG,SAMKRG PISTONS & RINGS LTD.,Active,X,10.0,INE706B01012,Auto Parts & Equipment,Equity
520081,ECSTSTL,EAST COAST STEEL LTD.,Active,P,10.0,INE315F01013,Iron & Steel/Interm.Products,Equity
520086,SICALLOG,SICAL LOGISTICS LTD.,Active,T,10.0,INE075B01020,,Equity
520111,RATNAMANI,RATNAMANI METALS & TUBES LTD.,Active,A,2.0,INE703B01027,Construction & Engineering,Equity
520113,VESUVIUS,VESUVIUS INDIA LTD.,Active,A,1.0,INE386A01023,,Equity
520119,ASAL,AUTOMOTIVE STAMPINGS & ASSEMBL,Active,B,10.0,INE900C01027,Auto Parts & Equipment,Equity
520121,ARCEEIN,ARCEE INDUSTRIES LTD.,Active,XT,10.0,INE276D01012,Plastic Products,Equity
520123,ABCINDQ,ABC INDIA LTD.,Active,X,10.0,INE125D01011,Surface Transportation,Equity
520127,BALTE,BALURGHAT TECHNOLOGIES LTD.,Active,X,10.0,INE654B01014,Surface Transportation,Equity
520131,COARO,COASTAL ROADWAYS LTD.,Active,P,10.0,INE229E01019,Surface Transportation,Equity
520141,SIBARAUT,SIBAR AUTO PARTS LTD.,Active,X,10.0,INE441C01014,Auto Parts & Equipment,Equity
520151,TRANSWORLD,TRANSWORLD SHIPPING LINES LIMI,Active,T,10.0,INE757B01015,Shipping,Equity
520155,STARLOG,Starlog Enterprises Limited,Active,X,10.0,INE580C01019,Marine Port & Services,Equity
521003,SHVSUIT,SHIVA SUITINGS LTD.,Active,P,10.0,INE02Z901011,,Equity
521005,TITANIN,TITAN INTECH LIMITED,Active,X,1.0,INE807M01031,,Equity
521014,EUROTEXIND,EUROTEX INDUSTRIES & EXPORTS L,Active,T,10.0,INE022C01012,Textiles,Equity
521016,ICIL,INDO COUNT INDUSTRIES LTD.,Active,A,2.0,INE483B01026,,Equity
521018,MARALOVER,MARAL OVERSEAS LTD.,Active,B,10.0,INE882A01013,Textiles,Equity
521034,SOMATEX,SOMA TEXTILES & INDUSTRIES LTD,Active,B,10.0,INE314C01013,Textiles,Equity
521036,SOURCEIND,SOURCE INDUSTRIES (INDIA) LTD.,Active,XT,10.0,INE695C01015,Textiles,Equity
521048,ADVLIFE,ADVANCE LIFESTYLES LTD.,Active,X,10.0,INE900E01015,Textiles,Equity
521054,KAKTEX,KAKATIYA TEXTILES LTD.,Active,X,10.0,INE092E01011,Textiles,Equity
521062,OCTAVE,PERFECT-OCTAVE MEDIA PROJECTS,Active,X,10.0,INE814L01013,Broadcasting & Cable TV,Equity
521064,TRIDENT,TRIDENT LTD.,Active,A,1.0,INE064C01022,,Equity
521068,HISARSP,HISAR SPINNING MILLS LTD.,Active,P,10.0,INE689E01014,Textiles,Equity
521070,ALOKINDS,ALOK INDUSTRIES LTD.,Active,A,1.0,INE270A01029,,Equity
521080,PASARI,PASARI SPINNING MILLS LTD.,Active,X,10.0,INE604F01010,Textiles,Equity
521082,CLCIND,CLC Industries Limited,Active,T,10.0,INE376C01038,,Equity
521097,AMARJOTHI,AMARJOTHI SPINNING MILLS LTD.,Active,B,10.0,INE484D01012,Textiles,Equity
521105,OLYMPTX,OLYMPIA INDUSTRIES LTD.,Active,X,10.0,INE482O01021,Textiles,Equity
521109,NAGREEKEXP,NAGREEKA EXPORTS LTD.,Active,B,5.0,INE123B01028,Textiles,Equity
521113,SUDTIND-B,SUDITI INDUSTRIES LTD.,Active,X,10.0,INE691D01012,Textiles,Equity
521131,SBFL,Shree Bhavya Fabrics Limited,Active,X,10.0,INE363D01018,Textiles,Equity
521133,GEMSPIN,GEM SPINNERS INDIA LTD.,Active,P,5.0,INE165F01020,Textiles,Equity
521137,EUREKAI,EUREKA INDUSTRIES LTD.,Active,XT,10.0,INE958A01011,Textiles,Equity
521141,ADITYASP,ADITYA SPINNERS LTD.,Active,X,10.0,INE122D01026,Textiles,Equity
521149,PRIMEURB,PRIME URBAN DEVELOPMENT INDIA,Active,X,2.0,INE419E01024,Textiles,Equity
521151,DHANFAB,DHANLAXMI FABRICS LTD.,Active,X,10.0,INE953D01016,Textiles,Equity
521161,SLSTLQ,SRI LAKSHMI SARASWATHI TEXTILE,Active,X,10.0,INE456D01010,Textiles,Equity
521163,ZODIACLOTH,ZODIAC CLOTHING CO.LTD.,Active,B,10.0,INE206B01013,Other Apparels & Accessories,Equity
521167,MAXGROW,MAXGROW INDIA LIMITED,Active,XT,5.0,INE485D01043,,Equity
521178,SRMCL,SRI RAMAKRISHNA MILLS (COIMBAT,Active,X,10.0,INE306D01017,Textiles,Equity
521180,SUPERSPIN,SUPER SPINNING MILLS LTD.,Active,T,1.0,INE662A01027,Textiles,Equity
521188,UNITEDTE,UNITED TEXTILES LTD.,Active,XT,10.0,INE727E01012,Textiles,Equity
521194,SILINV,SIL INVESTMENTS LTD.,Active,B,10.0,INE923A01015,Textiles,Equity
521200,SURYALAXMI,SURYALAKSHMI COTTON MILLS LTD.,Active,B,10.0,INE713B01026,Textiles,Equity
521206,SAMTEX,SAMTEX FASHIONS LTD.,Active,X,2.0,INE931D01020,Other Apparels & Accessories,Equity
521210,CITYMAN,CITYMAN LTD.,Active,X,10.0,INE117C01010,Other Apparels & Accessories,Equity
521216,DHANROTO,DHANALAXMI ROTO SPINNERS LTD.,Active,X,10.0,INE220C01012,Textiles,Equity
521220,DAMODARIND,DAMODAR INDUSTRIES LTD.,Active,T,5.0,INE497D01022,,Equity
521222,SANBLUE,SANBLUE CORPORATION LTD.,Active,X,10.0,INE602D01027,Other Apparels & Accessories,Equity
521226,UNIROYAL,UNIROYAL INDUSTRIES LTD.,Active,X,10.0,INE980D01019,Textiles,Equity
521228,TATIAGLOB,TATIA GLOBAL VENNTURE LTD.,Active,X,1.0,INE083G01031,Other Apparels & Accessories,Equity
521232,SUNILTX,SUNIL INDUSTRIES LTD.,Active,P,10.0,INE124M01015,Comm.Trading  & Distribution,Equity
521234,SRINACHA,SRI NACHAMMAI COTTON MILLS LTD,Active,X,10.0,INE443E01016,Textiles,Equity
521238,BGDL,BHARAT GLOBAL DEVELOPERS LIMIT,Active,B,10.0,INE893C01032,Computer Hardware,Equity
521240,SAMBANDAM,SAMBANDAM SPINNING MILLS LTD.,Active,B,10.0,INE304D01012,Textiles,Equity
521242,KANDAGIRI,KANDAGIRI SPINNING MILLS LTD.,Active,XT,10.0,INE292D01019,Textiles,Equity
521244,MKPMOB,MKP Mobility Limited,Active,X,10.0,INE676G01024,,Equity
521246,PARASPETRO,PARAS PETROFILS LTD.,Active,B,1.0,INE162C01024,Textiles,Equity
521248,KITEX,KITEX GARMENTS LTD.,Active,A,1.0,INE602G01020,Other Apparels & Accessories,Equity
522001,CRANEX,CRANEX LTD.,Active,XT,10.0,INE608B01010,Commercial Vehicles,Equity
522004,BATLIBOI,BATLIBOI LTD.,Active,B,5.0,INE177C01022,Industrial Machinery,Equity
522005,AUSTENG,AUSTIN ENGINEERING CO.LTD.,Active,B,10.0,INE759F01012,Industrial Machinery,Equity
522014,UNIDT,UNITED DRILLING TOOLS LTD.,Active,T,10.0,INE961D01019,Other Industrial Goods,Equity
522017,FLUIDOM,FLUIDOMAT LTD.,Active,X,10.0,INE459C01016,Other Elect.Equip./ Prod.,Equity
522027,EMAINDIA,EMA INDIA LTD.,Active,X,10.0,INE279D01016,Industrial Machinery,Equity
522029,WINDMACHIN,WINDSOR MACHINES LTD.,Active,B,2.0,INE052A01021,Industrial Machinery,Equity
522034,SHANTIGEAR,SHANTHI GEARS LTD.,Active,B,1.0,INE631A01022,Auto Parts & Equipment,Equity
522036,MIVENMACH,MIVEN MACHINE TOOLS LTD.,Active,X,10.0,INE338P01014,Other Industrial Goods,Equity
522064,HONDAPOWER,HONDA INDIA POWER PRODUCTS LIM,Active,B,10.0,INE634A01018,Industrial Machinery,Equity
522073,HITECHGEAR,The Hi-Tech Gears Ltd,Active,T,10.0,INE127B01011,Auto Parts & Equipment,Equity
522074,ELGIEQUIP,ELGI EQUIPMENTS LTD.,Active,A,1.0,INE285A01027,Industrial Machinery,Equity
522091,UVDRHOR,UNITED VAN DER HORST LTD.,Active,X,1.0,INE890G01047,,Equity
522101,KLBRENG-B,KILBURN ENGINEERING LTD.,Active,B,10.0,INE338F01015,Industrial Machinery,Equity
522105,BIRLAPREC,BIRLA PRECISION TECHNOLOGIES L,Active,B,2.0,INE372E01025,Industrial Machinery,Equity
522108,YUKEN,YUKEN INDIA LTD.,Active,B,10.0,INE384C01016,Auto Parts & Equipment,Equity
522113,TIMKEN,TIMKEN INDIA LTD.,Active,A,10.0,INE325A01013,Industrial Machinery,Equity
522122,VOITHPAPR,VOITH PAPER FABRICS INDIA LTD.,Active,B,10.0,INE285C01015,Textiles,Equity
522134,ARTSON,ARTSON LIMITED,Active,X,1.0,INE133D01023,Industrial Machinery,Equity
522152,SOLIMAC,SOLITAIRE MACHINE TOOLS LTD.,Active,X,10.0,INE410A01013,Industrial Machinery,Equity
522163,DIACABS,DIAMOND POWER INFRASTRUCTURE L,Active,T,1.0,INE989C01038,,Equity
522165,INDSILHYD,INDSIL HYDRO POWER AND MANGANE,Active,X,10.0,INE867D01018,Iron & Steel/Interm.Products,Equity
522171,TMTIND-B1,TMT (INDIA) LTD.,Active,XT,10.0,INE182E01010,,Equity
522183,ITL,ITL INDUSTRIES LTD.,Active,B,10.0,INE478D01014,Industrial Machinery,Equity
522195,FRONTSP,FRONTIER SPRINGS LTD.,Active,B,10.0,INE572D01014,Auto Parts & Equipment,Equity
522205,PRAJIND,PRAJ INDUSTRIES LTD.,Active,A,2.0,INE074A01025,Construction & Engineering,Equity
522207,RASANDIK,RASANDIK ENGINEERING INDUSTRIE,Active,X,10.0,INE682D01011,Auto Parts & Equipment,Equity
522209,YOGISUNG,YOGI SUNG-WON (INDIA) LTD.,Active,X,10.0,INE429B01011,Other Financial Services,Equity
522215,HLEGLAS,HLE GLASCOAT LIMITED,Active,B,2.0,INE461D01028,,Equity
522217,GUJAPOLLO,GUJARAT APOLLO INDUSTRIES LTD.,Active,B,10.0,INE826C01016,Commercial Vehicles,Equity
522229,TANAA,TANEJA AEROSPACE & AVIATION LT,Active,B,5.0,INE692C01020,Aerospace,Equity
522231,CONART,CONART ENGINEERS LTD.,Active,X,5.0,INE714D01020,,Equity
522235,MINALIND,MINAL INDUSTRIES LIMITED,Active,B,2.0,INE097E01028,,Equity
522237,SHIVAGR,SHIVAGRICO IMPLEMENTS LTD.,Active,X,10.0,INE092H01014,Industrial Machinery,Equity
522241,MMFL,M.M.FORGINGS LTD.,Active,B,10.0,INE227C01017,Other Industrial Products,Equity
522245,IYKOTHITE,IYKOT HITECH TOOLROOM LTD.,Active,XT,5.0,INE079L01013,Other Industrial Goods,Equity
522249,MAYURUNIQ,MAYUR UNIQUOTERS LTD.,Active,B,5.0,INE040D01038,Textiles,Equity
522251,CENLUB,CENLUB INDUSTRIES LTD.,Active,X,10.0,INE627F01011,Industrial Machinery,Equity
522257,RAJOOENG,RAJOO ENGINEERS LTD.,Active,T,1.0,INE535F01024,Industrial Machinery,Equity
522261,DOLPHIN,DOLPHIN OFFSHORE ENTERPRISES (,Active,B,1.0,INE920A01037,,Equity
522267,VJLAXMIE,VEEJAY LAKSHMI ENGINEERING WOR,Active,X,10.0,INE466D01019,Industrial Machinery,Equity
522273,AHMDSTE,AHMEDABAD STEELCRAFT LTD.,Active,X,10.0,INE868C01018,Iron & Steel/Interm.Products,Equity
522275,GVT&D,GE Vernova T&D India Limited,Active,A,2.0,INE200A01026,Electric Utilities,Equity
522281,RAMRAT,RAM RATNA WIRES LTD.,Active,B,5.0,INE207E01023,Other Elect.Equip./ Prod.,Equity
522285,JAYNECOIND,JAYASWAL NECO INDUSTRIES LTD.,Active,A,10.0,INE854B01010,Iron & Steel/Interm.Products,Equity
522287,KPIL,KALPATARU PROJECTS INTERNATION,Active,A,2.0,INE220B01022,Heavy Electrical Equipment,Equity
522289,NMSGLOBAL,NMS GLOBAL LIMITED,Active,X,10.0,INE169F01014,Comm.Trading  & Distribution,Equity
522292,CANDOUR,CANDOUR TECHTEX LIMITED,Active,X,10.0,INE713D01055,,Equity
522294,TIGLOB,T & I GLOBAL LTD.,Active,X,10.0,INE811B01010,Comm.Trading  & Distribution,Equity
522295,CONTROLPR,CONTROL PRINT LIMITED,Active,B,10.0,INE663B01015,Containers & Packaging,Equity
522650,BEMHY,BEMCO HYDRAULICS LTD.,Active,X,1.0,INE142E01022,,Equity
523007,ANSALBU,ANSAL BUILDWELL LTD.,Active,B,10.0,INE030C01015,Realty,Equity
523011,WEIZMANIND,WEIZMANN LTD.,Active,B,10.0,INE080A01014,Comm.Trading  & Distribution,Equity
523019,BNRSEC,B.N.RATHI SECURITIES LTD.,Active,X,5.0,INE710D01028,,Equity
523021,RISHITECH,RISHI TECHTEX LTD.,Active,X,10.0,INE989D01010,Containers & Packaging,Equity
523023,SINCLAIR,SINCLAIRS HOTELS LIMITED,Active,B,2.0,INE985A01022,,Equity
523025,SAFARI,SAFARI INDUSTRIES (INDIA) LTD.,Active,A,2.0,INE429E01023,,Equity
523031,ADSDIAG,ADS DIAGNOSTIC LTD.,Active,Y,10.0,0,,Equity
523054,ZBINTXPP,BINAYAK TEX PROCESSORS LTD.,Active,XT,10.0,INE626H01019,Textiles,Equity
523062,JJFINCOR,J.J.FINANCE CORPORATION LTD.,Active,XT,10.0,INE584C01011,Finance (including NBFCs),Equity
523100,COSMOFE,COSMO FERRITES LTD.,Active,XT,10.0,INE124B01018,Iron & Steel/Interm.Products,Equity
523105,CROPSTER,CROPSTER AGRO LIMITED,Active,T,1.0,INE293E01031,,Equity
523113,FUTURSEC,FUTURISTIC SECURITIES LTD.,Active,X,10.0,INE425D01015,Finance (including NBFCs),Equity
523116,SANCTRN,SANCO TRANS LTD.,Active,X,10.0,INE391G01012,Transport Related Services,Equity
523120,THRIVE,THRIVE FUTURE HABITATS LIMITED,Active,X,10.0,INE628D01014,Personal Products,Equity
523127,EIHAHOTELS,EIH ASSOCIATED HOTELS LTD.,Active,B,10.0,INE276C01014,Hotels,Equity
523144,MEDICAPQ,MEDI-CAPS LTD.,Active,B,10.0,INE442D01010,Pharmaceuticals,Equity
523151,OTCO,OTCO INTERNATIONAL LTD.,Active,XT,2.0,INE910B01028,,Equity
523160,FOSECOC,FOSECO CRUCIBLE INDIA LIMITED,Active,X,5.0,INE599F01020,,Equity
523186,BAPACK,B&A PACKAGING INDIA LIMITED,Active,X,10.0,INE00FM01013,,Equity
523204,ABAN,ABAN OFFSHORE LTD.,Active,T,2.0,INE421A01028,Exploration & Production,Equity
523207,KOKUYOCMLN,KOKUYO CAMLIN LTD.,Active,B,1.0,INE760A01029,Non-Durable Household Prod.,Equity
523222,SRMENERGY,SRM ENERGY LTD.,Active,X,10.0,INE173J01018,Electric Utilities,Equity
523229,BHARATSE,BHARAT SEATS LTD.,Active,B,2.0,INE415D01024,Auto Parts & Equipment,Equity
523232,CONTPTR,CONTINENTAL PETROLEUMS LTD.,Active,X,5.0,INE369D01023,,Equity
523242,NBFOOT,NB FOOTWEAR LTD.,Active,P,10.0,INE006F01018,Footwear,Equity
523248,MACPLASQ,MACHINO PLASTICS LTD.,Active,X,10.0,INE082B01018,Plastic Products,Equity
523260,PEARLPOLY,PEARL POLYMERS LTD.,Active,B,10.0,INE844A01013,Containers & Packaging,Equity
523261,VENKEYS,VENKYS (INDIA) LTD.,Active,B,10.0,INE398A01010,Packaged Foods,Equity
523269,ADVANIHOTR,ADVANI HOTELS & RESORTS (INDIA,Active,B,2.0,INE199C01026,Hotels,Equity
523277,GVFILM,GV FILMS LTD.,Active,X,1.0,INE395B01048,Movies & Entertainment,Equity
523283,SUPERHOUSE,SUPERHOUSE LTD.,Active,B,10.0,INE712B01010,Footwear,Equity
523289,RAMAVISION,RAMA VISION LTD.,Active,X,10.0,INE763B01013,Comm.Trading  & Distribution,Equity
523301,TCPLPACK,TCPL PACKAGING LTD.,Active,B,10.0,INE822C01015,Paper & Paper Products,Equity
523309,SHRIGANG,SHRI GANG INDUSTRIES AND ALLIE,Active,X,10.0,INE241V01018,,Equity
523315,PURITY,PURITY FLEX PACK LTD.,Active,X,10.0,INE898O01010,,Equity
523319,BALMLAWRIE,BALMER LAWRIE AND COMPANY LIMI,Active,B,10.0,INE164A01016,Diversified,Equity
523323,KOVAI,KOVAI MEDICAL CENTER & HOSPITA,Active,B,10.0,INE177F01017,Healthcare Services,Equity
523329,ELDEHSG,ELDECO HOUSING & INDUSTRIES LT,Active,B,2.0,INE668G01021,,Equity
523343,MICROSE,MICROSE INDIA LTD.,Active,XT,10.0,INE809F01015,Finance (including NBFCs),Equity
523351,STDSHOE,STANDARD SHOE SOLE AND MOULD (,Active,P,10.0,INE888N01013,Specialty Chemicals,Equity
523367,DCMSHRIRAM,DCM SHRIRAM LIMITED,Active,A,2.0,INE499A01024,Diversified,Equity
523369,DCMSRIND,DCM SHRIRAM INDUSTRIES LTD.,Active,B,2.0,INE843D01027,,Equity
523371,MAWANASUG,MAWANA SUGARS LTD.,Active,B,10.0,INE636A01039,Sugar,Equity
523373,MINID,MINI DIAMONDS (INDIA) LTD.,Active,X,2.0,INE281E01028,,Equity
523384,MAHAPEXLTD,MAHA RASHTRA APEX CORPORATION,Active,B,10.0,INE843B01013,Finance (including NBFCs),Equity
523385,NILKAMAL,NILKAMAL LTD.,Active,B,10.0,INE310A01015,Plastic Products,Equity
523387,HOM,HOMRE LIMITED,Active,XT,1.0,INE982C01033,Other Apparels & Accessories,Equity
523391,NAHARPOLY,NAHAR POLYFILMS LTD.,Active,B,5.0,INE308A01027,Textiles,Equity
523395,3MINDIA,3M INDIA LTD.,Active,A,10.0,INE470A01017,Diversified,Equity
523398,BOSCH-HCIL,BOSCH HOME COMFORT INDIA LIMIT,Active,B,10.0,INE782A01015,Consumer Electronics,Equity
523405,JMFINANCIL,JM FINANCIAL LTD.,Active,A,1.0,INE780C01023,Other Financial Services,Equity
523411,ADCINDIA,ADC INDIA COMMUNICATIONS LIMIT,Active,XT,10.0,INE833A01016,Telecom Equipment,Equity
523419,TNTELE,TAMILNADU TELECOMMUNICATIONS L,Active,B,10.0,INE141D01018,Telecom Cables,Equity
523425,SUNRAJDI,SUNRAJ DIAMOND EXPORTS LTD.,Active,XT,10.0,INE459D01014,Other Apparels & Accessories,Equity
523445,RIIL,RELIANCE INDUSTRIAL INFRASTRUC,Active,B,10.0,INE046A01015,Construction & Engineering,Equity
523449,SHARP,SHARP INDIA LTD.,Active,XT,10.0,INE207B01011,Consumer Electronics,Equity
523457,LINDEINDIA,Linde India Limited,Active,A,10.0,INE473A01011,Industrial Gases,Equity
523465,INDBNK,IND BANK HOUSING LTD.,Active,B,10.0,INE969D01012,Housing Finance,Equity
523467,JAIMATAG,JAI MATA GLASS LTD.,Active,XT,1.0,INE250C01027,Construction Materials,Equity
523475,LOTUSCHO,LOTUS CHOCOLATE CO.LTD.,Active,B,10.0,INE026D01011,Packaged Foods,Equity
523483,PACIFICI,PACIFIC INDUSTRIES LTD.,Active,B,10.0,INE883C01025,Construction Materials,Equity
523489,CMMHOSP,CHENNAI MEENAKSHI MULTISPECIAL,Active,X,10.0,INE889F01017,Healthcare Services,Equity
523519,UNIOFFICE,UNIVERSAL OFFICE AUTOMATION LT,Active,X,10.0,INE951C01012,Comm.Trading  & Distribution,Equity
523537,APMIN,APM INDUSTRIES LTD.,Active,X,2.0,INE170D01025,Textiles,Equity
523539,PRECWIRE,PRECISION WIRES INDIA LTD.,Active,B,1.0,INE372C01037,,Equity
523550,KRYPTONQ,KRYPTON INDUSTRIES LTD.,Active,X,10.0,INE951B01014,Diversified,Equity
523558,SWISSMLTRY,SWISS MILITARY CONSUMER GOODS,Active,B,2.0,INE010C01025,,Equity
523566,MARBU,MARTIN BURN LTD.,Active,X,10.0,INE199D01016,Realty,Equity
523574,FEL,Future Enterprises Limited,Active,Z,2.0,INE623B01027,Department Stores,Equity
523586,INDTONER,INDIAN TONERS & DEVELOPERS LTD,Active,X,2.0,INE826B01026,,Equity
523594,KUNSTOFF,KUNSTSTOFFE INDUSTRIES LTD.,Active,X,10.0,INE638D01021,Plastic Products,Equity
523598,SCI,SHIPPING CORPORATION OF INDIA,Active,A,10.0,INE109A01011,Shipping,Equity
523606,SIKA,SIKA INTERPLANT SYSTEMS LTD.,Active,B,2.0,INE438E01032,,Equity
523610,ITI,ITI LTD.,Active,B,10.0,INE248A01017,Telecom Equipment,Equity
523618,DREDGECORP,DREDGING CORPORATION OF INDIA,Active,B,10.0,INE506A01018,Shipping,Equity
523620,PHRMASI,PHAARMASIA LTD.,Active,X,10.0,INE486I01016,Pharmaceuticals,Equity
523630,NFL,NATIONAL FERTILIZERS LTD.,Active,B,10.0,INE870D01012,Fertilizers,Equity
523638,IPRINGLTD,IP RINGS LTD.,Active,B,10.0,INE558A01019,Auto Parts & Equipment,Equity
523642,PIIND,P.I.INDUSTRIES LTD.,Active,A,1.0,INE603J01030,Agrochemicals,Equity
523648,PLASTIBLEN,PLASTIBLENDS INDIA LTD.,Active,B,5.0,INE083C01022,Specialty Chemicals,Equity
523650,YASHINNO,YASH INNOVENTURES LIMITED,Active,X,10.0,INE823D01011,Industrial Machinery,Equity
523652,KKPLASTICK,Kkalpana Plastick Limited,Active,XT,10.0,INE465K01016,,Equity
523660,WATERBASE,WATERBASE LTD.,Active,B,10.0,INE054C01015,Other Food Products,Equity
523672,FLEXFO,FLEX FOODS LTD.,Active,X,10.0,INE954B01018,Other Agricultural Products,Equity
523676,GOLKUNDIA,GOLKUNDA DIAMONDS & JEWELLERY,Active,X,10.0,INE798D01015,Other Apparels & Accessories,Equity
523694,APCOTEXIND,APCOTEX INDUSTRIES LTD.,Active,B,2.0,INE116A01032,,Equity
523696,FORTISMLR,FORTIS MALAR HOSPITALS LIMITED,Active,X,10.0,INE842B01015,Healthcare Services,Equity
523704,MASTEK,MASTEK LTD.,Active,A,5.0,INE759A01021,IT Software Products,Equity
523708,EIMCOELECO,EIMCO ELECON (INDIA) LTD.,Active,B,10.0,INE158B01016,Industrial Machinery,Equity
523710,SAYAJIHOTL,SAYAJI HOTELS LIMITED,Active,B,10.0,INE318C01014,Hotels,Equity
523712,JMGCORP,JMG CORPORATION LTD.,Active,XT,2.5,INE745F01011,Plastic Products,Equity
523716,ASHIANA,ASHIANA HOUSING LTD.,Active,B,2.0,INE365D01021,Realty,Equity
523722,SVAMSOF,SVAM SOFTWARE LTD.,Active,X,10.0,INE119B01018,IT Software Products,Equity
523732,ECOBOAR,ECOBOARD INDUSTRIES LTD.,Active,X,10.0,INE866A01016,Forest Products,Equity
523736,DVL,Dhunseri Ventures Limited,Active,B,10.0,INE477B01010,Fibres & Plastics,Equity
523752,TIHIL,TRANS INDIA HOUSE IMPEX LIMITE,Active,XT,10.0,INE502D01011,Industrial Machinery,Equity
523754,MAHEPC,MAHINDRA EPC IRRIGATION LIMITE,Active,B,10.0,INE215D01010,Plastic Products,Equity
523782,MITSHI,Mitshi India Limited,Active,X,10.0,INE844D01017,Comm.Trading  & Distribution,Equity
523790,SHUKJEW,SHUKRA JEWELLERS LTD.,Active,P,10.0,INE344E01016,Other Apparels & Accessories,Equity
523792,MAZDA,MAZDA LTD.,Active,T,2.0,INE885E01042,,Equity
523796,VHLTD,VICEROY HOTELS LTD.,Active,T,10.0,INE048C01025,,Equity
523826,SOVERDIA,SOVEREIGN DIAMONDS LTD.,Active,X,10.0,INE959D01013,Other Apparels & Accessories,Equity
523828,MENONBE,MENON BEARINGS LTD.,Active,T,1.0,INE071D01033,Auto Parts & Equipment,Equity
523832,MUKATPIP,MUKAT PIPES LTD.,Active,XT,5.0,INE862C01029,,Equity
523836,GUJRAFFIA,GUJARAT RAFFIA INDUSTRIES LTD.,Active,B,10.0,INE610B01024,Containers & Packaging,Equity
523838,SIMPLEXINF,SIMPLEX INFRASTRUCTURES LTD.,Active,B,2.0,INE059B01024,Construction & Engineering,Equity
523840,INNOVTEC,INNOVATIVE TECH PACK LTD.,Active,X,1.0,INE965C01038,Containers & Packaging,Equity
523842,SUPTANERY,SUPER TANNERY LIMITED,Active,B,1.0,INE460D01038,Other Apparels & Accessories,Equity
523844,CONSTRONIC,CONSTRONICS INFRA LIMITED,Active,X,10.0,INE537B01011,Medical Equipment,Equity
523850,AXTEL,AXTEL INDUSTRIES LTD.,Active,B,10.0,INE767C01012,Industrial Machinery,Equity
523862,GRANDOAK,GRAND OAK CANYONS DISTILLERY L,Active,B,10.0,INE926B01016,Finance (including NBFCs),Equity
523874,EASTINDIA,East India Drums and Barrels M,Active,XT,10.0,INE191C01023,,Equity
523888,MEGAMONT,MEGAMONT LIMITED,Active,XT,10.0,INE317D01014,Auto Tyres & Rubber Products,Equity
523890,DSKULKARNI,D.S.KULKARNI DEVELOPERS LTD.,Active,T,10.0,INE891A01022,,Equity
523896,APIL,AVI PRODUCTS INDIA LIMITED,Active,XT,10.0,INE316O01021,Comm.Trading  & Distribution,Equity
524000,POONAWALLA,POONAWALLA FINCORP LIMITED,Active,A,2.0,INE511C01022,Finance (including NBFCs),Equity
524019,KINGFA,Kingfa Science & Technology (I,Active,B,10.0,INE473D01015,Plastic Products,Equity
524031,PATIDAR,PATIDAR BUILDCON LIMITED,Active,X,10.0,INE637N01014,Realty,Equity
524037,RAMAPHO,RAMA PHOSPHATES LTD.,Active,B,5.0,INE809A01032,,Equity
524038,VENLONENT,VENLON ENTERPRISES LTD.,Active,X,5.0,INE204D01022,Commodity Chemicals,Equity
524046,PETPLST,PET PLASTICS LTD.,Active,XT,10.0,INE704F01018,Plastic Products,Equity
524051,POLYPLEX,POLYPLEX CORPORATION LTD.,Active,B,10.0,INE633B01018,Commodity Chemicals,Equity
524055,PANIDPR,PANTHER INDUSTRIAL PRODUCTS LT,Active,X,10.0,INE181D01014,Comm.Trading  & Distribution,Equity
524075,ALBERTDAVD,ALBERT DAVID LTD.,Active,B,10.0,INE155C01010,Pharmaceuticals,Equity
524080,HARLETH,HARYANA LEATHER CHEMICALS LTD.,Active,X,10.0,INE681F01018,Commodity Chemicals,Equity
524091,CARYSIL,CARYSIL LIMITED,Active,B,2.0,INE482D01024,,Equity
524109,KABRAEXTRU,KABRA EXTRUSIONTECHNIK LTD.,Active,B,5.0,INE900B01029,Industrial Machinery,Equity
524129,VINYLINDIA,VINYL CHEMICALS (INDIA) LTD.,Active,B,1.0,INE250B01029,Fibres & Plastics,Equity
524136,PCCOSMA,PEE CEE COSMA SOPE LTD.,Active,X,10.0,INE417E01010,Household Products,Equity
524156,TCMLMTD,TCM LTD.,Active,X,10.0,INE034F01010,Commodity Chemicals,Equity
524164,IOLCP,IOL CHEMICALS & PHARMACEUTICAL,Active,B,2.0,INE485C01029,,Equity
524174,KESARPE,KESAR PETROPRODUCTS LTD.,Active,X,1.0,INE133C01033,Commodity Chemicals,Equity
524200,VINATIORGA,VINATI ORGANICS LTD.,Active,A,1.0,INE410B01037,,Equity
524202,LACTOSE,LACTOSE (INDIA) LTD.,Active,X,10.0,INE058I01013,Other Food Products,Equity
524204,TEEAI,TEESTA AGRO INDUSTRIES LTD.,Active,X,10.0,INE757D01011,Fertilizers,Equity
524208,AARTIIND,AARTI INDUSTRIES LTD.,Active,A,5.0,INE769A01020,Commodity Chemicals,Equity
524210,PNTKYOR,PENTOKEY ORGANY (INDIA) LTD.,Active,X,10.0,INE702E01015,Commodity Chemicals,Equity
524212,WANBURY,WANBURY LTD.,Active,B,10.0,INE107F01022,Pharmaceuticals,Equity
524218,RESONANCE,RESONANCE SPECIALTIES LTD.,Active,XT,10.0,INE486D01017,Pharmaceuticals,Equity
524226,GAEL,GUJARAT AMBUJA EXPORTS LTD.,Active,B,1.0,INE036B01030,,Equity
524230,RCF,RASHTRIYA CHEMICALS & FERTILIZ,Active,A,10.0,INE027A01015,Fertilizers,Equity
524238,GUJINJEC,GUJARAT INJECT (KERALA) LTD.,Active,XT,1.0,INE659F01022,,Equity
524280,KOPRAN,KOPRAN LTD.,Active,T,10.0,INE082A01010,Pharmaceuticals,Equity
524288,AIMCOPEST,AIMCO PESTICIDES LTD.,Active,X,10.0,INE008B01013,Agrochemicals,Equity
524314,GUJTERC,GUJARAT TERCE LABORATORIES LTD,Active,X,10.0,INE499G01013,Pharmaceuticals,Equity
524322,KABRADG,KABRA DRUGS LTD.,Active,X,10.0,INE323K01017,Pharmaceuticals,Equity
524324,SEYAIND,SEYA INDUSTRIES LTD.,Active,T,10.0,INE573R01012,Specialty Chemicals,Equity
524330,JAYAGROGN,JAYANT AGRO-ORGANICS LTD.,Active,B,5.0,INE785A01026,Specialty Chemicals,Equity
524332,BCLIND,BCL INDUSTRIES LIMITED,Active,B,1.0,INE412G01024,,Equity
524336,SHHARICH,SHREE HARI CHEMICALS EXPORT LT,Active,XT,10.0,INE065E01017,Commodity Chemicals,Equity
524342,INDOBORAX,INDO BORAX & CHEMICALS LTD.,Active,B,1.0,INE803D01021,,Equity
524348,AARTIDRUGS,AARTI DRUGS LTD.,Active,B,10.0,INE767A01016,Pharmaceuticals,Equity
524370,BODALCHEM,BODAL CHEMICALS LTD.,Active,T,2.0,INE338D01028,Commodity Chemicals,Equity
524372,ORCHPHARMA,Orchid Pharma Limited,Active,B,10.0,INE191A01027,,Equity
524394,VIMTALABS,VIMTA LABS LTD.,Active,B,2.0,INE579C01029,Healthcare Services,Equity
524396,BIOFILCHEM,BIOFIL CHEMICALS & PHARMACEUTI,Active,B,10.0,INE829A01014,Pharmaceuticals,Equity
524400,ISHITADR,ISHITA DRUGS & INDUSTRIES LTD.,Active,X,10.0,INE806D01016,Pharmaceuticals,Equity
524404,MARKSANS,MARKSANS PHARMA LTD.,Active,A,1.0,INE750C01026,Pharmaceuticals,Equity
524408,UNIVSTAR,UNIVERSAL STARCH-CHEM ALLIED L,Active,XT,10.0,INE113E01015,Commodity Chemicals,Equity
524412,AAREYDRUGS,AAREY DRUGS & PHARMACEUTICALS,Active,B,10.0,INE198H01019,Pharmaceuticals,Equity
524414,NORRIS,NORRIS MEDICINES LTD.,Active,X,10.0,INE744C01029,,Equity
524434,ASINPET,ASIAN PETROPRODUCTS & EXPORTS,Active,X,10.0,INE810M01019,Commodity Chemicals,Equity
524440,CAMEXLTD,CAMEX LTD.,Active,X,10.0,INE198C01010,Commodity Chemicals,Equity
524444,EVEXIA,EVEXIA LIFECARE LIMITED,Active,XT,1.0,INE313M01030,,Equity
524458,INDOEURO,INDO EURO INDCHEM LTD.,Active,X,10.0,INE319N01019,Specialty Chemicals,Equity
524470,SYNCOMF,SYNCOM FORMULATIONS (INDIA) LT,Active,B,1.0,INE312C01025,Pharmaceuticals,Equity
524480,RIDDHI,RIDDHI SIDDHI GLUCO BIOLS LTD.,Active,XT,10.0,INE249D01019,Commodity Chemicals,Equity
524488,SVCIND,SVC INDUSTRIES LIMITED,Active,X,10.0,INE038B01010,Commodity Chemicals,Equity
524494,IPCALAB,IPCA LABORATORIES LTD.,Active,A,1.0,INE571A01038,,Equity
524500,KILITCH,KILITCH DRUGS (INDIA) LTD.,Active,T,10.0,INE729D01010,Pharmaceuticals,Equity
524502,RAAJMEDI,RAAJ MEDISAFE INDIA LTD.,Active,P,10.0,INE548H01015,Medical Equipment,Equity
524504,REVAMEDIA,REVATI MEDIA LIMITED,Active,XT,10.0,INE270D01015,,Equity
524506,CORALAB,CORAL LABORATORIES LTD.,Active,XT,10.0,INE683E01017,Pharmaceuticals,Equity
524514,TULASEEBIOE,TULASEE BIO-ETHANOL LTD.,Active,ZP,10.0,INE276N01011,Commodity Chemicals,Equity
524516,BACPHAR,BACIL PHARMA LTD.,Active,X,10.0,INE711D01018,Pharmaceuticals,Equity
524518,KREBSBIO,KREBS BIOCHEMICALS & INDUSTRIE,Active,B,10.0,INE268B01013,Pharmaceuticals,Equity
524520,KMCSHIL,KMC SPECIALITY HOSPITALS (INDI,Active,B,1.0,INE879K01018,Healthcare Services,Equity
524522,LAFFANSQ,LAFFANS PETROCHEMICALS LTD.,Active,X,10.0,INE919B01011,Commodity Chemicals,Equity
524534,BHASKAGR,BHASKAR AGROCHEMICALS LTD.,Active,X,10.0,INE972C01018,,Equity
524542,SUKHJITS,SUKHJIT STARCH & CHEMICALS LTD,Active,B,5.0,INE450E01029,,Equity
524548,SHARMEH,SHARMA EAST INDIA HOSPITALS &,Active,X,10.0,INE465H01012,,Equity
524558,NEULANDLAB,NEULAND LABORATORIES LTD.,Active,A,10.0,INE794A01010,Pharmaceuticals,Equity
524564,GAYATRIBI,GAYATRI BIOORGANICS LTD.,Active,X,10.0,INE052E01015,Commodity Chemicals,Equity
524570,PODDARMENT,PODDAR PIGMENTS LTD.,Active,B,10.0,INE371C01013,Specialty Chemicals,Equity
524572,PHARMAID,PHARMAIDS PHARMACEUTICALS LTD.,Active,X,10.0,INE117D01018,Pharmaceuticals,Equity
524576,VIVIDIND,VIVID GLOBAL INDUSTRIES LTD.,Active,X,5.0,INE737C01023,Commodity Chemicals,Equity
524580,PRIYALT,PRIYA LTD.,Active,X,10.0,INE686C01014,Comm.Trading  & Distribution,Equity
524582,TIRUSTA,TIRUPATI STARCH & CHEMICALS LT,Active,X,10.0,INE314D01011,Other Food Products,Equity
524590,HEMORGANIC,HEMO ORGANIC LIMITED,Active,XT,10.0,INE422G01015,Comm.Trading  & Distribution,Equity
524592,JAYSYNTH,JAYSYNTH ORGOCHEM LIMITED,Active,X,1.0,INE263B01022,Specialty Chemicals,Equity
524594,AEONXDIGI,Aeonx Digital Technology Limit,Active,X,10.0,INE994D01010,Commodity Chemicals,Equity
524598,AKSHARCHEM,AKSHARCHEM (INDIA) LTD.,Active,T,10.0,INE542B01011,Specialty Chemicals,Equity
524602,BANDARAM,BANDARAM PHARMA PACKTECH LIMIT,Active,X,10.0,INE875N01036,,Equity
524604,ADLINE,ADLINE CHEM LAB LIMITED,Active,P,10.0,INE276T01018,,Equity
524606,BERLDRG,BERYL DRUGS LTD.,Active,X,10.0,INE415H01017,Pharmaceuticals,Equity
524614,INDXTRA,IEL LIMITED,Active,X,1.0,INE056E01024,,Equity
524622,ISTRNETWK,ISTREET NETWORK LIMITED,Active,X,4.0,INE532B01020,Internet & Catalogue Retail,Equity
524624,GAGAN,GAGAN GASES LTD.,Active,XT,10.0,INE076D01016,Integrated Oil & Gas,Equity
524628,PARKERAC,PARKER AGROCHEM EXPORTS LTD.,Active,X,10.0,INE750B01010,Comm.Trading  & Distribution,Equity
524632,SHUKRAPHAR,Shukra Pharmaceuticals Limited,Active,B,1.0,INE551C01044,,Equity
524634,ALUFLUOR,ALUFLUORIDE LTD.,Active,B,10.0,INE058F01019,Commodity Chemicals,Equity
524636,OXYGENTAPH,OXYGENTA PHARMACEUTICAL LIMITE,Active,XT,10.0,INE102E01018,Pharmaceuticals,Equity
524640,ARCHITORG,ARCHIT ORGANOSYS LTD.,Active,XT,10.0,INE078I01011,Commodity Chemicals,Equity
524648,INDOAMIN,INDO AMINES LTD.,Active,T,5.0,INE760F01028,,Equity
524654,NATCAPSUQ,NATURAL CAPSULES LTD.,Active,B,10.0,INE936B01015,Pharmaceuticals,Equity
524661,WELCURE,WELCURE DRUGS & PHARMACEUTICAL,Active,X,1.0,INE331C01025,,Equity
524663,BIBCL,BHARAT IMMUNOLOGICALS & BIOLOG,Active,B,10.0,INE994B01014,Pharmaceuticals,Equity
524667,SOTL,SAVITA OIL TECHNOLOGIES LTD.,Active,B,2.0,INE035D01020,,Equity
524669,HESTERBIO,HESTER BIOSCIENCES LTD.,Active,B,10.0,INE782E01017,Pharmaceuticals,Equity
524675,KABSON,KABSONS INDUSTRIES LTD.,Active,X,10.0,INE645C01010,,Equity
524687,BASANTGL,BASANT AGRO TECH (INDIA) LTD.,Active,X,1.0,INE473E01021,Fertilizers,Equity
524703,SANDUPHQ,SANDU PHARMACEUTICALS LTD.,Active,X,10.0,INE751D01014,Pharmaceuticals,Equity
524709,NACLIND,NACL Industries Limited,Active,B,1.0,INE295D01020,Agrochemicals,Equity
524711,VISTAPH,VISTA PHARMACEUTICALS LTD.,Active,X,2.0,INE427C01021,,Equity
524715,SUNPHARMA,SUN PHARMACEUTICAL INDUSTRIES,Active,A,1.0,INE044A01036,Pharmaceuticals,Equity
524717,TITANBIO,TITAN BIOTECH LTD.,Active,XT,2.0,INE150C01029,,Equity
524723,ARVAYA,Arvaya Healthcare Limited,Active,XT,10.0,INE491D01017,,Equity
524727,SDL,Span Divergent Limited,Active,X,10.0,INE004E01016,Pharmaceuticals,Equity
524731,JENBURPH,JENBURKT PHARMACEUTICALS LTD.,Active,B,10.0,INE354A01013,Pharmaceuticals,Equity
524735,HIKAL,HIKAL LTD.,Active,B,2.0,INE475B01022,Pharmaceuticals,Equity
524742,CAPLIPOINT,CAPLIN POINT LABORATORIES LTD.,Active,A,2.0,INE475E01026,,Equity
524743,FISCHER,FISCHER MEDICAL VENTURES LIMIT,Active,B,1.0,INE771F01041,,Equity
524748,LINKPH,LINK PHARMA CHEM LTD.,Active,X,10.0,INE302F01011,Commodity Chemicals,Equity
524752,DECIPHER,DECIPHER LABS LIMITED,Active,X,10.0,INE643N01012,,Equity
524768,EMMESSA,EMMESSAR BIOTECH & NUTRITION L,Active,X,10.0,INE634B01016,Commodity Chemicals,Equity
524774,NGLFINE,NGL FINE-CHEM LTD.,Active,B,5.0,INE887E01022,Pharmaceuticals,Equity
524790,EVERESTO,EVEREST ORGANICS LTD.,Active,X,10.0,INE334C01029,,Equity
524804,AUROPHARMA,AUROBINDO PHARMA LTD.,Active,A,1.0,INE406A01037,Pharmaceuticals,Equity
524808,PHYTO,PHYTO CHEM (INDIA) LTD.,Active,X,10.0,INE037C01010,Agrochemicals,Equity
524816,NATCOPHARM,NATCO PHARMA LTD.,Active,A,2.0,INE987B01026,Pharmaceuticals,Equity
524818,DYNAMIND,DYNAMIC INDUSTRIES LTD.,Active,X,10.0,INE457C01010,Specialty Chemicals,Equity
524820,PANAMAPET,PANAMA PETROCHEM LTD.,Active,B,2.0,INE305C01029,Oil Marketing & Distribution,Equity
524824,BALPHARMA,BAL PHARMA LTD.,Active,B,10.0,INE083D01012,Pharmaceuticals,Equity
524828,BDH,BDH INDUSTRIES LTD.,Active,X,10.0,INE278D01018,Pharmaceuticals,Equity
526001,JAUSPOL,JAUSS POLYMERS LTD.,Active,X,10.0,INE593O01017,Containers & Packaging,Equity
526025,GLOBUSCON,GLOBUS CONSTRUCTORS & DEVELOPE,Active,X,10.0,INE064L01015,Textiles,Equity
526027,CUBEXTUB,CUBEX TUBINGS LTD.,Active,B,10.0,INE144D01012,Copper,Equity
526043,POLYCHMP,POLYMECHPLAST MACHINES LTD.,Active,X,10.0,INE809B01014,Industrial Machinery,Equity
526071,STELLANT,STELLANT SECURITIES (INDIA) LT,Active,XT,10.0,INE395F01023,,Equity
526073,GALXBRG,GALAXY BEARINGS LTD.,Active,XT,10.0,INE020S01012,Other Industrial Goods,Equity
526075,VINRKLB,REKVINA LABORATORIES LTD.,Active,XT,5.0,INE092O01028,Pharmaceuticals,Equity
526081,SCAGRO,SC Agrotech Limited,Active,XT,10.0,INE895E01017,Packaged Foods,Equity
526095,RALEGRA,RAVILEELA GRANITES LTD.,Active,XT,10.0,INE427E01027,,Equity
526113,UNRYLMA,UNIROYAL MARINE EXPORTS LTD.,Active,XT,10.0,INE602H01010,Packaged Foods,Equity
526115,KARANWO,KARAN WOO-SIN LTD.,Active,X,10.0,INE327D01013,Other Apparels & Accessories,Equity
526117,SHERVANI,SHERVANI INDUSTRIAL SYNDICATE,Active,B,10.0,INE011D01013,Non-Durable Household Prod.,Equity
526125,BNAGROCHEM,BN AGROCHEM LIMITED,Active,B,10.0,INE00HZ01011,,Equity
526133,SUPERTEX,SUPERTEX INDUSTRIES LTD.,Active,X,10.0,INE881B01054,Textiles,Equity
526137,SHETR,SHETRON LTD.,Active,X,10.0,INE278C01010,Containers & Packaging,Equity
526139,TRABI,TRANSGENE BIOTEK LTD.,Active,X,10.0,INE773D01018,Healthcare Services,Equity
526143,MPL,MPL PLASTICS LTD.,Active,X,10.0,INE343A01016,Containers & Packaging,Equity
526159,NIKHILAD,NIKHIL ADHESIVES LTD.,Active,X,1.0,INE926C01022,,Equity
526161,SPENTA,SPENTA INTERNATIONAL LTD.,Active,XT,10.0,INE175C01018,Other Apparels & Accessories,Equity
526169,MULTIBASE,MULTIBASE INDIA LTD.,Active,X,10.0,INE678F01014,Auto Tyres & Rubber Products,Equity
526173,ANDREWYU,ANDREW YULE & COMPANY LTD.,Active,B,2.0,INE449C01025,Tea & Coffee,Equity
526179,LUDLOWJUT,LUDLOW JUTE & SPECIALITIES LTD,Active,X,10.0,INE983C01015,Jute & Jute Products,Equity
526187,ASHRAM,ASHRAM ONLINE.COM LTD.,Active,X,10.0,INE293C01019,Healthcare Services,Equity
526193,ROYALCU,ROYAL CUSHION VINYL PRODUCTS L,Active,X,10.0,INE618A01011,Furniture-Furnishing-Paints,Equity
526211,SURJIND,SURAJ INDUSTRIES LTD.,Active,X,10.0,INE170U01011,,Equity
526217,HITECHCORP,Hitech Corporation Limited,Active,T,10.0,INE120D01012,Containers & Packaging,Equity
526227,FILATEX,FILATEX INDIA LTD.,Active,B,1.0,INE816B01035,,Equity
526231,STDSFAC,STANDARD SURFACTANTS LTD.,Active,X,10.0,INE307D01015,,Equity
526237,MORGAN,MORGAN VENTURES LTD.,Active,X,10.0,INE902C01015,Finance (including NBFCs),Equity
526241,AMRAPLIN,AMRAPALI INDUSTRIES LTD.,Active,XT,5.0,INE762C01021,Comm.Trading  & Distribution,Equity
526247,PREMEXPLN,PREMIER EXPLOSIVES LTD.,Active,A,2.0,INE863B01029,,Equity
526251,MIDEASTP,MID EAST PORTFOLIO MANAGEMENT,Active,XT,10.0,INE033E01015,Finance (including NBFCs),Equity
526263,MOLDTECH,MOLD-TEK TECHNOLOGIES LTD.,Active,T,2.0,INE835B01035,,Equity
526269,CRSTCHM,CRESTCHEM LTD.,Active,XT,10.0,INE293N01016,Fibres & Plastics,Equity
526299,MPHASIS,MPHASIS LTD.,Active,A,10.0,INE356A01018,IT Consulting & Software,Equity
526315,DIVSHKT,DIVYASHAKTI LIMITED,Active,X,10.0,INE410G01010,Construction Materials,Equity
526325,ORIENTLTD,ORIENT PRESS LTD.,Active,T,10.0,INE609C01024,Containers & Packaging,Equity
526331,ADVMULT,ADVANCE MULTITECH LTD.,Active,XT,10.0,INE875S01019,,Equity
526335,SHREYASI,SHREYAS INTERMEDIATES LTD.,Active,X,10.0,INE115F01017,Commodity Chemicals,Equity
526345,PANJON,PANJON LTD.,Active,X,10.0,INE744D01019,,Equity
526349,CRAFTROOT,CRAFTROOT RETAIL LIMITED,Active,Z,10.0,INE218T01010,,Equity
526355,DUROPACK,DUROPACK LTD.,Active,X,10.0,INE138B01018,Plastic Products,Equity
526365,SWARNSAR,SWARNSARITA JEWELS INDIA LIMIT,Active,B,10.0,INE967A01012,Other Apparels & Accessories,Equity
526367,GANESHHOU,GANESH HOUSING LIMITED,Active,B,10.0,INE460C01014,Realty,Equity
526371,NMDC,NMDC LTD.,Active,A,1.0,INE584A01023,Mining,Equity
526373,CINDHO,CINDRELLA HOTELS LTD.,Active,X,10.0,INE908C01012,Hotels,Equity
526381,PATINTLOG,PATEL INTEGRATED LOGISTICS LTD,Active,T,10.0,INE529D01014,Surface Transportation,Equity
526397,ALPHAGEO,ALPHAGEO (INDIA) LTD.,Active,T,10.0,INE137C01018,Oil Equipment & Services,Equity
526407,HAMPTON,HAMPTON SKY REALTY LIMITED,Active,B,1.0,INE299D01022,,Equity
526409,KKALPANAIND,KKALPANA INDUSTRIES (INDIA) LT,Active,X,2.0,INE301C01028,Plastic Products,Equity
526415,OKPLA,OK PLAY INDIA LTD.,Active,XT,1.0,INE870B01024,,Equity
526423,KRITI,KRITI INDUSTRIES (INDIA) LTD.,Active,B,1.0,INE479D01038,Plastic Products,Equity
526431,WELTI,WELTERMAN INTERNATIONAL LTD.,Active,XT,10.0,INE662D01013,Footwear,Equity
526433,ASMTEC,ASM TECHNOLOGIES LTD.,Active,B,10.0,INE867C01010,IT Consulting & Software,Equity
526435,PERFEPA,PERFECTPAC LTD.,Active,X,2.0,INE759I01024,,Equity
526439,AMBIT,AMBITIOUS PLASTOMAC COMPANY LT,Active,X,10.0,INE267C01013,,Equity
526441,VISIONCINE,VISION CINEMAS LTD.,Active,X,1.0,INE515B01025,Advertising & Media,Equity
526443,AEIM,Artificial Electronics Intelli,Active,X,10.0,INE072B01027,,Equity
526445,INDRANIB,INDRAYANI BIOTECH LTD.,Active,X,10.0,INE007C01021,Other Agricultural Products,Equity
526468,EUROLED,EURO LEDER FASHION LTD.,Active,XT,10.0,INE940E01011,Other Apparels & Accessories,Equity
526471,WINSOMBR,WINSOME BREWERIES LTD.,Active,X,10.0,INE391C01011,Breweries & Distilleries,Equity
526473,ELEFLOR,ELEGANT FLORICULTURE & AGROTEC,Active,X,10.0,INE152E01013,,Equity
526477,SAENTER,SOUTH ASIAN ENTERPRISES LTD.,Active,X,10.0,INE118B01010,Other Leisure Facilities,Equity
526479,SKYIND,SKY INDUSTRIES LTD.,Active,X,10.0,INE765B01018,Textiles,Equity
526481,PHOENXINTL,PHOENIX INTERNATIONAL LTD.,Active,B,10.0,INE245B01011,Other Apparels & Accessories,Equity
526488,BHUDEVI,BHUDEVI INFRA PROJECTS LIMITED,Active,X,10.0,INE432N01010,Textiles,Equity
526490,PRATIK,PRATIK PANELS LTD.,Active,X,1.0,INE206C01029,,Equity
526492,RISHIROOP,Rishiroop Limited,Active,X,10.0,INE582D01013,Other Industrial Products,Equity
526494,PROMACT,Promact Plastics Limited,Active,X,10.0,INE818D01011,Containers & Packaging,Equity
526500,STRGRENWO,STERLING GREEN WOODS LTD.,Active,X,10.0,INE398F01019,Hotels,Equity
526504,DOLPHMED,DOLPHIN MEDICAL SERVICES LTD.,Active,X,10.0,INE796B01013,Healthcare Services,Equity
526506,SYSTMTXC,SYSTEMATIX CORPORATE SERVICES,Active,T,1.0,INE356B01024,,Equity
526508,SHAHISHIP,Shahi Shipping Limited,Active,X,10.0,INE825D01016,Shipping,Equity
526519,ALPINEHOU,ALPINE HOUSING DEVELOPMENT COR,Active,XT,10.0,INE840D01015,Realty,Equity
526525,WWALUM,WORLDWIDE ALUMINIUM LIMITED,Active,X,10.0,INE550D01010,Other Apparels & Accessories,Equity
526530,IIRM,IIRM HOLDINGS INDIA LIMITED,Active,XT,5.0,INE670C01026,,Equity
526532,SFPIL,SQUARE FOUR PROJECTS INDIA LIM,Active,X,5.0,INE716K01020,,Equity
526544,SGLRES,SGL RESOURCES LIMITED,Active,B,2.0,INE967B01028,Internet Software & Services,Equity
526546,CHOKSILA,CHOKSI LABORATORIES LTD.,Active,X,10.0,INE493D01013,Healthcare Services,Equity
526550,CCHHL,COUNTRY CLUB HOSPITALITY AND H,Active,B,2.0,INE652F01027,Hotels,Equity
526554,SALGUTI,SALGUTI INDUSTRIES LTD.,Active,X,10.0,INE159C01012,Containers & Packaging,Equity
526570,REMAGNET,MIDWEST ENERGY LIMITED,Active,B,10.0,INE519N01014,Construction Materials,Equity
526574,ENTRINT,ENTERPRISE INTERNATIONAL LTD.,Active,X,10.0,INE439G01019,Comm.Trading  & Distribution,Equity
526582,TPLPLASTEH,TPL PLASTECH LTD.,Active,B,2.0,INE413G01022,,Equity
526588,PHOTOQUP,PHOTOQUIP INDIA LTD.,Active,X,10.0,INE813B01016,Photographic Products,Equity
526596,LIBERTSHOE,LIBERTY SHOES LTD.,Active,B,10.0,INE557B01019,Footwear,Equity
526604,LIPPISYS,LIPPI SYSTEMS LTD.,Active,XT,10.0,INE845B01018,Industrial Machinery,Equity
526608,ELECTHERM,ELECTROTHERM (INDIA) LTD.,Active,B,10.0,INE822G01016,Iron & Steel Products,Equity
526612,BLUEDART,BLUE DART EXPRESS LTD.,Active,A,10.0,INE233B01017,Transportation - Logistics,Equity
526614,EXPOEAPL,EXPO ENGINEERING AND PROJECTS,Active,X,4.0,INE561D01025,Other Industrial Products,Equity
526616,NATPLAS,NATIONAL PLASTIC INDUSTRIES LT,Active,X,10.0,INE233D01013,Plastic Products,Equity
526622,MFLINDIA,MFL INDIA LTD.,Active,X,1.0,INE244C01020,Transportation - Logistics,Equity
526628,AJWAFUN,AJWA FUN WORLD & RESORT LTD.,Active,P,10.0,INE863E01015,Other Leisure Facilities,Equity
526638,TEXELIN,TEXEL INDUSTRIES LTD.,Active,X,10.0,INE594V01028,,Equity
526640,RAYALEMA,ROYALE MANOR HOTELS & INDUSTRI,Active,X,10.0,INE008C01011,Hotels,Equity
526642,MIRZAINT,MIRZA INTERNATIONAL LTD.,Active,B,2.0,INE771A01026,Footwear,Equity
526650,TFCILTD,TOURISM FINANCE CORPORATION OF,Active,A,2.0,INE305A01023,,Equity
526654,THAKDEV,THAKKERS DEVELOPERS LTD.,Active,B,10.0,INE403F01017,Realty,Equity
526662,ARENTERP,RAJDARSHAN INDUSTRIES LTD.,Active,B,10.0,INE610C01014,Construction & Engineering,Equity
526666,BIL,BHARTIYA INTERNATIONAL LTD.,Active,B,10.0,INE828A01016,Other Apparels & Accessories,Equity
526668,KAMATHOTEL,KAMAT HOTELS (INDIA) LTD.,Active,B,10.0,INE967C01018,Hotels,Equity
526675,TIRTPLS,TIRTH PLASTIC LTD.,Active,X,10.0,INE008N01018,,Equity
526677,KEEPLEARN,DSJ KEEP LEARNING LIMITED,Active,B,1.0,INE055C01020,,Equity
526683,UNIVAFOODS,Univa Foods Limited,Active,T,10.0,INE275F01019,Hotels,Equity
526703,ECOPLAST,ECOPLAST LTD.,Active,X,10.0,INE423D01010,Plastic Products,Equity
526705,ELEMARB,ELEGANT MARBLES & GRANI INDUST,Active,X,10.0,INE095B01010,Comm.Trading  & Distribution,Equity
526709,BITS,BITS LTD.,Active,X,2.0,INE839A01021,IT Software Products,Equity
526711,ADARSHPL,ADARSH PLANT PROTECT LTD.,Active,X,10.0,INE627D01016,Agrochemicals,Equity
526717,HPBL,HCP PLASTENE BULKPACK LIMITED,Active,X,10.0,INE136C01044,,Equity
526721,NICCOPAR,NICCO PARKS & RESORTS LTD.,Active,B,1.0,INE653C01022,Other Leisure Facilities,Equity
526723,NTCIND,NTC INDUSTRIES LTD.,Active,B,10.0,INE920C01017,Cigarettes-Tobacco Products,Equity
526725,SANDESH,SANDESH LTD.,Active,B,10.0,INE583B01015,Publishing,Equity
526727,GARNET,GARNET CONSTRUCTION LTD.,Active,X,10.0,INE797D01017,Construction & Engineering,Equity
526729,GOLDIAM,GOLDIAM INTERNATIONAL LTD.,Active,A,2.0,INE025B01025,,Equity
526731,BRIGHTBR,BRIGHT BROTHERS LTD.,Active,B,10.0,INE630D01010,Containers & Packaging,Equity
526739,SHAWGELTIN,NARMADA GELATINES LTD.,Active,X,10.0,INE869A01010,Specialty Chemicals,Equity
526747,PGFOILQ,PG FOILS LTD.,Active,X,10.0,INE078D01012,Aluminium,Equity
526751,GRATEXI,GRATEX INDUSTRIES LTD.,Active,X,10.0,INE915E01013,Paper & Paper Products,Equity
526755,VELHO,VELAN HOTELS LTD.,Active,XT,10.0,INE548D01014,Hotels,Equity
526761,HOWARHO,HOWARD HOTELS LTD.,Active,X,10.0,INE931B01016,Hotels,Equity
526775,VALIANT,VALIANT COMMUNICATIONS LTD.,Active,X,10.0,INE760B01019,Telecom Equipment,Equity
526783,DRAGARWQ,DR.AGARWALS EYE HOSPITAL LTD.,Active,B,10.0,INE934C01018,Healthcare Services,Equity
526795,MHSGRMS,MAHASAGAR TRAVELS LTD.,Active,ZP,10.0,INE007G01014,Surface Transportation,Equity
526797,GREENPLY,GREENPLY INDUSTRIES LTD.,Active,B,1.0,INE461C01038,,Equity
526799,UNQTYMI,UNION QUALITY PLASTICS LTD.,Active,XT,10.0,INE338N01019,Containers & Packaging,Equity
526807,SEAMECLTD,SEAMEC LTD.,Active,B,10.0,INE497B01018,Shipping,Equity
526813,RAGHUNAT,RAGHUNATH INTERNATIONAL LTD.,Active,X,10.0,INE753B01014,Cigarettes-Tobacco Products,Equity
526817,CHEVIOT,CHEVIOT CO.LTD.,Active,B,10.0,INE974B01016,Jute & Jute Products,Equity
526821,DAICHI,DAI-ICHI KARKARIA LTD.,Active,B,10.0,INE928C01010,Specialty Chemicals,Equity
526823,RAJINFRA,RAJESWARI INFRASTRUCTURE LIMIT,Active,Z,10.0,INE016C01014,Realty,Equity
526827,SPICEISLIN,SPICE ISLANDS INDUSTRIES LIMIT,Active,XT,10.0,INE882D01017,Other Apparels & Accessories,Equity
526829,CONFIPET,CONFIDENCE PETROLEUM INDIA LTD,Active,B,1.0,INE552D01024,Oil Marketing & Distribution,Equity
526839,SIPL,SHELTER INFRA PROJECTS LTD.,Active,X,10.0,INE413C01013,Construction & Engineering,Equity
526841,SHAKTIPR,SHAKTI PRESS LTD.,Active,X,10.0,INE794C01016,,Equity
526847,ASHSI,ASHIRWAD STEELS & INDUSTRIES L,Active,X,10.0,INE338C01012,Iron & Steel/Interm.Products,Equity
526849,BANARBEADS,BANARAS BEADS LTD.,Active,B,10.0,INE655B01011,Other Apparels & Accessories,Equity
526851,AREXMIS,AREX INDUSTRIES LTD.,Active,X,10.0,INE480H01011,Textiles,Equity
526853,BI,BILCARE LTD.,Active,T,10.0,INE986A01012,Healthcare Supplies,Equity
526859,ISFL,ISF LIMITED,Active,X,1.0,INE973B01026,Finance (including NBFCs),Equity
526861,RISHILASE,RISHI LASER LTD.,Active,X,10.0,INE988D01012,Industrial Machinery,Equity
526865,JAINCO,JAINCO PROJECTS (INDIA) LTD.,Active,X,10.0,INE966C01010,Comm.Trading  & Distribution,Equity
526869,KUMPFIN,KUMBHAT FINANCIAL SERVICES LTD,Active,X,10.0,INE795E01019,,Equity
526871,INTECCAP,INTEC CAPITAL LTD.,Active,XT,10.0,INE017E01018,Other Financial Services,Equity
526873,RAJSEC,RAJASTHAN SECURITIES LIMITED,Active,X,3.0,INE184D01026,,Equity
526877,SIDDHEGA,SIDDHESWARI GARMENTS LTD.,Active,XT,10.0,INE797C01019,,Equity
526881,63MOONS,63 Moons Technologies Limited,Active,A,2.0,INE111B01023,IT Consulting & Software,Equity
526883,SHIKHAR,SHIKHAR CONSULTANTS LTD.,Active,XT,10.0,INE641B01011,,Equity
526885,SARLAPOLY,SARLA PERFORMANCE FIBERS LTD.,Active,B,1.0,INE453D01025,Textiles,Equity
526887,INDOCRED,INDO CREDIT CAPITAL LTD.,Active,XT,10.0,INE147D01015,Finance (including NBFCs),Equity
526891,MKTCREAT,MARKET CREATORS LTD.,Active,X,10.0,INE944C01017,Other Financial Services,Equity
526899,HFIL,HIMALAYA FOOD INTERNATIONAL LI,Active,X,10.0,INE552B01010,Other Agricultural Products,Equity
526901,SONALAD,SONAL ADHESIVES LTD.,Active,X,10.0,INE344I01017,Commodity Chemicals,Equity
526905,PADMAIND,Padmanabh Industries Ltd,Active,X,10.0,INE743D01011,,Equity
526921,21STCENMGM,TWENTYFIRST CENTURY MANAGEMENT,Active,B,10.0,INE253B01015,Other Financial Services,Equity
526931,HRYNSHP,HARIYANA SHIP BREAKERS LTD.,Active,B,10.0,INE400G01011,Other Industrial Goods,Equity
526935,KALIND,Kalind Limited,Active,X,2.0,INE377D01026,,Equity
526941,VAICC,VAISHNO CEMENT CO.LTD.,Active,P,10.0,INE116E01018,Cement & Cement Products,Equity
526945,TYROON,TYROON TEA CO.LTD.,Active,X,10.0,INE945B01016,Tea & Coffee,Equity
526947,LAOPALA,LA OPALA RG LTD.,Active,B,2.0,INE059D01020,Houseware,Equity
526951,STYLAMIND,STYLAM INDUSTRIES LIMITED,Active,B,5.0,INE239C01020,,Equity
526953,VENUSREM,VENUS REMEDIES LTD.,Active,T,10.0,INE411B01019,Pharmaceuticals,Equity
526959,WOODSVILA,WOODSVILLA LTD.,Active,XT,5.0,INE374J01020,,Equity
526961,LASTMILE,LAST MILE ENTERPRISES LIMITED,Active,X,1.0,INE404B01022,,Equity
526965,GUJCRAFT,GUJARAT CRAFT INDUSTRIES LTD.,Active,X,10.0,INE372D01019,Containers & Packaging,Equity
526967,HEERAISP,HEERA ISPAT LTD.,Active,X,10.0,INE025D01013,Iron & Steel/Interm.Products,Equity
526971,DHOOTIN,DHOOT INDUSTRIAL FINANCE LTD.,Active,XT,10.0,INE313G01016,Comm.Trading  & Distribution,Equity
526977,CRIMSON,CRIMSON METAL ENGINEERING COMP,Active,P,10.0,INE318P01016,Iron & Steel Products,Equity
526981,SHBAJRG,SHRI BAJRANG ALLIANCE LIMITED,Active,B,10.0,INE402H01015,Iron & Steel Products,Equity
526983,ASHOKRE,ASHOKA REFINERIES LTD.,Active,P,10.0,INE760M01016,Other Agricultural Products,Equity
526987,URJA,URJA GLOBAL LTD.,Active,B,1.0,INE550C01020,Comm.Trading  & Distribution,Equity
527001,ASHAPURMIN,ASHAPURA MINECHEM LTD.,Active,A,2.0,INE348A01023,Mining,Equity
527005,SHREEPAC,SHREE PACETRONIX LTD.,Active,X,10.0,INE847D01010,Healthcare Supplies,Equity
530001,GUJALKALI,GUJARAT ALKALIES & CHEMICALS L,Active,B,10.0,INE186A01019,Commodity Chemicals,Equity
530005,INDIACEM,INDIA CEMENTS LTD.,Active,A,10.0,INE383A01012,Cement & Cement Products,Equity
530007,JKTYRE,JK TYRE & INDUSTRIES LTD.,Active,A,2.0,INE573A01042,Auto Tyres & Rubber Products,Equity
530017,SIL,STANDARD INDUSTRIES LTD.,Active,B,5.0,INE173A01025,Commodity Chemicals,Equity
530019,JUBLPHARMA,JUBILANT PHARMOVA LIMITED,Active,A,1.0,INE700A01033,Pharmaceuticals,Equity
530023,THEINVEST,THE INVESTMENT TRUST OF INDIA,Active,B,10.0,INE924D01017,Finance (including NBFCs),Equity
530025,SAMYAKINT,SAMYAK INTERNATIONAL LTD.,Active,X,10.0,INE607G01011,Misc.Commercial Services,Equity
530027,AADIIND,AADI INDUSTRIES LTD.,Active,X,10.0,INE563D01013,Fibres & Plastics,Equity
530035,SANTOSHF,SANTOSH FINE-FAB LTD.,Active,XT,10.0,INE612D01018,Textiles,Equity
530037,SPARKLEGR,SPARKLE GOLD ROCK LIMITED,Active,X,10.0,INE618F01010,Textiles,Equity
530043,ACKNIT,ACKNIT INDUSTRIES LTD.,Active,X,10.0,INE326C01017,Other Apparels & Accessories,Equity
530045,TITANSEC,TITAN SECURITIES LTD.,Active,X,10.0,INE090D01017,Finance (including NBFCs),Equity
530053,REALECO,REAL ECO-ENERGY LIMITED,Active,X,2.0,INE055E01034,,Equity
530055,HRMNYCP,HARMONY CAPITAL SERVICES LTD.,Active,XT,10.0,INE264N01017,Misc.Commercial Services,Equity
530057,VIVANZA,Vivanza Biosciences Limited,Active,X,1.0,INE984E01035,,Equity
530063,YASHRAJC,YASHRAJ CONTAINEURS LTD.,Active,XT,10.0,INE095C01018,Containers & Packaging,Equity
530065,LORDSHOTL,LORDS ISHWAR HOTELS LIMITED,Active,X,10.0,INE689J01013,Hotels,Equity
530067,CSLFINANCE,CSL Finance Limited,Active,B,10.0,INE718F01018,Finance (including NBFCs),Equity
530073,SANGHVIMOV,SANGHVI MOVERS LTD.,Active,B,1.0,INE989A01032,,Equity
530075,ANTELOPUS,Antelopus Selan Energy Limited,Active,B,10.0,INE818A01017,Exploration & Production,Equity
530077,PURETROP,PURETROP FRUITS LIMITED,Active,X,10.0,INE795D01011,Other Agricultural Products,Equity
530079,FAZE3Q,FAZE THREE LTD.,Active,B,10.0,INE963C01033,Textiles,Equity
530093,ACEEDU,ACE EDUTREND LTD.,Active,Z,10.0,INE715F01014,Education,Equity
530109,ANUPAM,ANUPAM FINSERV LIMITED,Active,X,1.0,INE069B01023,,Equity
530111,RAJPACK,RAJ PACKAGING INDUSTRIES LTD.,Active,X,10.0,INE639C01013,Containers & Packaging,Equity
530117,PRIVISCL,PRIVI SPECIALITY CHEMICALS LIM,Active,A,10.0,INE959A01019,Specialty Chemicals,Equity
530119,NATRAJPR,NATRAJ PROTEINS LTD.,Active,X,10.0,INE444D01016,Edible Oils,Equity
530125,SAMRATPH,SAMRAT PHARMACHEM LTD.,Active,X,10.0,INE103E01016,Pharmaceuticals,Equity
530127,NPRFIN,NPR FINANCE LTD.,Active,X,10.0,INE446D01011,Other Financial Services,Equity
530129,NILE,NILE LTD.,Active,B,10.0,INE445D01013,Iron & Steel Products,Equity
530133,AMCOIND,AMCO INDIA LTD.,Active,X,10.0,INE924B01011,Fibres & Plastics,Equity
530135,OPTIEMUS,OPTIEMUS INFRACOM LTD,Active,B,10.0,INE350C01017,Distributors,Equity
530139,KREONFIN,KREON FINNANCIAL SERVICES LTD.,Active,XT,10.0,INE302C01018,Finance (including NBFCs),Equity
530141,GYANDEV,GYAN DEVELOPERS & BUILDERS LTD,Active,XT,10.0,INE487G01018,Realty,Equity
530145,KISAN,KISAN MOULDINGS LTD.,Active,XT,10.0,INE017C01012,Plastic Products,Equity
530151,VIJAYTX,VIJAY TEXTILES LTD.,Active,Z,10.0,INE256G01033,Comm.Trading  & Distribution,Equity
530163,KERALAYUR,KERALA AYURVEDA LTD.,Active,X,10.0,INE817B01025,Pharmaceuticals,Equity
530167,MONGIPA,MOONGIPA CAPITAL FINANCE LTD.,Active,X,10.0,INE153K01018,Finance (including NBFCs),Equity
530169,MOHITPPR,MOHIT PAPER MILLS LTD.,Active,X,10.0,INE388C01017,Paper & Paper Products,Equity
530171,DAULAT,DAULAT SECURITIES LTD.,Active,X,10.0,INE108C01019,Other Financial Services,Equity
530173,OSCARGLO,OSCAR GLOBAL LTD.,Active,XT,10.0,INE473F01010,Other Apparels & Accessories,Equity
530175,ODYSSEY,ODYSSEY TECHNOLOGIES LTD.,Active,X,10.0,INE213B01019,IT Software Products,Equity
530177,VKGLOBAL,VK Global Industries Limited,Active,XT,10.0,INE758B01013,Comm.Trading  & Distribution,Equity
530179,RSCINT,RSC INTERNATIONAL LTD.,Active,XT,10.0,INE015F01019,Textiles,Equity
530185,SURATRAML,Surat Trade and Mercantile Lim,Active,X,1.0,INE936A01025,Textiles,Equity
530187,ATHARVENT,ATHARV ENTERPRISES LTD.,Active,XT,10.0,INE354E01031,,Equity
530197,FUNDVISER,FUNDVISER CAPITAL (INDIA) LIMI,Active,XT,10.0,INE365H01014,Specialty Chemicals,Equity
530199,THEMISMED,THEMIS MEDICARE LTD.,Active,B,1.0,INE083B01024,,Equity
530201,KALLAM,KALLAM TEXTILES LTD,Active,XT,2.0,INE629F01025,,Equity
530207,BRAWN,BRAWN BIOTECH LTD.,Active,X,10.0,INE899B01015,Pharmaceuticals,Equity
530213,FORINTL,FORTUNE INTERNATIONAL LTD.,Active,X,10.0,INE501D01013,Comm.Trading  & Distribution,Equity
530215,KINGSINFR,KINGS INFRA VENTURES LIMITED,Active,X,10.0,INE050N01010,Realty,Equity
530217,SWOJAS,SWOJAS FOODS LIMITED,Active,X,10.0,INE295B01016,,Equity
530219,NUTRICIRCLE,Nutricircle Limited,Active,X,10.0,INE536C01029,,Equity
530231,SUBSM,SUBHASH SILK MILLS LTD.,Active,X,10.0,INE690D01014,Textiles,Equity
530233,AUROLAB,AURO LABORATORIES LTD.,Active,X,10.0,INE292C01011,Pharmaceuticals,Equity
530235,KJMCFIN,KJMC FINANCIAL SERVICES LTD.,Active,B,10.0,INE533C01018,Finance (including NBFCs),Equity
530239,SUVEN,SUVEN LIFE SCIENCES LTD.,Active,B,1.0,INE495B01038,Pharmaceuticals,Equity
530245,ARYAMAN,ARYAMAN FINANCIAL SERVICES LTD,Active,B,10.0,INE032E01017,Finance (including NBFCs),Equity
530249,BRIDGESE,BRIDGE SECURITIES LTD.,Active,X,1.0,INE958C01025,,Equity
530251,RISAINTL,RISA INTERNATIONAL LTD.,Active,X,2.0,INE001O01029,Comm.Trading  & Distribution,Equity
530253,RAJTUBE,RAJASTHAN TUBE MANUFACTURING C,Active,XT,1.0,INE497E01020,,Equity
530255,KAYPOWR,KAY POWER AND PAPER LTD.,Active,X,10.0,INE961B01013,Paper & Paper Products,Equity
530259,INTSTOIL,INTER STATE OIL CARRIER LTD.,Active,X,10.0,INE003B01014,Surface Transportation,Equity
530263,GLOBALCA,GLOBAL CAPITAL MARKETS LTD.,Active,X,1.0,INE062C01042,,Equity
530265,SAINIK,SAINIK FINANCE & INDUSTRIES LT,Active,X,10.0,INE584B01013,Cement & Cement Products,Equity
530267,ARIGATO,ARIGATO UNIVERSE LIMITED,Active,X,10.0,INE021N01011,Industrial Machinery,Equity
530271,RICHUNV,RICH UNIVERSE NETWORK LTD.,Active,X,10.0,INE652D01014,Finance (including NBFCs),Equity
530281,QUANTDIA,QUANTUM DIGITAL VISION (INDIA),Active,XT,10.0,INE373C01019,Containers & Packaging,Equity
530289,SPCAPIT,SP CAPITAL FINANCING LTD.,Active,X,10.0,INE102F01015,Misc.Commercial Services,Equity
530291,PAOS,PAOS INDUSTRIES LIMITED,Active,X,10.0,INE791C01012,Edible Oils,Equity
530295,SHRAJOI,SHRI RAJIVLOCHAN OIL EXTRACTIO,Active,X,10.0,INE418K01015,,Equity
530299,KOTHARIPRO,KOTHARI PRODUCTS LTD.,Active,B,10.0,INE823A01017,Comm.Trading  & Distribution,Equity
530305,PICCADIL,PICCADILY AGRO INDUSTRIES LTD.,Active,B,10.0,INE546C01010,Sugar,Equity
530307,CLSEL,CHAMAN LAL SETIA EXPORTS LIMIT,Active,B,2.0,INE419D01026,Other Agricultural Products,Equity
530309,CHANDRAP,CHANDRA PRABHU INTERNATIONAL L,Active,X,2.0,INE368D01025,,Equity
530313,KIMIABL,KIMIA BIOSCIENCES LIMITED,Active,X,1.0,INE285U01025,,Equity
530315,HINDTIN,HINDUSTAN TIN WORKS LTD.,Active,X,10.0,INE428D01019,Containers & Packaging,Equity
530317,GODAVARI,GODAVARI DRUGS LTD.,Active,XT,10.0,INE362C01012,Pharmaceuticals,Equity
530331,PREMCO,PREMCO GLOBAL LTD.,Active,B,10.0,INE001E01012,Textiles,Equity
530341,MUKESHB,MUKESH BABU FINANCIAL SERVICES,Active,B,10.0,INE596B01017,Other Financial Services,Equity
530343,GENUSPOWER,GENUS POWER INFRASTRUCTURES LT,Active,A,1.0,INE955D01029,Other Elect.Equip./ Prod.,Equity
530355,ASIANENE,ASIAN ENERGY SERVICES LTD,Active,B,10.0,INE276G01015,Exploration & Production,Equity
530357,KBSINDIA,KBS INDIA LIMITED,Active,X,1.0,INE883D01023,,Equity
530361,PRABHHANS,PRABHHANS INDUSTRIES LIMITED,Active,XT,10.0,INE428P01013,Packaged Foods,Equity
530363,UGARSUGAR,UGAR SUGAR WORKS LTD.,Active,B,1.0,INE071E01023,Sugar,Equity
530365,ORIENTBELL,ORIENT BELL LIMITED,Active,B,10.0,INE607D01018,Furniture-Furnishing-Paints,Equity
530367,NRBBEARING,NRB BEARINGS LTD.,Active,B,2.0,INE349A01021,Industrial Machinery,Equity
530369,VAMSHIRU,VAMSHI RUBBER LTD.,Active,X,10.0,INE380C01014,Auto Tyres & Rubber Products,Equity
530377,NILAINFRA,NILA INFRASTRUCTURES LTD.,Active,B,1.0,INE937C01029,Realty,Equity
530393,DBSTOCKBRO,DB (INTERNATIONAL) STOCK BROKE,Active,T,2.0,INE921B01025,Other Financial Services,Equity
530401,VINYOFL,VINYOFLEX LTD.,Active,X,10.0,INE526H01011,Commodity Chemicals,Equity
530405,JINDCAP,JINDAL CAPITAL LTD.,Active,X,10.0,INE356F01017,Other Financial Services,Equity
530407,EPIC,EPIC ENERGY LTD.,Active,X,10.0,INE932F01015,Finance (including NBFCs),Equity
530419,SUMEDHA,SUMEDHA FISCAL SERVICES LTD.,Active,B,10.0,INE886B01012,Finance (including NBFCs),Equity
530421,KUWERIN,KUWER INDUSTRIES LTD.,Active,X,10.0,INE430F01010,Commodity Chemicals,Equity
530427,CHOKSI,CHOKSI ASIA LIMITED,Active,X,10.0,INE865B01016,Photographic Products,Equity
530429,ASHISHPO,ASHISH POLYPLAST LTD.,Active,X,10.0,INE831C01016,Plastic Products,Equity
530433,SHIVAAGRO,SHIVA GLOBAL AGRO INDUSTRIES L,Active,B,10.0,INE960E01019,Fertilizers,Equity
530439,SIDDHA,SIDDHA VENTURES LTD.,Active,X,10.0,INE140C01012,Finance (including NBFCs),Equity
530443,KIRANSY-B,KIRAN SYNTEX LTD.,Active,X,10.0,INE293D01017,Textiles,Equity
530445,SUMERUIND,SUMERU INDUSTRIES LTD.,Active,X,1.0,INE764B01029,,Equity
530449,RUNGTAIR,RUNGTA IRRIGATION LTD.,Active,X,10.0,INE347C01013,Plastic Products,Equity
530457,GTTDATA,GTT DATA SOLUTIONS LIMITED,Active,X,10.0,INE959B01017,Movies & Entertainment,Equity
530459,VALSONQ,VALSON INDUSTRIES LTD.,Active,X,10.0,INE808A01018,Textiles,Equity
530461,SABOOSOD,SABOO SODIUM CHLORO LTD.,Active,X,10.0,INE440C01016,Other Food Products,Equity
530469,GSLSEC,GSL SECURITIES LTD.,Active,X,10.0,INE721D01017,Finance (including NBFCs),Equity
530475,TINNARUBR,TINNA RUBBER AND INFRASTRUCTUR,Active,B,10.0,INE015C01016,Specialty Chemicals,Equity
530477,VIKRAMTH,VIKRAM THERMO (INDIA) LTD.,Active,XT,10.0,INE337E01010,Pharmaceuticals,Equity
530495,STRATMONT,STRATMONT INDUSTRIES LIMITED,Active,X,10.0,INE473C01025,,Equity
530499,AKCAPIT,A.K.CAPITAL SERVICES LTD.,Active,B,10.0,INE701G01012,Finance (including NBFCs),Equity
530517,RELAXO,RELAXO FOOTWEARS LTD.,Active,A,1.0,INE131B01039,Footwear,Equity
530521,VIRAT,VIRAT INDUSTRIES LTD.,Active,B,10.0,INE467D01017,Other Apparels & Accessories,Equity
530525,RRETAIL,RAJNISH RETAIL LIMITED,Active,XT,1.0,INE786J01033,,Equity
530533,TERAI,TERAI TEA CO.LTD.,Active,B,10.0,INE390D01011,Tea & Coffee,Equity
530537,MANRAJH,MANRAJ HOUSING FINANCE LTD.,Active,X,10.0,INE948I01015,Housing Finance,Equity
530545,COSCO,COSCO (INDIA) LTD.,Active,X,10.0,INE949B01018,Diversified,Equity
530547,KENFIN,KEN FINANCIAL SERVICES LTD.,Active,XT,10.0,INE395E01018,,Equity
530549,SHILPAMED,SHILPA MEDICARE LTD.,Active,A,1.0,INE790G01031,Pharmaceuticals,Equity
530555,PARACABLES,PARAMOUNT COMMUNICATIONS LTD.,Active,B,2.0,INE074B01023,Other Elect.Equip./ Prod.,Equity
530557,NCLRESE,NCL RESEARCH & FINANCIAL SERVI,Active,XT,1.0,INE132F01038,,Equity
530565,KOIYAIN,KOIYA INTERNATIONAL LIMITED,Active,XT,10.0,INE149B01015,IT Software Products,Equity
530571,EXPLICITFIN,EXPLICIT FINANCE LTD.,Active,X,10.0,INE335G01019,Misc.Commercial Services,Equity
530577,LADDERUP,LADDERUP FINANCE LTD.,Active,B,10.0,INE519D01015,Finance (including NBFCs),Equity
530579,UYFINCORP,U. Y. FINCORP LIMITED,Active,T,5.0,INE152C01025,Finance (including NBFCs),Equity
530581,EKAMLEA,EKAM LEASING & FINANCE CO.LTD.,Active,XT,5.0,INE906L01025,,Equity
530585,SWASTIKA,SWASTIKA INVESTMART LIMITED,Active,XT,2.0,INE691C01022,,Equity
530589,PRIMAPLA,PRIMA PLASTICS LTD.,Active,XT,10.0,INE573B01016,Plastic Products,Equity
530595,TELECANOR,TELECANOR GLOBAL LTD.,Active,X,10.0,INE381G01013,,Equity
530601,JAGSONSER,JAGSONPAL SERVICES LIMITED,Active,X,10.0,INE582C01015,Finance (including NBFCs),Equity
530609,CARNATIN,CARNATION INDUSTRIES LTD.,Active,XT,10.0,INE081B01028,,Equity
530611,STURDY,STURDY INDUSTRIES LTD.,Active,Z,2.0,INE134F01026,Plastic Products,Equity
530615,GARGFUR,GARG FURNACE LTD.,Active,X,10.0,INE194E01015,Iron & Steel/Interm.Products,Equity
530617,SAMPRE,SAMPRE NUTRITIONS LTD.,Active,X,5.0,INE375C01022,,Equity
530621,AAIL,Akar Auto Industries Limited,Active,XT,5.0,INE864E01021,,Equity
530627,VIPULORG,Vipul Organics Limited,Active,X,10.0,INE834D01018,Comm.Trading  & Distribution,Equity
530643,ECORECO,ECO RECYCLING LTD.,Active,B,10.0,INE316A01038,Electronic Components,Equity
530655,GOODLUCK,Goodluck India Limited,Active,B,2.0,INE127I01024,Iron & Steel Products,Equity
530663,GOYALASS,GOYAL ASSOCIATES LTD.,Active,X,1.0,INE912B01032,,Equity
530665,ZENITHHE,ZENITH HEALTH CARE LTD.,Active,X,1.0,INE812B01026,Pharmaceuticals,Equity
530669,ACEENGITEC,ACE ENGITECH LIMITED,Active,XT,10.0,INE035401020,,Equity
530675,YORKEXP,YORK EXPORTS LTD.,Active,X,10.0,INE057Q01018,Other Apparels & Accessories,Equity
530677,SUPREME,SUPREME HOLDINGS & HOSPITALITY,Active,B,10.0,INE822E01011,Finance (including NBFCs),Equity
530683,PITHP,PITHAMPUR POLY PRODUCTS LTD.,Active,ZP,10.0,INE747D01012,Containers & Packaging,Equity
530689,LYKISLTD,LYKIS LIMITED,Active,X,10.0,INE624M01014,Tea & Coffee,Equity
530695,PRIMEPRO,PRIME PROPERTY DEVELOPMENT COR,Active,XT,5.0,INE233C01023,Realty,Equity
530697,ZENLABS,Zenlabs Ethica Limited,Active,XT,10.0,INE546F01013,Misc.Commercial Services,Equity
530699,RAJRILTD,RAJ RAYON INDUSTRIES LIMITED,Active,T,1.0,INE533D01032,,Equity
530705,ANIRIT,ANIRIT VENTURES LIMITED,Active,XT,10.0,INE161F01011,Textiles,Equity
530709,GOWRALE,GOWRA LEASING & FINANCE LTD.,Active,XT,10.0,INE225G01012,Finance (including NBFCs),Equity
530711,JAGANLAM,JAGAN LAMPS LTD.,Active,X,10.0,INE144C01014,Auto Parts & Equipment,Equity
530723,ASITCFIN,ASIT C.MEHTA FINANCIAL SERVICE,Active,X,10.0,INE041B01014,Other Financial Services,Equity
530733,ENCODE,ENCODE PACKAGING INDIA LIMITED,Active,X,10.0,INE900O01014,Publishing,Equity
530735,SUPERBAK,SUPER BAKERS (INDIA) LTD.,Active,X,10.0,INE897A01011,Packaged Foods,Equity
530741,OVOBELE,OVOBEL FOODS LTD.,Active,XT,10.0,INE812S01012,,Equity
530745,ACSTECH,ACS TECHNOLOGIES LIMITED,Active,B,10.0,INE366C01021,,Equity
530747,CHALLANI,CHALLANI CAPITAL LIMITED,Active,X,10.0,INE807A01010,Finance (including NBFCs),Equity
530755,CORNE,CORAL NEWSPRINTS LTD.,Active,X,10.0,INE715D01019,,Equity
530757,SHENTRA,SHENTRACON CHEMICALS LTD.,Active,XT,10.0,INE0OUS01011,,Equity
530759,STERTOOLS,STERLING TOOLS LTD.,Active,T,2.0,INE334A01023,,Equity
530765,AGARWAL,AGARWAL FORTUNE INDIA LIMITED,Active,X,10.0,INE510B01018,Finance (including NBFCs),Equity
530771,KLGCAP,KLG CAPITAL SERVICES LTD.,Active,XT,10.0,INE929C01018,Finance (including NBFCs),Equity
530779,DYNAMICP,DYNAMIC PORTFOLIO MANAGEMENT &,Active,X,10.0,INE118C01018,Finance (including NBFCs),Equity
530787,INLANPR,INLAND PRINTERS LTD.,Active,XT,10.0,INE055O01033,,Equity
530789,CEEJAY,CEEJAY FINANCE LTD.,Active,X,10.0,INE358C01010,Plastic Products,Equity
530795,SUNCITYSY,SUNCITY SYNTHETICS LTD.,Active,X,10.0,INE584D01019,Textiles,Equity
530797,SHGANEL,SHREE GANESH ELASTOPLAST LTD.,Active,X,10.0,INE400N01017,Comm.Trading  & Distribution,Equity
530799,ANNAINFRA,ANNA INFRASTRUCTURES LTD.,Active,X,10.0,INE336D01014,Finance (including NBFCs),Equity
530803,BHAGERIA,Bhageria Industries Limited,Active,T,5.0,INE354C01027,,Equity
530805,OIVL,ONESOURCE INDUSTRIES AND VENTU,Active,X,1.0,INE125F01032,,Equity
530809,BNRUDY,BNR UDYOG LTD.,Active,X,10.0,INE355C01016,BPO/KPO,Equity
530813,KRBL,KRBL LTD.,Active,A,1.0,INE001B01026,Packaged Foods,Equity
530821,SSPDL,SSPDL LTD.,Active,X,10.0,INE838C01011,Realty,Equity
530825,DAIKAFFI,DAIKAFFIL CHEMICALS INDIA LTD.,Active,XT,10.0,INE789B01018,Specialty Chemicals,Equity
530829,CILSEC,CIL SECURITIES LIMITED,Active,X,10.0,INE830A01012,Finance (including NBFCs),Equity
530839,CLIOINFO,CLIO INFOTECH LTD.,Active,XT,10.0,INE011B01017,IT Software Products,Equity
530843,CUPID,CUPID LTD.,Active,A,1.0,INE509F01029,,Equity
530845,SUNSHIEL,SUNSHIELD CHEMICALS LTD.,Active,B,10.0,INE199E01014,Commodity Chemicals,Equity
530853,HIPOLIN,HIPOLIN LTD.,Active,XT,10.0,INE963A01011,Household Products,Equity
530855,GDLLEAS,GDL LEASING & FINANCE LTD.,Active,XT,10.0,INE545E01018,Finance (including NBFCs),Equity
530871,CHEMBOND,Chembond Material Technologies,Active,B,5.0,INE995D01025,,Equity
530879,CIFL,CAPITAL INDIA FINANCE LIMITED,Active,B,2.0,INE345H01024,,Equity
530881,ABVL,Arunjyoti Bio Ventures Limited,Active,X,1.0,INE485K01022,,Equity
530883,SUCROSA,SUPER CROP SAFE LTD.,Active,XT,2.0,INE366G01022,,Equity
530889,AUDROC,AUDROC Limited,Active,XT,1.0,INE061B01038,,Equity
530897,NGIND,N.G.INDUSTRIES LTD.,Active,X,10.0,INE825C01018,Healthcare Services,Equity
530899,ASIAPAK,ASIA PACK LTD.,Active,X,10.0,INE784M01016,Textiles,Equity
530907,SICAPIT,SI CAPITAL & FINANCIAL SERVICE,Active,XT,10.0,INE417F01017,,Equity
530909,ERPSOFT,ERP SOFT SYSTEMS LTD.,Active,X,10.0,INE308B01017,Misc.Commercial Services,Equity
530917,RRSECUR,R.R.SECURITIES LTD.,Active,P,10.0,INE474H01014,Misc.Commercial Services,Equity
530919,REMSONSIND,REMSONS INDUSTRIES LTD.,Active,B,2.0,INE474C01023,,Equity
530921,INTETHR,INTEGRATED THERMOPLASTICS LTD.,Active,P,10.0,INE038N01015,Plastic Products,Equity
530925,RAMSONS,RAMSONS PROJECTS LTD.,Active,X,10.0,INE609D01014,Finance (including NBFCs),Equity
530927,HARAFIN,HARYANA FINANCIAL CORPORATION,Active,ZP,10.0,INE737G01016,,Equity
530929,RRPDEFENSE,RRP DEFENSE LIMITED,Active,X,10.0,INE535P01015,,Equity
530931,STANPACK,STANPACKS (INDIA) LTD.,Active,X,10.0,INE457D01018,Containers & Packaging,Equity
530943,AQYLON,Aqylon Nexus Limited,Active,B,1.0,INE416A01051,,Equity
530951,RAMINFO,RAMINFO LIMITED,Active,X,10.0,INE357B01022,IT Software Products,Equity
530953,SUNILAGR,SUNIL AGRO FOODS LTD.,Active,X,10.0,INE224D01012,Packaged Foods,Equity
530959,DIANATEA,DIANA TEA CO.LTD.,Active,X,5.0,INE012E01035,Tea & Coffee,Equity
530961,VIKASECO,Vikas EcoTech Limited,Active,B,1.0,INE806A01020,Specialty Chemicals,Equity
530965,IOC,INDIAN OIL CORPORATION LTD.,Active,A,10.0,INE242A01010,Oil Marketing & Distribution,Equity
530973,ALFAICA,ALFA ICA (INDIA) LTD.,Active,X,10.0,INE042C01010,Plastic Products,Equity
530977,SKCIL,Shri Keshav Cements and Infra,Active,X,10.0,INE260E01014,Cement & Cement Products,Equity
530979,INDIAHOME,INDIA HOME LOAN LTD.,Active,X,10.0,INE274E01015,Housing Finance,Equity
530985,JPTSEC,JPT SECURITIES LTD.,Active,XT,10.0,INE630C01012,Finance (including NBFCs),Equity
530991,ROOPAIND,ROOPA INDUSTRIES LTD.,Active,X,10.0,INE443C01010,Pharmaceuticals,Equity
530993,SARTHAKGL,SARTHAK GLOBAL LTD.,Active,XT,10.0,INE075H01019,Comm.Trading  & Distribution,Equity
530997,UNIQUEO,UNIQUE ORGANICS LTD.,Active,X,10.0,INE333E01019,Other Agricultural Products,Equity
530999,BALAMINES,BALAJI AMINES LTD.,Active,B,2.0,INE050E01027,Commodity Chemicals,Equity
531003,SWRNASE,SWARNA SECURITIES LTD.,Active,X,10.0,INE595G01018,Finance (including NBFCs),Equity
531015,VENMAX,VENMAX DRUGS AND PHARMACEUTICA,Active,X,10.0,INE154G01022,Pharmaceuticals,Equity
531017,ARISE,ARIHANTS SECURITIES LTD.,Active,X,10.0,INE190D01015,Misc.Commercial Services,Equity
531025,VISAGAR,VISAGAR FINANCIAL SERVICES LTD,Active,X,1.0,INE309H01038,,Equity
531027,LIBORD,LIBORD SECURITIES LTD.,Active,X,10.0,INE267E01019,Other Financial Services,Equity
531029,BHATEXT,BHARAT TEXTILES & PROOFING IND,Active,P,10.0,INE201N01019,Comm.Trading  & Distribution,Equity
531033,REGAL,REGAL ENTERTAINMENT & CONSULTA,Active,X,10.0,INE101E01010,Finance (including NBFCs),Equity
531035,EBIX,EBIX LIMITED,Active,B,1.0,INE432F01032,,Equity
531039,SWADHATURE,Swadha Nature Limited,Active,X,10.0,INE0P4R01017,,Equity
531041,COMPEAU,COMPETENT AUTOMOBILES CO.LTD.,Active,B,10.0,INE823B01015,Comm.Trading  & Distribution,Equity
531043,ZDHJERK,DHANVANTRI JEEVAN REKHA LTD.,Active,X,10.0,INE239F01015,Healthcare Services,Equity
531049,NEELKAN,NEELKANTH ROCKMINERALS LTD.,Active,Z,10.0,INE741D01015,Construction Materials,Equity
531051,VINTAGES,VINTAGE SECURITIES LTD.,Active,X,10.0,INE153C01015,Finance (including NBFCs),Equity
531065,OSWALOR,OSWAL OVERSEAS LTD.,Active,XT,5.0,INE906K01027,,Equity
531067,CONTILI,CONTIL INDIA LTD.,Active,X,2.0,INE080G01029,,Equity
531069,VIJSOLX,VIJAY SOLVEX LTD.,Active,B,10.0,INE362D01010,Edible Oils,Equity
531080,SHRIKRISH,SHRI KRISHNA DEVCON LTD.,Active,B,10.0,INE997I01012,Realty,Equity
531082,ALANKIT,ALANKIT,Active,B,1.0,INE914E01040,,Equity
531083,NIHARINF,NIHAR INFO GLOBAL LTD.,Active,X,10.0,INE876E01033,IT Software Products,Equity
531091,UNITDCR,UNITED CREDIT LTD.,Active,X,10.0,INE858C01027,Finance (including NBFCs),Equity
531092,OMINFRAL,OM INFRA LIMITED,Active,B,1.0,INE239D01028,Construction & Engineering,Equity
531099,CENTUPLE,CENTUPLE GLOBAL LIMITED,Active,XT,10.0,INE396H01019,,Equity
531109,ISHANCH,Ishan Dyes and Chemicals Limit,Active,B,10.0,INE561M01018,Specialty Chemicals,Equity
531111,GOTHIPL,GOTHI PLASCON (INDIA) LTD.,Active,P,10.0,INE538G01018,Houseware,Equity
531112,BALUFORGE,BALU FORGE INDUSTRIES LIMITED,Active,A,10.0,INE011E01029,Industrial Machinery,Equity
531119,CEENIK,CEENIK EXPORTS (INDIA) LTD.,Active,XT,10.0,INE418D01010,Other Apparels & Accessories,Equity
531120,PATELENG,PATEL ENGINEERING LTD.,Active,A,1.0,INE244B01030,Construction & Engineering,Equity
531126,KATIPATANG,KATI PATANG LIFESTYLE LIMITED,Active,X,10.0,INE237C01016,IT Software Products,Equity
531127,MENAMANI,MENA MANI INDUSTRIES LIMITED,Active,XT,1.0,INE148B01033,,Equity
531129,INANI,INANI MARBLES & INDUSTRIES LTD,Active,X,2.0,INE635D01027,,Equity
531137,GEMSI,GEMSTONE INVESTMENTS LTD.,Active,X,1.0,INE503D01027,Misc.Commercial Services,Equity
531144,ELFORGE,EL FORGE LTD.,Active,X,10.0,INE158F01017,,Equity
531146,MEDICAMEQ,MEDICAMEN BIOTECH LTD.,Active,B,10.0,INE646B01010,Pharmaceuticals,Equity
531147,ALICON,ALICON CASTALLOY LIMITED,Active,B,5.0,INE062D01024,Aluminium,Equity
531153,DILIGENT,DILIGENT INDUSTRIES LTD.,Active,X,1.0,INE650C01036,,Equity
531155,EPSOMPRO,EPSOM PROPERTIES LTD.,Active,XT,10.0,INE601F01016,Pharmaceuticals,Equity
531156,ALFAVIO,ALFAVISION OVERSEAS (INDIA) LT,Active,XT,1.0,INE883B01027,,Equity
531157,ORGCOAT,ORGANIC COATINGS LTD.,Active,X,10.0,INE412E01011,Specialty Chemicals,Equity
531158,CATVISION,CATVISION  LIMITED,Active,X,10.0,INE660B01011,Comm.Trading  & Distribution,Equity
531161,ABMKNO,ABM KNOWLEDGEWARE LTD.,Active,B,5.0,INE850B01026,,Equity
531162,EMAMILTD,EMAMI LTD.,Active,A,1.0,INE548C01032,Personal Products,Equity
531163,KEMISTAR,KEMISTAR CORPORATION LIMITED,Active,X,10.0,INE971L01029,,Equity
531164,LADIAMO,LASER DIAMONDS LTD.,Active,P,10.0,INE995E01015,Other Apparels & Accessories,Equity
531168,ASSOCER,ASSOCIATED CERAMICS LTD.,Active,X,10.0,INE771E01010,,Equity
531169,SKPSEC,SKP SECURITIES LTD.,Active,X,10.0,INE709B01016,Finance (including NBFCs),Equity
531173,SYSCHEM,SYSCHEM (INDIA) LTD.,Active,X,10.0,INE121D01036,Commodity Chemicals,Equity
531176,MEFCOMCAP,MEFCOM CAPITAL MARKETS LTD.,Active,X,2.0,INE186C01023,,Equity
531178,HEMANG,HEMANG RESOURCES LIMITED,Active,X,10.0,INE930A01010,Comm.Trading  & Distribution,Equity
531179,ARMANFIN,ARMAN FINANCIAL SERVICES LTD.,Active,B,10.0,INE109C01017,Finance (including NBFCs),Equity
531190,EFORU,EFORU ENTERTAINMENT LIMITED,Active,XT,10.0,INE355H01015,Textiles,Equity
531191,FILTRON,FILTRON ENGINEERS LTD.,Active,XT,10.0,INE589N01017,Comm.Trading  & Distribution,Equity
531199,GLANCE,GLANCE FINANCE LTD.,Active,X,10.0,INE580D01017,Finance (including NBFCs),Equity
531201,SHILCTECH,SHILCHAR TECHNOLOGIES LTD.,Active,B,10.0,INE024F01011,Other Elect.Equip./ Prod.,Equity
531203,TRADEWELL,TRADEWELL HOLDINGS LIMITED,Active,X,10.0,INE819G01012,Consulting Services,Equity
531205,SPRIGHT,SPRIGHT AGRO LIMITED,Active,X,1.0,INE179O01031,,Equity
531207,CRESANTO,Cresanto Global Limited,Active,XT,10.0,INE741C01017,Pharmaceuticals,Equity
531209,NUCLEUS,NUCLEUS SOFTWARE EXPORTS LTD.,Active,B,10.0,INE096B01018,IT Software Products,Equity
531210,COLINZ,COLINZ LABORATORIES LTD.,Active,XT,10.0,INE923C01011,Pharmaceuticals,Equity
531212,NLFL,NALIN LEASE FINANCE LTD.,Active,X,10.0,INE606C01012,Finance (including NBFCs),Equity
531213,MANAPPURAM,Manappuram Finance Ltd,Active,A,2.0,INE522D01027,Finance (including NBFCs),Equity
531215,RTSPOWR,RTS POWER CORPORATION LTD.,Active,B,10.0,INE005C01017,Other Elect.Equip./ Prod.,Equity
531216,COMFINTE,COMFORT INTECH LTD.,Active,B,1.0,INE819A01049,,Equity
531219,SHYAMACOMP,Shyama Computronics and Servic,Active,P,10.0,INE861E01019,Pharmaceuticals,Equity
531221,MAYURFL,MAYUR FLOORINGS LTD.,Active,XT,10.0,INE262W01012,,Equity
531223,ANJANI,ANJANI SYNTHETICS LTD.,Active,X,10.0,INE364D01032,Textiles,Equity
531225,XTGLOBAL,XTGLOBAL INFOTECH LIMITED,Active,B,1.0,INE547B01028,,Equity
531227,DECOMIC,DECO-MICA LTD.,Active,X,10.0,INE907E01010,Commodity Chemicals,Equity
531228,RANDER,RANDER CORPORATION LTD.,Active,XT,10.0,INE821D01031,,Equity
531233,RASIELEC,RASI ELECTRODES LTD.,Active,X,2.0,INE822D01021,Other Industrial Goods,Equity
531234,SCOOBEEDAY,SCOOBEE DAY GARMENTS (INDIA) L,Active,X,10.0,INE962E01015,,Equity
531235,CITIPOR,CITIPORT FINANCIAL SERVICES LT,Active,X,10.0,INE494D01011,Finance (including NBFCs),Equity
531237,DHRUVCA,DHRUVA CAPITAL SERVICES LTD.,Active,X,10.0,INE972E01014,Finance (including NBFCs),Equity
531240,SHAMROIN,SHAMROCK INDUSTRIAL CO.LTD.,Active,XT,10.0,INE022F01015,,Equity
531241,LINC,LINC LIMITED,Active,B,5.0,INE802B01027,,Equity
531246,PRIMAIN,PRIMA INDUSTRIES LTD.,Active,X,10.0,INE723N01012,Edible Oils,Equity
531253,INDGELA,INDIA GELATINE & CHEMICALS LTD,Active,X,10.0,INE342D01012,Specialty Chemicals,Equity
531254,OPTIFIN,Optimus Finance Limited,Active,B,1.0,INE031G01022,,Equity
531255,PARAGONF,PARAGON FINANCE LTD.,Active,X,10.0,INE015E01012,Finance (including NBFCs),Equity
531257,VELLORA,VELLORA IMPACT LIMITED,Active,X,10.0,INE530D01012,Specialty Chemicals,Equity
531259,ESHAMEDIA,ESHA MEDIA RESEARCH LIMITED,Active,XT,10.0,INE328F01016,Advertising & Media,Equity
531260,REFEXRENEW,Refex Renewables & Infrastruct,Active,X,10.0,INE332F01018,Packaged Foods,Equity
531262,EQUILATERA,EQUILATERAL ENTERPRISES LIMITE,Active,X,10.0,INE060N01019,,Equity
531265,PROGREXV,PROGREX VENTURES LIMITED,Active,XT,10.0,INE421E01012,Other Food Products,Equity
531266,VSTTILLERS,V.S.T.TILLERS TRACTORS LTD.,Active,B,10.0,INE764D01017,Commercial Vehicles,Equity
531268,B2BSOFT,B2B SOFTWARE TECHNOLOGIES LTD.,Active,X,10.0,INE151B01011,IT Software Products,Equity
531272,NIKKIGL,NIKKI GLOBAL FINANCE LTD.,Active,X,10.0,INE526C01012,Finance (including NBFCs),Equity
531273,RADHEDE,RADHE DEVELOPERS (INDIA) LTD.,Active,X,1.0,INE986B01044,,Equity
531274,KINETRU,KINETIC TRUST LTD.,Active,XT,10.0,INE674M01019,Finance (including NBFCs),Equity
531278,ELIXIR,Elixir Capital Limited,Active,X,10.0,INE785D01012,Other Financial Services,Equity
531279,TRISHAKT,Trishakti Industries Limited,Active,XT,2.0,INE238C01022,,Equity
531280,PANKAJPO,PANKAJ POLYMERS LTD.,Active,X,10.0,INE698B01011,Containers & Packaging,Equity
531281,MARBLE,MARBLE CITY INDIA LIMITED,Active,X,5.0,INE807H01023,,Equity
531283,CINDRELL,CINDRELLA FINANCIAL SERVICES L,Active,X,10.0,INE897D01015,Finance (including NBFCs),Equity
531286,ADHHATA,ADHATA GLOBAL LIMITED,Active,X,10.0,INE586D01014,,Equity
531287,NATPLASTI,NATIONAL PLASTIC TECHNOLOGIES,Active,X,10.0,INE896D01017,Plastic Products,Equity
531288,LEADFIN,LEAD FINANCIAL SERVICES LTD.,Active,X,10.0,INE531D01010,Finance (including NBFCs),Equity
531289,NATFIT,NATIONAL FITTINGS LIMITED,Active,X,10.0,INE643C01015,Iron & Steel Products,Equity
531297,ARTEFACT,ARTEFACT PROJECTS LTD.,Active,X,10.0,INE885B01014,Consulting Services,Equity
531300,AMITINT,AMIT INTERNATIONAL LTD.,Active,Z,10.0,INE053D01015,Textiles,Equity
531301,TUSALDAH,TUSALDAH LIMITED,Active,X,10.0,INE319M01011,Textiles,Equity
531304,NUTECGLOB,NUTECH GLOBAL LTD.,Active,X,10.0,INE960H01012,Textiles,Equity
531306,DHPIND,DHP INDIA LTD.,Active,X,10.0,INE590D01016,Industrial Machinery,Equity
531307,RRIL,RRIL LIMITED,Active,B,5.0,INE951M01037,Textiles,Equity
531310,AVAILFC,AVAILABLE FINANCE LTD.,Active,B,10.0,INE325G01010,Other Financial Services,Equity
531314,INTCAPL,INTEGRA CAPITAL LIMITED,Active,X,10.0,INE366H01012,Finance (including NBFCs),Equity
531319,MGIL,MARUTI GLOBAL INDUSTRIES LIMIT,Active,X,10.0,INE368C01019,Finance (including NBFCs),Equity
531322,HAVISHA,SRI HAVISHA HOSPITALITY INFRAS,Active,B,2.0,INE293B01029,,Equity
531323,JAYIND,JAYATMA INDUSTRIES LIMITED,Active,X,10.0,INE250D01017,Textiles,Equity
531324,ROSELABS,ROSELABS FINANCE LTD.,Active,X,10.0,INE475C01012,Other Financial Services,Equity
531328,KRETTOSYS,KRETTO SYSCON LIMITED,Active,X,1.0,INE128R01023,,Equity
531334,VIKALPS,VIKALP SECURITIES LTD.,Active,X,10.0,INE186E01011,,Equity
531335,ZYDUSWELL,ZYDUS WELLNESS LTD.,Active,A,2.0,INE768C01028,,Equity
531338,MILESTONE,MILESTONE GLOBAL LTD.,Active,X,10.0,INE151H01018,Construction Materials,Equity
531340,BERVINL,BERVIN INVESTMENT & LEASING LT,Active,X,10.0,INE348I01018,Other Financial Services,Equity
531341,GUJINV,GUJARAT INVESTA LTD.,Active,X,10.0,INE373D01017,Finance (including NBFCs),Equity
531344,CONCOR,CONTAINER CORPORATION OF INDIA,Active,A,5.0,INE111A01025,,Equity
531346,EASTRED,EASTERN TREADS LTD.,Active,X,10.0,INE500D01015,Auto Tyres & Rubber Products,Equity
531349,PANACEABIO,PANACEA BIOTEC LTD.,Active,B,1.0,INE922B01023,Biotechnology,Equity
531352,PEETISEC,PEETI SECURITIES LTD.,Active,X,10.0,INE328D01011,Textiles,Equity
531357,MERCURYEV,MERCURY EV-TECH LIMITED,Active,B,1.0,INE763M01028,,Equity
531358,CHOICEIN,CHOICE INTERNATIONAL LTD.,Active,A,10.0,INE102B01014,Finance (including NBFCs),Equity
531359,SRAMSET,SHRIRAM ASSET MANAGEMENT CO.LT,Active,X,10.0,INE777G01012,Other Financial Services,Equity
531360,GOLECHA,GOLECHHA GLOBAL FINANCE LTD.,Active,XT,10.0,INE427D01011,Misc.Commercial Services,Equity
531364,EKANSH,Ekansh Concepts Limited,Active,X,10.0,INE005E01013,Construction & Engineering,Equity
531370,SPAR,SPARC ELECTREX LIMITED,Active,X,10.0,INE960B01015,IT Consulting & Software,Equity
531373,BYKE,THE BYKE HOSPITALITY LTD.,Active,T,10.0,INE319B01014,Hotels,Equity
531380,CSURGSU,CENTENIAL SURGICAL SUTURE LTD.,Active,X,10.0,INE405H01018,Medical Equipment,Equity
531381,ARIHANT,ARIHANT FOUNDATIONS & HOUSING,Active,B,10.0,INE413D01011,Realty,Equity
531387,HASTIFIN,HASTI FINANCE LTD.,Active,X,10.0,INE671D01014,Finance (including NBFCs),Equity
531390,UPSURGE,UPSURGE INVESTMENT & FINANCE L,Active,X,10.0,INE890B01014,Finance (including NBFCs),Equity
531395,PADAMCO,PADAM COTTON YARNS LTD.,Active,XT,1.0,INE448D01025,,Equity
531396,WOMENNET,WOMEN NETWORKS LTD.,Active,X,10.0,INE905B01010,IT Software Products,Equity
531397,POLYCON,POLYCON INTERNATIONAL LTD.,Active,X,10.0,INE262C01014,Containers & Packaging,Equity
531398,SOURCENTRL,SOURCE NATURAL FOODS & HERBAL,Active,X,10.0,INE679C01027,Pharmaceuticals,Equity
531399,GGAUTO,G.G.AUTOMOTIVE GEARS LTD.,Active,X,10.0,INE493B01017,,Equity
531400,ALMONDZ,ALMONDZ GLOBAL SECURITIES LTD.,Active,B,1.0,INE326B01035,,Equity
531402,LWSKNIT,LWS KNITWEAR LTD.,Active,X,10.0,INE281M01013,Comm.Trading  & Distribution,Equity
531406,ANSINDUS,ANS INDUSTRIES LTD,Active,X,10.0,INE234J01018,Non-alcoholic Beverages,Equity
531409,ALCHCORP,ALCHEMIST CORPORATION LTD.,Active,XT,10.0,INE057D01016,Commodity Chemicals,Equity
531411,TUNITEX,TUNI TEXTILE MILLS LTD.,Active,X,1.0,INE560D01027,Textiles,Equity
531412,RADIXIND,RADIX INDUSTRIES (INDIA) LIMIT,Active,X,10.0,INE576N01014,Personal Products,Equity
531413,KIRANPR,KIRAN PRINT-PACK LTD.,Active,XT,10.0,INE516D01011,Comm.Printing/Stationery,Equity
531416,NARPROP,NARENDRA PROPERTIES LTD.,Active,X,10.0,INE603F01012,Realty,Equity
531417,MEGACOR,MEGA CORPORATION LTD.,Active,X,1.0,INE804B01023,IT Consulting & Software,Equity
531420,BMBMUMG,BMB MUSIC & MAGNETICS LTD.,Active,XT,10.0,INE644K01016,Movies & Entertainment,Equity
531426,TNPL,TAMIL NADU NEWSPRINT & PAPERS,Active,B,10.0,INE107A01015,Paper & Paper Products,Equity
531431,SHAKTIPUMP,SHAKTI PUMPS (INDIA) LTD.,Active,A,10.0,INE908D01010,Industrial Machinery,Equity
531432,SYTIXSE,SYSTEMATIX SECURITIES LTD.,Active,XT,10.0,INE07P301011,,Equity
531433,SUNGOLD,SUNGOLD CAPITAL LTD.,Active,X,10.0,INE271D01013,Finance (including NBFCs),Equity
531436,SAFFRON,SAFFRON INDUSTRIES LIMITED,Active,X,10.0,INE474D01013,Paper & Paper Products,Equity
531437,PWASML,Prakash Woollen & Synthetic Mi,Active,X,10.0,INE523I01016,Textiles,Equity
531439,GOLDTECH,AION TECH SOLUTIONS LIMITED,Active,T,10.0,INE805A01014,IT Consulting & Software,Equity
531441,LYONSCO,LYONS CORPORATE MARKET LTD.,Active,X,10.0,INE100F01019,,Equity
531444,VARDHMAN,VARDHMAN CONCRETE LIMITED,Active,Z,10.0,INE115C01014,Cement & Cement Products,Equity
531449,GRMOVER,GRM OVERSEAS LTD.,Active,B,2.0,INE192H01020,,Equity
531453,MOHITIND,MOHIT INDUSTRIES LTD.,Active,B,10.0,INE954E01012,Textiles,Equity
531454,POLYLINK,POLYLINK POLYMERS (INDIA) LTD.,Active,X,5.0,INE323D01020,Fibres & Plastics,Equity
531456,MINAXI,MINAXI TEXTILES LTD.,Active,X,1.0,INE952C01028,Textiles,Equity
531458,BOSTON,BOSTON COMMERCE LIMITED,Active,X,10.0,INE109B01019,,Equity
531460,CONTICON,CONTINENTAL CONTROLS LTD.,Active,XT,10.0,INE545B01022,Other Elect.Equip./ Prod.,Equity
531463,GBLINFRA,GLOBAL INFRATECH & FINANCE LIM,Active,XT,10.0,INE377M01043,,Equity
531465,NOUVEAU,NOUVEAU GLOBAL VENTURES LTD.,Active,X,1.0,INE317B01042,,Equity
531471,DUKEOFS,DUKE OFFSHORE LTD.,Active,XT,10.0,INE397G01019,Oil Equipment & Services,Equity
531472,CYBELEIND,CYBELE INDUSTRIES LTD.,Active,X,10.0,INE183D01010,Other Elect.Equip./ Prod.,Equity
531486,FILME,FILMCITY MEDIA LTD.,Active,X,1.0,INE600B01033,Movies & Entertainment,Equity
531489,CGVAK,CG-VAK SOFTWARE & EXPORTS LTD.,Active,B,10.0,INE084D01010,IT Software Products,Equity
531494,NAVKARURB,NAVKAR URBANSTRUCTURE LIMITED,Active,T,1.0,INE268H01044,,Equity
531495,BLUECOAST,BLUE COAST HOTELS LTD.,Active,T,10.0,INE472B01011,Hotels,Equity
531496,OMKAR,OMKAR OVERSEAS LTD.,Active,XT,10.0,INE680D01015,Textiles,Equity
531497,MADHUCON,MADHUCON PROJECTS LTD.,Active,T,1.0,INE378D01032,Construction & Engineering,Equity
531499,SYBLY,SYBLY INDUSTRIES LTD.,Active,Z,10.0,INE080D01042,,Equity
531500,RAJESHEXPO,RAJESH EXPORTS LTD.,Active,Z,1.0,INE343B01030,Other Apparels & Accessories,Equity
531502,ESARIND,ESAAR (INDIA) LTD.,Active,X,10.0,INE404L01039,,Equity
531503,MARIS,MARIS SPINNERS LTD.,Active,X,10.0,INE866D01010,,Equity
531505,INDERGR,INDERGIRI FINANCE LTD.,Active,XT,10.0,INE628F01019,Finance (including NBFCs),Equity
531506,SKRABUL,SHUKRA BULLIONS LTD.,Active,X,10.0,INE561E01015,Misc.Commercial Services,Equity
531508,EVEREADY,EVEREADY INDUSTRIES INDIA LTD.,Active,B,5.0,INE128A01029,Non-Durable Household Prod.,Equity
531509,STEP2COR,STEP TWO CORPORATION LTD.,Active,X,10.0,INE623D01015,Other Financial Services,Equity
531512,ORIENTTR,ORIENT TRADELINK LTD.,Active,X,10.0,INE681D01039,,Equity
531515,MAHANIN,MAHAN INDUSTRIES LTD.,Active,XT,10.0,INE735D01041,,Equity
531518,VIKASPROP,VIKAS PROPPANT & GRANITE LTD.,Active,Z,1.0,INE767B01022,,Equity
531521,DESHRAK,DESH RAKSHAK AUSHDHALAYA LTD.,Active,P,10.0,INE971E01016,Pharmaceuticals,Equity
531525,ACESOFT,ACE SOFTWARE EXPORTS LTD.,Active,XT,10.0,INE849B01010,IT Software Products,Equity
531529,SOFTRAKV,SOFTRAK VENTURE INVESTMENT LTD,Active,XT,1.0,INE562E01021,,Equity
531531,HATSUN,HATSUN AGRO PRODUCT LTD.,Active,A,1.0,INE473B01035,Packaged Foods,Equity
531533,ACCEDERE,ACCEDERE LIMITED,Active,XT,10.0,INE578B01015,IT Consulting & Software,Equity
531537,MIZVEN,MIZZEN VENTURES LIMITED,Active,X,10.0,INE681K01026,,Equity
531539,RISHDIGA,RISHABH DIGHA STEEL & ALLIED P,Active,X,10.0,INE864D01015,Iron & Steel/Interm.Products,Equity
531540,MAINFRA,MARUTI INFRASTRUCTURE LTD.,Active,X,2.0,INE392G01028,,Equity
531541,KOBO,KOBO BIOTECH LIMITED,Active,Z,10.0,INE881A01015,Commodity Chemicals,Equity
531543,JINDWORLD,JINDAL WORLDWIDE LTD.,Active,B,1.0,INE247D01039,,Equity
531548,SOMANYCERA,SOMANY CERAMICS LTD.,Active,B,2.0,INE355A01028,Furniture-Furnishing-Paints,Equity
531550,JHACC,JHAVERI CREDITS & CAPITAL LTD.,Active,X,10.0,INE865D01012,Finance (including NBFCs),Equity
531552,RAGHUTOB,RAGHUNATH TOBACCO CO.LTD.,Active,X,10.0,INE754B01012,Comm.Trading  & Distribution,Equity
531553,DRL,DISHA RESOURCES LIMITED,Active,X,10.0,INE193D01019,Misc.Commercial Services,Equity
531556,CORALFINAC,CORAL INDIA FINANCE & HOUSING,Active,B,2.0,INE558D01021,,Equity
531557,AMITSEC,AMIT SECURITIES LTD.,Active,X,10.0,INE137E01014,Finance (including NBFCs),Equity
531562,PUSHPIN,PUSHPSONS INDUSTRIES LTD.,Active,Y,10.0,NA,Misc.Commercial Services,Equity
531569,SANJIVIN,SANJIVANI PARANTERAL LTD.,Active,X,10.0,INE860D01013,Pharmaceuticals,Equity
531572,RANJITSE,RANJIT SECURITIES LTD.,Active,XT,10.0,INE863D01017,,Equity
531574,VASINFRA,VAS INFRASTRUCTURE LTD.,Active,XT,10.0,INE192C01013,Realty,Equity
531578,KMFBLDR,KMF BUILDERS & DEVELOPERS LTD.,Active,X,5.0,INE580H01026,Realty,Equity
531582,BERYLSE,BERYL SECURITIES LTD.,Active,X,10.0,INE508J01015,Finance (including NBFCs),Equity
531583,RAP,RAP CORP LIMITED,Active,X,10.0,INE483D01014,Finance (including NBFCs),Equity
531585,DEVINE,DEVINE IMPEX LTD.,Active,X,10.0,INE455C01014,Comm.Trading  & Distribution,Equity
531591,BAMPSL,BAMPSL SECURITIES LTD.,Active,X,10.0,INE802A01037,,Equity
531592,GENPHARMA,GENPHARMASEC LIMITED,Active,X,1.0,INE861N01036,,Equity
531594,INCON,INCON ENGINEERS LTD.,Active,XT,10.0,INE507D01010,Industrial Machinery,Equity
531595,CGCL,CAPRI GLOBAL CAPITAL LIMITED,Active,A,1.0,INE180C01042,,Equity
531597,MIDPOLY,MIDLAND POLYMERS LTD.,Active,XT,10.0,INE046M01036,,Equity
531599,FDC,FDC LTD.,Active,B,1.0,INE258B01022,Pharmaceuticals,Equity
531600,GOGIACAPGL,GOGIA CAPITAL GROWTH LIMITED,Active,X,10.0,INE832C01014,Other Financial Services,Equity
531608,GORANIN,GORANI INDUSTRIES LTD.,Active,X,10.0,INE792J01015,Houseware,Equity
531609,KGPETRO,KG PETROCHEM LTD.,Active,X,10.0,INE902G01016,Containers & Packaging,Equity
531610,UFMINDL,UFM INDUSTRIES LTD.,Active,XT,10.0,INE832E01010,,Equity
531613,MAL,Meyer Apparel Limited,Active,XT,3.0,INE100C01024,Other Apparels & Accessories,Equity
531616,STARCOM,STARCOM INFORMATION TECHNOLOGY,Active,XT,10.0,INE347I01010,IT Consulting & Software,Equity
531624,COUNCODOS,COUNTRY CONDOS LTD.,Active,T,1.0,INE695B01025,Realty,Equity
531626,OROSMITHS,OROSIL SMITHS INDIA LTD.,Active,XT,1.0,INE628B01034,,Equity
531628,TEJASSVI,TEJASSVI AAHARAM LIMITED,Active,XT,10.0,INE173E01019,Textiles,Equity
531633,LINCOLN,LINCOLN PHARMACEUTICALS LTD.,Active,B,10.0,INE405C01035,Pharmaceuticals,Equity
531635,SILVOAK,SILVER OAK (INDIA) LTD.,Active,X,10.0,INE870J01019,Breweries & Distilleries,Equity
531637,PRAVEG,PRAVEG LIMITED,Active,B,10.0,INE722B01019,,Equity
531638,SURAJLTD,SURAJ LTD.,Active,B,10.0,INE713C01016,Iron & Steel Products,Equity
531640,SICL,SUVIDHA INFRAESTATE CORPORATIO,Active,P,10.0,INE936N01010,,Equity
531642,MARICO,MARICO LTD.,Active,A,1.0,INE196A01026,Personal Products,Equity
531644,TOKYOFIN,TOKYO FINANCE LTD.,Active,X,10.0,INE546D01018,Finance (including NBFCs),Equity
531647,PRABHATAM,PRABHATAM INFRA VENTURE LIMITE,Active,XT,1.0,INE265C01025,,Equity
531651,NATGENI,NATIONAL GENERAL INDUSTRIES LT,Active,X,10.0,INE654H01011,Iron & Steel/Interm.Products,Equity
531652,UVS,UVS HOSPITALITY AND SERVICES L,Active,X,10.0,INE528C01018,Finance (including NBFCs),Equity
531658,ABATEAS,ABATE AS INDUSTRIES LIMITED,Active,X,10.0,INE454E01013,Finance (including NBFCs),Equity
531661,HITTCO,HITTCO TOOLS LTD.,Active,XT,10.0,INE863C01019,Industrial Machinery,Equity
531663,YUVRAAJHPL,YUVRAAJ HYGIENE PRODUCTS LTD.,Active,X,1.0,INE139D01020,Household Products,Equity
531667,RRMETAL,RR METALMAKERS INDIA LIMITED,Active,XT,10.0,INE117K01013,Comm.Trading  & Distribution,Equity
531668,VISIONCO,VISION CORPORATION LTD.,Active,XT,10.0,INE661D01015,,Equity
531671,KARNAWATI,Karnawati Innovation Limited,Active,X,1.0,INE214D01021,Containers & Packaging,Equity
531672,INANISEC,INANI SECURITIES LTD.,Active,XT,10.0,INE224C01014,Other Financial Services,Equity
531673,ANKIN,ANKA INDIA LTD.,Active,X,10.0,INE067C01025,Footwear,Equity
531676,EMROCK,EMROCK CORPORATION LIMITED,Active,XT,10.0,INE554H01021,Packaged Foods,Equity
531677,ARISINT,ARIS INTERNATIONAL LTD.,Active,XT,10.0,INE588E01026,IT Consulting & Software,Equity
531680,MAYUR,MAYUR LEATHER PRODUCTS LTD.,Active,X,10.0,INE799E01011,Other Apparels & Accessories,Equity
531681,AMERISE,AMERISE BIOSCIENCES LIMITED,Active,XT,1.0,INE673C01020,Plastic Products,Equity
531685,FRONTFN,FRONTLINE FINANCIAL SERVICES L,Active,XT,10.0,INE776R01011,,Equity
531686,ADVIKLA,ADVIK LABORATORIES LTD.,Active,XT,10.0,INE537C01019,Pharmaceuticals,Equity
531688,PRITHVIEXCH,Prithvi Exchange (India) Limit,Active,X,10.0,INE621B01021,IT Software Products,Equity
531692,KHYATI,KHYATI MULTIMEDIA-ENTERTAINMEN,Active,XT,10.0,INE593B01030,,Equity
531694,RAINBOWF,RAINBOW FOUNDATIONS LTD.,Active,X,10.0,INE230F01014,Realty,Equity
531696,VSDCONF,VSD CONFIN LTD.,Active,XT,10.0,INE489F01016,,Equity
531716,TRICOMFRU,TRICOM FRUIT PRODUCTS LIMITED,Active,XT,10.0,INE843F01014,Other Food Products,Equity
531717,VIDHIING,Vidhi Specialty Food Ingredien,Active,B,1.0,INE632C01026,Specialty Chemicals,Equity
531719,BHAGCHEM,BHAGIRADHA CHEMICALS & INDUSTR,Active,B,1.0,INE414D01027,,Equity
531723,GATECH,GACM Technologies Limited,Active,T,1.0,INE224E01028,,Equity
531726,PANCHSHEEL,PANCHSHEEL ORGANICS LTD.,Active,X,10.0,INE316G01019,Pharmaceuticals,Equity
531727,MENNPIS,MENON PISTONS LTD.,Active,B,1.0,INE650G01029,,Equity
531735,PRISMFN,PRISM FINANCE LTD.,Active,P,10.0,INE429Q01019,Finance (including NBFCs),Equity
531737,GREENCREST,GREENCREST FINANCIAL SERVICES,Active,X,1.0,INE414C01045,,Equity
531739,GENNEX,GENNEX LABORATORIES LTD.,Active,X,1.0,INE509C01026,Pharmaceuticals,Equity
531743,HIRAUTO,HIRA AUTOMOBILES LTD.,Active,P,10.0,INE258Z01013,,Equity
531744,GINISILK,GINI SILK MILLS LTD.,Active,X,10.0,INE548B01018,Comm.Trading  & Distribution,Equity
531746,PRAENG,PRAJAY ENGINEERS SYNDICATE LTD,Active,B,10.0,INE505C01016,Realty,Equity
531752,BIOGEN,BIOGEN PHARMACHEM INDUSTRIES L,Active,X,1.0,INE703D01023,Comm.Trading  & Distribution,Equity
531758,GKCONS,G.K.CONSULTANTS LTD.,Active,X,10.0,INE131D01019,Finance (including NBFCs),Equity
531761,APOLLOPIPE,APOLLO PIPES LIMITED,Active,B,10.0,INE126J01016,Finance (including NBFCs),Equity
531762,UNJHAFOR,UNJHA FORMULATIONS LTD.,Active,XT,10.0,INE576D01015,Pharmaceuticals,Equity
531768,POLYMED,POLY MEDICURE LTD.,Active,A,5.0,INE205C01021,Medical Equipment,Equity
531769,PFLINFOTC,PFL INFOTECH LTD.,Active,X,10.0,INE600F01018,,Equity
531771,SHRADDHA,SHRADDHA PRIME PROJECTS LTD,Active,B,10.0,INE311M01018,Other Elect.Equip./ Prod.,Equity
531778,KACHCHH,KACHCHH MINERALS LTD.,Active,X,10.0,INE059E01010,Mining,Equity
531779,PADALPO,PADMANABH ALLOYS & POLYMERS LT,Active,X,10.0,INE630U01014,,Equity
531780,KACL,KAISER CORPORATION LIMITED,Active,XT,1.0,INE229G01022,Comm.Trading  & Distribution,Equity
531784,KCLINFRA,KCL Infra Projects Limited,Active,X,2.0,INE469F01026,Construction & Engineering,Equity
531794,SESHACHAL,SESHACHAL TECHNOLOGIES LTD.,Active,XT,10.0,INE331F01028,,Equity
531795,ATULAUTO,ATUL AUTO LTD.,Active,B,5.0,INE951D01028,2/3 Wheelers,Equity
531797,SCANPRO,SCAN PROJECTS LTD.,Active,X,10.0,INE393D01015,Cement & Cement Products,Equity
531802,PRERINFRA,PRERNA INFRABUILD LTD.,Active,X,10.0,INE426H01014,Realty,Equity
531810,METALCO,METAL COATINGS (INDIA) LTD.,Active,X,10.0,INE161E01014,Iron & Steel Products,Equity
531812,SGNTE,SGN TELECOMS LTD.,Active,X,1.0,INE266C01023,Other Elect.Equip./ Prod.,Equity
531813,GANGAPA,GANGA PAPERS INDIA LTD.,Active,XT,10.0,INE278O01015,Paper & Paper Products,Equity
531814,TIRSARJ,TIRUPATI SARJAN LTD.,Active,X,5.0,INE297J01023,Realty,Equity
531821,MUNOTHFI,MUNOTH FINANCIAL SERVICES LTD.,Active,XT,10.0,INE348D01019,Other Financial Services,Equity
531822,RODIUM,RODIUM REALTY LIMITED,Active,X,10.0,INE513E01024,Realty,Equity
531825,RCCEMEN,RCC CEMENTS LTD.,Active,XT,10.0,INE335N01015,IT Consulting & Software,Equity
531832,NAGTECH,NAGARJUNA AGRI TECH LTD.,Active,X,10.0,INE793H01017,Other Agricultural Products,Equity
531834,NATHUEC,NATURA HUE CHEM LTD.,Active,XT,10.0,INE487B01019,,Equity
531840,IECEDU,IEC EDUCATION LTD.,Active,X,10.0,INE172B01017,IT Software Products,Equity
531841,INDUSFINL,Indus Finance Limited,Active,XT,10.0,INE935D01013,Finance (including NBFCs),Equity
531842,LAHOTIOV,LAHOTI OVERSEAS LTD.,Active,B,2.0,INE515C01023,Comm.Trading  & Distribution,Equity
531845,ZENITHSTL,ZENITH STEEL PIPES AND  INDUST,Active,B,10.0,INE318D01020,Construction & Engineering,Equity
531846,TRINITYLEA,TRINITY LEAGUE INDIA LTD.,Active,X,10.0,INE884X01011,,Equity
531847,ASTAR,ASIAN STAR CO.LTD.,Active,B,10.0,INE194D01017,Other Apparels & Accessories,Equity
531859,ORIRAIL,ORIENTAL RAIL INFRASTRUCTURE L,Active,B,1.0,INE457G01029,,Equity
531861,JOINDRE,JOINDRE CAPITAL SERVICES LTD.,Active,X,10.0,INE024B01010,Other Financial Services,Equity
531862,BHARATAGRI,BHARAT AGRI FERT & REALTY LTD.,Active,X,1.0,INE842D01029,,Equity
531867,UNITINT,UNITECH INTERNATIONAL LTD.,Active,Z,10.0,INE929K01011,Comm.Trading  & Distribution,Equity
531869,SACHEMT,SACHETA METALS LTD.,Active,X,2.0,INE433G01020,,Equity
531870,POPULARES,POPULAR ESTATE MANAGEMENT LTD.,Active,X,10.0,INE370C01015,Construction & Engineering,Equity
531878,ANJANIFIN,ANJANI FINANCE LTD.,Active,X,10.0,INE283D01018,Finance (including NBFCs),Equity
531885,SVAINDIA,SVA INDIA LTD.,Active,P,10.0,INE763K01014,Comm.Trading  & Distribution,Equity
531887,TACENT,Tacent Projects Limited,Active,XT,10.0,INE149D01011,Other Apparels & Accessories,Equity
531888,REXNORD,REXNORD ELECTRONICS & CONTROLS,Active,XT,10.0,INE687C01012,Industrial Machinery,Equity
531889,NWIL,NURTURE WELL INDUSTRIES LIMITE,Active,X,1.0,INE882B01037,,Equity
531892,KHANDSE,KHANDWALA SECURITIES LTD.,Active,B,10.0,INE060B01014,Other Financial Services,Equity
531893,SAWACA,SAWACA ENTERPRISES LIMITED,Active,X,1.0,INE248B01023,,Equity
531900,CCLINTER,CCL INTERNATIONAL LTD.,Active,X,10.0,INE778E01031,,Equity
531902,GALLOPENT,GALLOPS ENTERPRISE LTD.,Active,XT,10.0,INE755J01012,,Equity
531909,CROISSANCE,CROISSANCE LIMITED,Active,XT,1.0,INE587J01027,Healthcare Supplies,Equity
531910,JOJO,JOJO LIMITED,Active,X,5.0,INE312M01024,,Equity
531911,GALAGEX,GALAXY AGRICO EXPORTS LTD.,Active,X,10.0,INE803L01016,Industrial Machinery,Equity
531913,CASTORA,CASTORA AGRI COMMODITIES LIMIT,Active,XT,10.0,INE641H01018,Iron & Steel Products,Equity
531918,HINDAPL,HINDUSTAN APPLIANCES LTD.,Active,X,10.0,INE02XD01011,,Equity
531921,AGARIND,AGARWAL INDUSTRIAL CORPORATION,Active,B,10.0,INE204E01012,Petrochemicals,Equity
531923,DHAMPURE,DHAMPURE SPECIALITY SUGARS LTD,Active,X,10.0,INE956B01013,Sugar,Equity
531925,SHAQUAK,SHANTANU SHEOREY AQUAKULT LTD.,Active,X,10.0,INE545N01019,Packaged Foods,Equity
531928,GOLCA,GOLDEN CARPETS LTD.,Active,X,10.0,INE595D01015,Furniture-Furnishing-Paints,Equity
531929,INNOCORP,INNOCORP LTD.,Active,XT,10.0,INE214B01017,Plastic Products,Equity
531930,SARTHAKIND,SARTHAK INDUSTRIES LTD.,Active,X,10.0,INE074H01012,Other Industrial Products,Equity
531931,SAICAPI,SAI CAPITAL LTD.,Active,B,10.0,INE531X01018,,Equity
531936,BLUECHIP,BLUE CHIP INDIA LTD.,Active,B,2.0,INE657B01025,Other Financial Services,Equity
531944,LEXORAA,LEXORAA INDUSTRIES LIMITED,Active,X,10.0,INE185D01015,Industrial Machinery,Equity
531946,CHADPAP,CHADHA PAPERS LTD.,Active,X,10.0,INE669W01018,,Equity
531950,VERTEX,VERTEX SECURITIES LTD.,Active,XT,2.0,INE316D01024,Other Financial Services,Equity
531952,RIBATEX,RIBA TEXTILES LTD.,Active,XT,10.0,INE811H01017,Textiles,Equity
531959,NEWINFRA,NEWTIME INFRASTRUCTURE LIMITED,Active,X,1.0,INE997D01021,,Equity
531960,JUNE,JUNE INDUSTRIES LIMITED,Active,XT,1.0,INE108B01029,,Equity
531962,SHREMETAL,SHREE METALLOYS LTD.,Active,X,10.0,INE914B01012,Finance (including NBFCs),Equity
531968,IITLPROJ,IITL PROJECTS LIMITED,Active,XT,10.0,INE786E01018,Realty,Equity
531971,POPEES,POPEES BABY CARE INDIA LIMITED,Active,XT,10.0,INE167F01018,Textiles,Equity
531977,CHLOGIST,CHARTERED LOGISTICS LTD.,Active,XT,1.0,INE558F01026,Surface Transportation,Equity
531978,AMBIKCO,AMBIKA COTTON MILLS LTD.,Active,B,10.0,INE540G01014,Textiles,Equity
531979,HINDALUMI,HIND ALUMINIUM INDUSTRIES LTD.,Active,B,10.0,INE227B01019,Aluminium,Equity
531980,SENINFO,SENTHIL INFOTEK LTD,Active,XT,10.0,INE564B01015,IT Consulting & Software,Equity
531982,SPECFOOD,SPECTRUM FOODS LTD.,Active,X,10.0,INE547C01018,Other Food Products,Equity
531989,DECPO,DECCAN POLYPACKS LTD.,Active,X,10.0,INE132E01015,Containers & Packaging,Equity
531991,AMRAAGRI,AMRAWORLD AGRICO LTD.,Active,X,1.0,INE735C01027,Textiles,Equity
531994,AUTOPINS,AUTO PINS (INDIA) LTD.,Active,X,10.0,INE706C01028,,Equity
531996,ODYCORP,ODYSSEY CORPORATION LTD.,Active,B,5.0,INE839E01023,Finance (including NBFCs),Equity
531997,IKOMA,IKOMA TECHNOLOGIES LIMITED,Active,XT,10.0,INE164D01010,,Equity
532001,INDCTST,INDUCTO STEEL LTD.,Active,X,10.0,INE146H01018,Iron & Steel/Interm.Products,Equity
532005,SAMINDUS,SAM INDUSTRIES LTD.,Active,X,10.0,INE653D01012,Edible Oils,Equity
532007,SHVFL,SHREEVATSAA FINANCE & LEASING,Active,X,10.0,INE981C01019,Misc.Commercial Services,Equity
532011,POOJAENT,VASHU BHAGNANI INDUSTRIES LIMI,Active,X,10.0,INE147C01017,Movies & Entertainment,Equity
532015,GRAVITY,GRAVITY (INDIA) LTD.,Active,X,10.0,INE995A01013,Textiles,Equity
532016,ESPIRE,ESPIRE HOSPITALITY LIMITED,Active,X,10.0,INE176O01011,Realty,Equity
532019,LCCINFOTEC,LCC INFOTECH LTD.,Active,B,2.0,INE938A01021,,Equity
532022,FILATFASH,FILATEX FASHIONS LTD.,Active,B,1.0,INE185E01021,,Equity
532024,AARCON,AARCON FACILITIES LIMITED,Active,P,10.0,INE056J01015,Other Financial Services,Equity
532029,SINDHUTRAD,SINDHU TRADE LINKS LIMITED,Active,B,1.0,INE325D01025,,Equity
532039,ZENOTECH,ZENOTECH LABORATORIES LTD.,Active,X,10.0,INE486F01012,Pharmaceuticals,Equity
532041,HINDBIO,HINDUSTAN BIO SCIENCES LTD.,Active,X,2.0,INE597C01021,,Equity
532042,FRONTCORP,FRONTLINE CORPORATION LTD.,Active,X,10.0,INE092D01013,,Equity
532051,SWELECTES,SWELECT ENERGY SYSTEMS LIMITED,Active,B,10.0,INE409B01013,Heavy Electrical Equipment,Equity
532053,WALLFORT,WALLFORT FINANCIAL SERVICES LT,Active,X,10.0,INE121B01014,Other Financial Services,Equity
532054,KDDL,KDDL LTD.,Active,B,10.0,INE291D01011,Other Apparels & Accessories,Equity
532056,TRUSTEDGE,Trustedge Capital Limited,Active,X,10.0,INE398H01015,Investment Companies,Equity
532057,ABHICAP,ABHINAV CAPITAL SERVICES LTD.,Active,X,10.0,INE516F01016,Finance (including NBFCs),Equity
532067,3BBLACKBIO,3B BlackBio Dx Limited,Active,B,10.0,INE994E01018,Agrochemicals,Equity
532070,GUJJUBHAI,GUJJUBHAI INDUSTRIES LIMITED,Active,X,10.0,INE311N01016,Paper & Paper Products,Equity
532072,INTERDIGI,INTERWORLD DIGITAL LTD.,Active,XT,1.0,INE177D01020,Movies & Entertainment,Equity
532078,MONIND,MONIND LIMITED,Active,X,10.0,INE407E01029,Iron & Steel/Interm.Products,Equity
532083,SHKALYN,SHRI KALYAN HOLDINGS LTD.,Active,XT,10.0,INE079N01019,Misc.Commercial Services,Equity
532090,ATVOENT,Atvo Enterprises Limited,Active,X,1.0,INE219M01021,Textiles,Equity
532092,EPUJA,EPUJA SPIRITECH LIMITED,Active,X,1.0,INE807D01030,Finance (including NBFCs),Equity
532100,INDOCITY,INDO-CITY INFOTECH LTD.,Active,X,10.0,INE456B01014,IT Software Products,Equity
532102,SBECSUG,SBEC SUGAR LTD.,Active,XT,10.0,INE948G01019,Sugar,Equity
532105,MEGFI,MEGA FIN (INDIA) LTD.,Active,ZP,10.0,INE524D01015,Misc.Commercial Services,Equity
532113,BRIJLEAS,BRIJLAXMI LEASING & FINANCE LT,Active,X,10.0,INE957E01031,,Equity
532123,BSELALGO,BSEL ALGO LIMITED,Active,X,10.0,INE395A01016,Realty,Equity
532124,RELIABVEN,RELIABLE VENTURES INDIA LTD.,Active,XT,10.0,INE419H01019,Hotels,Equity
532131,TRIUMPIN,TRIUMPH INTERNATIONAL FINANCE,Active,X,10.0,INE382B01012,,Equity
532134,BANKBARODA,BANK OF BARODA,Active,A,2.0,INE028A01039,Banks,Equity
532138,SMCREDT,SMC CREDITS LTD.,Active,XT,10.0,INE440E01012,,Equity
532139,GTEIT,G-TECH INFO-TRAINING LTD.,Active,XT,1.0,INE634D01038,BPO/KPO,Equity
532140,MOHITE,MOHITE INDUSTRIES LIMITED,Active,B,1.0,INE154B01023,,Equity
532141,ACL,ANDHRA CEMENTS LTD.,Active,B,10.0,INE666E01020,,Equity
532143,SKMEGGPROD,SKM EGG PRODUCTS EXPORT (INDIA,Active,B,5.0,INE411D01023,,Equity
532144,WELCORP,WELSPUN CORP LIMITED,Active,A,5.0,INE191B01025,Construction & Engineering,Equity
532145,HOTLSILV,H.S.INDIA LTD.,Active,X,10.0,INE731B01010,Hotels,Equity
532149,BANKINDIA,BANK OF INDIA,Active,A,10.0,INE084A01016,Banks,Equity
532150,INDRAMEDCO,INDRAPRASTHA MEDICAL CORP.LTD.,Active,A,10.0,INE681B01017,Healthcare Facilities,Equity
532154,JOHNPHARMA,JOHNSON PHARMACARE LIMITED,Active,X,1.0,INE560F01022,,Equity
532155,GAIL,GAIL (INDIA) LTD.,Active,A,10.0,INE129A01019,Utilities:Non-Elec.,Equity
532156,VAIBHAVGBL,VAIBHAV GLOBAL LTD,Active,B,2.0,INE884A01027,,Equity
532159,TRESCON,TRESCON LIMITED,Active,X,10.0,INE088D01011,,Equity
532160,GUJSTATFIN,GUJARAT STATE FINANCIAL CORPOR,Active,B,10.0,INE944A01011,Financial Institutions,Equity
532162,JKPAPER,JK PAPER LTD.,Active,A,10.0,INE789E01012,Paper & Paper Products,Equity
532163,SAREGAMA,SAREGAMA INDIA LTD.,Active,A,1.0,INE979A01025,,Equity
532164,MINOLTAF,MINOLTA FINANCE LTD.,Active,X,1.0,INE514C01026,,Equity
532167,OMKARPH,OMKAR PHARMACHEM LTD.,Active,X,10.0,INE501C01015,Commodity Chemicals,Equity
532172,ADROITINFO,Adroit Infotech Limited,Active,B,10.0,INE737B01033,IT Consulting & Software,Equity
532173,CYBERTECH,CYBERTECH SYSTEMS AND SOFTWARE,Active,T,10.0,INE214A01019,IT Software Products,Equity
532174,ICICIBANK,ICICI BANK LTD.,Active,A,2.0,INE090A01021,Banks,Equity
532175,CYIENT,CYIENT LIMITED,Active,A,5.0,INE136B01020,IT Consulting & Software,Equity
532178,ENGINERSIN,ENGINEERS INDIA LTD.,Active,A,5.0,INE510A01028,Consulting Services,Equity
532180,DHANBANK,DHANLAXMI BANK LIMITED,Active,B,10.0,INE680A01011,Banks,Equity
532181,GMDCLTD,GUJARAT MINERAL DEVELOPMENT CO,Active,A,2.0,INE131A01031,Coal,Equity
532183,GAYATRI,GAYATRI SUGARS LTD.,Active,X,10.0,INE622E01023,Sugar,Equity
532187,INDUSINDBK,INDUSIND BANK LTD.,Active,A,10.0,INE095A01012,Banks,Equity
532189,ITDC,INDIA TOURISM DEVELOPMENT CORP,Active,B,10.0,INE353K01014,Hotels,Equity
532209,J&KBANK,JAMMU & KASHMIR BANK LTD.,Active,A,1.0,INE168A01041,Banks,Equity
532210,CUB,CITY UNION BANK LIMITED,Active,A,1.0,INE491A01021,Banks,Equity
532212,ARCHIES,ARCHIES LTD.,Active,B,2.0,INE731A01020,Gift Articles-Toys & Cards,Equity
532215,AXISBANK,AXIS BANK LTD.,Active,A,2.0,INE238A01034,Banks,Equity
532216,HBSL,HB STOCKHOLDINGS LTD.,Active,B,10.0,INE550B01022,,Equity
532217,CMXLTD,CMX HOLDINGS LIMITED,Active,XT,10.0,INE027F01014,Other Financial Services,Equity
532218,SOUTHBANK,SOUTH INDIAN BANK LTD.,Active,A,1.0,INE683A01023,Banks,Equity
532219,ENERGYDEV,ENERGY DEVELOPMENT COMPANY LTD,Active,B,10.0,INE306C01019,Electric Utilities,Equity
532221,SONATSOFTW,SONATA SOFTWARE LTD.,Active,A,1.0,INE269A01021,IT Consulting & Software,Equity
532230,BENGALT,BENGAL TEA & FABRICS LTD.,Active,X,10.0,INE665D01016,Textiles,Equity
532234,NATIONALUM,NATIONAL ALUMINIUM CO.LTD.,Active,A,5.0,INE139A01034,Aluminium,Equity
532240,INDNIPPON,INDIA NIPPON ELECTRICALS LTD.,Active,B,5.0,INE092B01025,,Equity
532256,NSIL,NALWA SONS INVESTMENTS LTD.,Active,B,10.0,INE023A01030,Finance (including NBFCs),Equity
532259,APARINDS,APAR INDUSTRIES LTD.,Active,A,10.0,INE372A01015,Other Elect.Equip./ Prod.,Equity
532262,TCIIND,TCI INDUSTRIES LTD.,Active,X,10.0,INE920B01019,Transportation - Logistics,Equity
532268,ACCELYA,ACCELYA SOLUTIONS INDIA LIMITE,Active,B,10.0,INE793A01012,IT Consulting & Software,Equity
532271,ORCHASP,ORCHASP LIMITED,Active,B,2.0,INE215B01022,,Equity
532275,LANDMARC,LANDMARC LEISURE CORPORATION L,Active,X,1.0,INE394C01023,Finance (including NBFCs),Equity
532281,HCLTECH,HCL TECHNOLOGIES LTD.,Active,A,2.0,INE860A01027,IT Consulting & Software,Equity
532284,TCFCFINQ,TCFC FINANCE LTD.,Active,X,10.0,INE389D01013,Other Financial Services,Equity
532285,GEOJITFSL,Geojit Financial Services Limi,Active,B,1.0,INE007B01023,Other Financial Services,Equity
532286,JINDALSTEL,JINDAL STEEL LIMITED,Active,A,1.0,INE749A01030,Iron & Steel/Interm.Products,Equity
532290,BLBLIMITED,BLB LTD.,Active,B,1.0,INE791A01024,Other Financial Services,Equity
532296,GLENMARK,GLENMARK PHARMACEUTICALS LTD.,Active,A,1.0,INE935A01035,Pharmaceuticals,Equity
532300,WOCKPHARMA,WOCKHARDT LTD.,Active,A,5.0,INE049B01025,Pharmaceuticals,Equity
532303,INTEGHIT,INTEGRATED HITECH LTD.,Active,X,10.0,INE934A01012,,Equity
532304,KJMCCORP,KJMC CORPORATE ADVISORS (INDIA,Active,X,10.0,INE602C01011,Other Financial Services,Equity
532305,INDSWFTLAB,IND-SWIFT LABORATORIES LTD.,Active,B,10.0,INE915B01019,Pharmaceuticals,Equity
532309,GVPIL,GE Power India Ltd,Active,B,10.0,INE878A01011,Heavy Electrical Equipment,Equity
532310,SHREERAMA,SHREE RAMA MULTI-TECH LTD.,Active,B,5.0,INE879A01019,Containers & Packaging,Equity
532313,MAHLIFE,MAHINDRA LIFESPACE DEVELOPERS,Active,A,10.0,INE813A01018,Realty,Equity
532315,GROARC,GROARC INDUSTRIES INDIA LIMITE,Active,X,10.0,INE042B01012,,Equity
532320,VAARAD,VAARAD VENTURES LTD,Active,X,1.0,INE418B01048,Finance (including NBFCs),Equity
532321,ZYDUSLIFE,Zydus Lifesciences Limited,Active,A,1.0,INE010B01027,Pharmaceuticals,Equity
532323,SHIVACEM,SHIVA CEMENT LTD.,Active,B,2.0,INE555C01029,Cement & Cement Products,Equity
532324,CINEVISTA,CINEVISTA LTD.,Active,B,2.0,INE039B01026,Movies & Entertainment,Equity
532326,INTENTECH,INTENSE TECHNOLOGIES LTD.,Active,B,2.0,INE781A01025,IT Software Products,Equity
532329,DANLAW,DANLAW TECHNOLOGIES INDIA LTD.,Active,XT,10.0,INE310B01013,IT Software Products,Equity
532331,AJANTPHARM,AJANTA PHARMA LTD.,Active,A,2.0,INE031B01049,Pharmaceuticals,Equity
532332,CURAA,CURA TECHNOLOGIES LTD.,Active,B,10.0,INE117B01020,,Equity
532333,HBPOR,HB PORTFOLIO LTD.,Active,B,10.0,INE638B01025,,Equity
532334,HBESD,HB ESTATE DEVELOPERS LTD.,Active,B,10.0,INE640B01021,,Equity
532335,AMBICAAGAR,AMBICA AGARBATHIES & AROMA IND,Active,B,10.0,INE792B01012,,Equity
532336,BARONINF,BARON INFOTECH LTD.,Active,Z,10.0,INE228B01017,IT Software Products,Equity
532339,COMPUSOFT,COMPUCOM SOFTWARE LTD.,Active,B,2.0,INE453B01029,IT Training Services,Equity
532340,OMNIAX,OMNI AXS SOFTWARE LTD.,Active,X,10.0,INE369B01019,IT Software Products,Equity
532341,IZMO,IZMO Limited,Active,B,10.0,INE848A01014,IT Consulting & Software,Equity
532343,TVSMOTOR,TVS MOTOR COMPANY LTD.,Active,A,1.0,INE494B01023,2/3 Wheelers,Equity
532344,MADALA,MADALA HOLDINGS LIMITED,Active,X,10.0,INE002B01016,IT Software Products,Equity
532348,SUBEXLTD,SUBEX LTD.,Active,B,5.0,INE754A01055,,Equity
532349,TCI,TRANSPORT CORPORATION OF INDIA,Active,B,2.0,INE688A01022,Surface Transportation,Equity
532350,PADMALAYAT,PADMALAYA TELEFILMS LTD.,Active,Z,10.0,INE243B01016,Movies & Entertainment,Equity
532351,AKSHOPTFBR,AKSH OPTIFIBRE LTD.,Active,T,5.0,INE523B01011,Telecom Cables,Equity
532354,VIRGOGLOB,Virgo Global Limited,Active,X,4.0,INE400B01020,IT Software Products,Equity
532355,PICTUREHS,PICTUREHOUSE MEDIA LTD.,Active,X,10.0,INE448B01029,Movies & Entertainment,Equity
532356,TRIVENI,TRIVENI ENGINEERING & INDUSTRI,Active,A,1.0,INE256C01024,Sugar,Equity
532357,MUKTAARTS,MUKTA ARTS LTD.,Active,T,5.0,INE374B01019,Movies & Entertainment,Equity
532359,HITKITGLO,HIT KIT GLOBAL SOLUTIONS LTD.,Active,X,2.0,INE309B01023,IT Software Products,Equity
532362,NAGPI,NAGPUR POWER & INDUSTRIES LTD.,Active,X,10.0,INE099E01016,Iron & Steel/Interm.Products,Equity
532365,DSSL,DYNACONS SYSTEMS & SOLUTIONS L,Active,B,10.0,INE417B01040,IT Consulting & Software,Equity
532366,PNBGILTS,PNB GILTS LTD.,Active,B,10.0,INE859A01011,Finance (including NBFCs),Equity
532368,BCG,BRIGHTCOM GROUP LIMITED,Active,B,2.0,INE425B01027,IT Software Products,Equity
532369,RAMCOIND,RAMCO INDUSTRIES LTD.,Active,B,1.0,INE614A01028,Construction Materials,Equity
532370,RAMCOSYS,RAMCO SYSTEMS LTD.,Active,B,10.0,INE246B01019,IT Consulting & Software,Equity
532371,TTML,TATA TELESERVICES (MAHARASHTRA,Active,A,10.0,INE517B01013,Telecom Services,Equity
532372,VIRINCHI,Virinchi Limited,Active,B,10.0,INE539B01017,IT Software Products,Equity
532373,WEPSOLN,WEP SOLUTIONS LTD.,Active,X,10.0,INE434B01029,Comm.Trading  & Distribution,Equity
532374,STLTECH,STERLITE TECHNOLOGIES LTD.,Active,T,2.0,INE089C01029,Heavy Electrical Equipment,Equity
532375,TIPSMUSIC,TIPS MUSIC LIMITED,Active,A,1.0,INE716B01029,,Equity
532376,UMIYA-MRO,UMIYA BUILDCON LIMITED,Active,B,5.0,INE398B01018,Telecom Equipment,Equity
532378,UNIVARTS,UNIVERSAL ARTS LTD.,Active,X,10.0,INE464B01018,Movies & Entertainment,Equity
532379,FIRSTFIN,FIRST FINTEC LIMITED,Active,X,10.0,INE683B01047,IT Software Products,Equity
532380,BABA,BABA ARTS LTD.,Active,X,1.0,INE893A01036,Movies & Entertainment,Equity
532382,BALAJITELE,BALAJI TELEFILMS LTD.,Active,B,2.0,INE794B01026,Broadcasting & Cable TV,Equity
532384,TYCHE,TYCHE INDUSTRIES LTD.,Active,X,10.0,INE443B01012,Pharmaceuticals,Equity
532386,CALSOFT,CALIFORNIA SOFTWARE CO.LTD.,Active,B,10.0,INE526B01014,IT Software Products,Equity
532387,PNC,PRITISH NANDY COMMUNICATIONS L,Active,B,10.0,INE392B01011,Movies & Entertainment,Equity
532388,IOB,INDIAN OVERSEAS BANK,Active,A,10.0,INE565A01014,Banks,Equity
532390,TAJGVK,TAJGVK HOTELS & RESORTS LTD.,Active,B,2.0,INE586B01026,Hotels,Equity
532392,CREATIVEYE,CREATIVE EYE LTD.,Active,B,5.0,INE230B01021,Movies & Entertainment,Equity
532395,AXISCADES,AXISCADES TECHNOLOGIES LIMITED,Active,B,5.0,INE555B01013,BPO/KPO,Equity
532397,KONNDOR,KONNDOR INDUSTRIES LIMITED,Active,XT,10.0,INE971A01014,Paper & Paper Products,Equity
532398,UMESLTD,USHA MARTIN EDUCATION & SOLUTI,Active,B,1.0,INE240C01028,IT Software Products,Equity
532400,BSOFT,BIRLASOFT LIMITED,Active,A,2.0,INE836A01035,IT Consulting & Software,Equity
532402,USGTECH,USG TECH SOLUTIONS LTD.,Active,XT,10.0,INE718B01017,IT Software Products,Equity
532403,4THGEN,FOURTH GENERATION INFORMATION,Active,XT,10.0,INE739B01039,IT Software Products,Equity
532404,7TEC,SAVEN TECHNOLOGIES LTD.,Active,X,1.0,INE856B01023,,Equity
532406,AVANTEL,AVANTEL LTD.,Active,A,2.0,INE005B01027,,Equity
532407,MOSCHIP,MOSCHIP TECHNOLOGIES LIMITED,Active,A,2.0,INE935B01025,IT Software Products,Equity
532408,SIGMAADV,SIGMA ADVANCED SYSTEMS LIMITED,Active,B,10.0,INE933B01012,IT Software Products,Equity
532410,TRANSCOR,TRANSCORP INTERNATIONAL LTD.,Active,B,2.0,INE330E01023,,Equity
532413,CEREBRAINT,CEREBRA INTEGRATED TECHNOLOGIE,Active,Z,10.0,INE345B01019,Computer Hardware,Equity
532416,NEXTMEDIA,NEXT MEDIAWORKS LTD.,Active,B,10.0,INE747B01016,Publishing,Equity
532419,SMARTLINK,Smartlink Holdings Limited,Active,T,2.0,INE178C01020,IT Networking Equipment,Equity
532424,GODREJCP,GODREJ CONSUMER PRODUCTS LTD.,Active,A,1.0,INE102D01028,Personal Products,Equity
532425,GENUSPRIME,GENUS PRIME INFRA LIMITED,Active,X,2.0,INE256D01014,Commodity Chemicals,Equity
532430,BFUTILITIE,BF UTILITIES LTD.,Active,B,5.0,INE243D01012,Electric Utilities,Equity
532432,UNITDSPR,UNITED SPIRITS LTD.,Active,A,2.0,INE854D01024,,Equity
532435,SANINFRA,SANMIT INFRA LIMITED,Active,XT,10.0,INE799C01049,,Equity
532439,OLECTRA,OLECTRA GREENTECH LIMITED,Active,A,4.0,INE260D01016,Industrial Machinery,Equity
532440,MPSLTD,MPS LTD.,Active,B,10.0,INE943D01017,Comm.Printing/Stationery,Equity
532443,CERA,CERA SANITARYWARE LTD.,Active,A,5.0,INE739E01017,Furniture-Furnishing-Paints,Equity
532444,TSPIRITUAL,T.SPIRITUAL WORLD LTD.,Active,X,10.0,INE541C01037,IT Software Products,Equity
532454,BHARTIARTL,BHARTI AIRTEL LTD.,Active,A,5.0,INE397D01024,Telecom Services,Equity
532455,SHALIWIR,SHALIMAR WIRES INDUSTRIES LTD.,Active,X,2.0,INE655D01025,Copper,Equity
532456,COMPINFO,COMPUAGE INFOCOM LTD.,Active,Z,2.0,INE070C01037,,Equity
532457,GULPOLY,GULSHAN POLYOLS LTD.,Active,B,1.0,INE255D01024,,Equity
532460,PONNIERODE,PONNI SUGARS (ERODE) LTD.,Active,B,10.0,INE838E01017,Sugar,Equity
532461,PNB,PUNJAB NATIONAL BANK,Active,A,2.0,INE160A01022,Banks,Equity
532466,OFSS,ORACLE FINANCIAL SERVICES SOFT,Active,A,5.0,INE881D01027,IT Consulting & Software,Equity
532467,HAZOOR,HAZOOR MULTI PROJECTS LTD.,Active,B,1.0,INE550F01049,,Equity
532468,KAMAHOLD,KAMA HOLDINGS LIMITED,Active,B,10.0,INE411F01010,Holding Companies,Equity
532470,MPFSL,MPF Systems Limited,Active,XT,10.0,INE095E01022,,Equity
532475,APTECHT,APTECH LTD.,Active,T,10.0,INE266F01018,IT Training Services,Equity
532477,UNIONBANK,UNION BANK OF INDIA,Active,A,10.0,INE692A01016,Banks,Equity
532478,UBL,UNITED BREWERIES LTD.,Active,A,1.0,INE686F01025,Breweries & Distilleries,Equity
532481,NOIDATOLL,NOIDA TOLL BRIDGE COMPANY LTD.,Active,B,10.0,INE781B01015,Roads & Highways,Equity
532482,GRANULES,GRANULES INDIA LTD.,Active,A,1.0,INE101D01020,Pharmaceuticals,Equity
532483,CANBK,CANARA BANK,Active,A,2.0,INE476A01022,,Equity
532485,BLIL,BALMER LAWRIE INVESTMENTS LTD.,Active,B,1.0,INE525F01025,,Equity
532486,POKARNA,POKARNA LTD.,Active,B,2.0,INE637C01025,,Equity
532488,DIVISLAB,DIVIS LABORATORIES LTD.,Active,A,2.0,INE361B01024,Pharmaceuticals,Equity
532493,ASTRAMICRO,ASTRA MICROWAVE PRODUCTS LTD.,Active,A,2.0,INE386C01029,Defence,Equity
532497,RADICO,RADICO KHAITAN LTD.,Active,A,2.0,INE944F01028,Breweries & Distilleries,Equity
532500,MARUTI,MARUTI SUZUKI INDIA LTD.,Active,A,5.0,INE585B01010,Cars & Utility Vehicles,Equity
532503,RAJPALAYAM,RAJAPALAYAM MILLS LTD.,Active,B,10.0,INE296E01026,Textiles,Equity
532504,NAVINFLUOR,NAVIN FLUORINE INTERNATIONAL L,Active,A,2.0,INE048G01026,,Equity
532505,UCOBANK,UCO BANK,Active,A,10.0,INE691A01018,Banks,Equity
532507,BAGFILMS,B.A.G.FILMS & MEDIA LTD.,Active,B,2.0,INE116D01028,Broadcasting & Cable TV,Equity
532508,JSL,JINDAL STAINLESS LTD.,Active,A,2.0,INE220G01021,Iron & Steel/Interm.Products,Equity
532509,SUPRAJIT,SUPRAJIT ENGINEERING LTD.,Active,A,1.0,INE399C01030,Auto Parts & Equipment,Equity
532513,TVSELECT,TVS ELECTRONICS LTD.,Active,B,10.0,INE236G01019,Storage Media & Peripherals,Equity
532514,IGL,INDRAPRASTHA GAS LTD.,Active,A,2.0,INE203G01027,,Equity
532515,TVTODAY,TV TODAY NETWORK LTD.,Active,B,5.0,INE038F01029,Broadcasting & Cable TV,Equity
532521,PALREDTEC,PALRED TECHNOLOGIES LIMITED,Active,T,10.0,INE218G01033,,Equity
532522,PETRONET,PETRONET LNG LTD.,Active,A,10.0,INE347G01014,Oil Marketing & Distribution,Equity
532523,BIOCON,BIOCON LTD.,Active,A,5.0,INE376G01013,Biotechnology,Equity
532524,PTC,PTC INDIA LTD.,Active,A,10.0,INE877F01012,Electric Utilities,Equity
532525,MAHABANK,BANK OF MAHARASHTRA,Active,A,10.0,INE457A01014,Banks,Equity
532527,RKFORGE,RAMKRISHNA FORGINGS LTD.,Active,A,2.0,INE399G01023,,Equity
532528,DATAMATICS,DATAMATICS GLOBAL SERVICES LTD,Active,A,5.0,INE365B01017,IT Software Products,Equity
532529,NDTV,NEW DELHI TELEVISION LTD.,Active,B,4.0,INE155G01029,Broadcasting & Cable TV,Equity
532531,STAR,STRIDES PHARMA SCIENCE LIMITED,Active,A,10.0,INE939A01011,Pharmaceuticals,Equity
532538,ULTRACEMCO,ULTRATECH CEMENT LTD.,Active,A,10.0,INE481G01011,Cement & Cement Products,Equity
532539,UNOMINDA,UNO Minda Limited,Active,A,2.0,INE405E01023,,Equity
532540,TCS,TATA CONSULTANCY SERVICES LTD.,Active,A,1.0,INE467B01029,IT Consulting & Software,Equity
532541,COFORGE,COFORGE LIMITED,Active,A,2.0,INE591G01025,,Equity
532543,GULFPETRO,GP PETROLEUMS LTD,Active,T,5.0,INE586G01017,Oil Marketing & Distribution,Equity
532548,CENTURYPLY,CENTURY PLYBOARDS (I) LTD.,Active,A,1.0,INE348B01021,Forest Products,Equity
532553,WELENT,WELSPUN ENTERPRISES LIMTED,Active,A,10.0,INE625G01013,Construction & Engineering,Equity
532555,NTPC,NTPC LTD.,Active,A,10.0,INE733E01010,Electric Utilities,Equity
532604,SALSTEEL,S.A.L.STEEL LTD.,Active,B,10.0,INE658G01014,Iron & Steel/Interm.Products,Equity
532605,JBMA,JBM AUTO LTD.,Active,A,1.0,INE927D01051,,Equity
532610,DWARKESH,DWARIKESH SUGAR INDUSTRIES LTD,Active,B,1.0,INE366A01041,,Equity
532612,INDOCO,INDOCO REMEDIES LTD.,Active,B,2.0,INE873D01024,Pharmaceuticals,Equity
532613,VIPCLOTHNG,VIP Clothing Limited,Active,B,2.0,INE450G01024,Comm.Trading  & Distribution,Equity
532614,IMPEXFERRO,IMPEX FERRO TECH LTD.,Active,Z,10.0,INE691G01015,Iron & Steel/Interm.Products,Equity
532616,XCHANGING,XCHANGING SOLUTIONS LTD.,Active,B,10.0,INE692G01013,BPO/KPO,Equity
532621,MORARJEE,MORARJEE TEXTILES LTD.,Active,Z,7.0,INE161G01027,Textiles,Equity
532624,JINDALPHOT,JINDAL PHOTO LTD.,Active,B,10.0,INE796G01012,Photographic Products,Equity
532626,POCL,PONDY OXIDES & CHEMICALS LTD.,Active,A,2.0,INE063E01061,,Equity
532627,JPPOWER,JAIPRAKASH POWER VENTURES LIMI,Active,A,10.0,INE351F01018,Electric Utilities,Equity
532628,3IINFOLTD,3I INFOTECH LTD.,Active,T,10.0,INE748C01038,,Equity
532630,GOKEX,GOKALDAS EXPORTS LTD.,Active,A,5.0,INE887G01027,Other Apparels & Accessories,Equity
532633,ALLDIGI,Alldigi Tech Limited,Active,B,10.0,INE835G01018,BPO/KPO,Equity
532636,IIFL,IIFL FINANCE LIMITED,Active,A,2.0,INE530B01024,Other Financial Services,Equity
532637,MANGALAM,MANGALAM DRUGS & ORGANICS LTD.,Active,B,10.0,INE584F01014,Pharmaceuticals,Equity
532638,SHOPERSTOP,SHOPPERS STOP LTD.,Active,B,5.0,INE498B01024,Department Stores,Equity
532640,CYBERMEDIA,CYBER MEDIA (INDIA) LTD.,Active,B,10.0,INE278G01037,Publishing,Equity
532641,NDL,NANDAN DENIM LIMITED,Active,B,1.0,INE875G01048,,Equity
532642,JSWHL,JSW HOLDINGS LIMITED,Active,A,10.0,INE824G01012,Finance (including NBFCs),Equity
532644,JKCEMENT,J.K.CEMENT LTD.,Active,A,10.0,INE823G01014,Cement & Cement Products,Equity
532645,BEEYU,BEEYU OVERSEAS LTD.,Active,X,10.0,INE052B01011,Comm.Trading  & Distribution,Equity
532648,YESBANK,YES BANK LTD.,Active,A,2.0,INE528G01035,,Equity
532649,NECLIFE,NECTAR LIFESCIENCES LTD.,Active,B,1.0,INE023H01027,Pharmaceuticals,Equity
532650,MSPL,MSP STEEL & POWER LTD.,Active,B,10.0,INE752G01015,Iron & Steel Products,Equity
532651,SPLIL,SPL INDUSTRIES LTD.,Active,B,10.0,INE978G01016,Other Apparels & Accessories,Equity
532652,KTKBANK,KARNATAKA BANK LTD.,Active,A,10.0,INE614B01018,Banks,Equity
532654,MCLEODRUSS,MCLEOD RUSSEL INDIA LTD.,Active,B,5.0,INE942G01012,Tea & Coffee,Equity
532656,FACORALL,FACOR ALLOYS LTD.,Active,XT,1.0,INE828G01013,Iron & Steel/Interm.Products,Equity
532660,VIVIMEDLAB,VIVIMED LABS LTD.,Active,T,2.0,INE526G01021,,Equity
532661,RML,RANE (MADRAS) LTD.,Active,B,10.0,INE050H01012,Auto Parts & Equipment,Equity
532662,HTMEDIA,HT MEDIA LIMITED,Active,B,2.0,INE501G01024,Publishing,Equity
532663,SASKEN,Sasken Technologies Limited,Active,B,10.0,INE231F01020,IT Consulting & Software,Equity
532665,RAJVIR,RAJVIR INDUSTRIES LTD.,Active,Z,10.0,INE011H01014,Textiles,Equity
532666,FCSSOFT,FCS SOFTWARE SOLUTIONS LTD.,Active,B,1.0,INE512B01022,IT Consulting & Software,Equity
532667,SUZLON,SUZLON ENERGY LTD.,Active,A,2.0,INE040H01021,Heavy Electrical Equipment,Equity
532668,AURIONPRO,AURIONPRO SOLUTIONS LTD.,Active,A,10.0,INE132H01018,IT Software Products,Equity
532670,RENUKA,SHREE RENUKA SUGARS LTD.,Active,A,1.0,INE087H01022,Sugar,Equity
532673,KMSUGAR,K.M.SUGAR MILLS LTD.,Active,B,2.0,INE157H01023,Sugar,Equity
532674,BASML,BANNARI AMMAN SPINNING MILLS L,Active,T,5.0,INE186H01022,,Equity
532676,PBAINFRA,PBA INFRASTRUCTURE LTD.,Active,XT,10.0,INE160H01019,Construction & Engineering,Equity
532683,AIAENG,AIA ENGINEERING LTD.,Active,A,2.0,INE212H01026,Other Industrial Goods,Equity
532684,EKC,EVEREST KANTO CYLINDER LTD.,Active,B,2.0,INE184H01027,Other Industrial Products,Equity
532686,KERNEX,KERNEX MICROSYSTEMS (INDIA) LT,Active,B,10.0,INE202H01019,Transport Related Services,Equity
532687,REPRO,REPRO INDIA LTD.,Active,B,10.0,INE461B01014,Comm.Printing/Stationery,Equity
532689,PVRINOX,PVR INOX LIMITED,Active,A,10.0,INE191H01014,Specialty Retail,Equity
532694,ASMS,Avio Smart Market Stack Limite,Active,T,1.0,INE855F01042,,Equity
532695,CELEBRITY,CELEBRITY FASHIONS LTD.,Active,B,10.0,INE185H01016,Other Apparels & Accessories,Equity
532696,EDUCOMP,EDUCOMP SOLUTIONS LTD.,Active,Z,2.0,INE216H01027,Education,Equity
532698,NITINSPIN,NITIN SPINNERS LTD.,Active,B,10.0,INE229H01012,Textiles,Equity
532699,ROHLTD,ROYAL ORCHID HOTELS LTD.,Active,B,10.0,INE283H01019,Hotels,Equity
532700,ENIL,ENTERTAINMENT NETWORK (INDIA),Active,B,10.0,INE265F01028,Broadcasting & Cable TV,Equity
532701,CELLA,CELLA SPACE LIMITED,Active,Z,10.0,INE266H01014,Paper & Paper Products,Equity
532705,JAGRAN,JAGRAN PRAKASHAN LTD.,Active,B,2.0,INE199G01027,Publishing,Equity
532707,DYNPRO,DYNEMIC PRODUCTS LTD.,Active,B,10.0,INE256H01015,Specialty Chemicals,Equity
532708,GVKPIL,GVK POWER & INFRASTRUCTURE LTD,Active,T,1.0,INE251H01024,Electric Utilities,Equity
532710,SADBHAV,SADBHAV ENGINEERING LTD.,Active,B,1.0,INE226H01026,Construction & Engineering,Equity
532712,RCOM,RELIANCE COMMUNICATIONS LTD.,Active,T,5.0,INE330H01018,Telecom Services,Equity
532713,SAKUMA,SAKUMA EXPORTS LTD.,Active,B,1.0,INE190H01024,,Equity
532714,KEC,KEC INTERNATIONAL LTD.,Active,A,2.0,INE389H01022,Heavy Electrical Equipment,Equity
532716,GILLANDERS,GILLANDERS ARBUTHNOT & CO.LTD.,Active,B,10.0,INE047B01011,Diversified,Equity
532717,INDOTECH,INDO TECH TRANSFORMERS LTD.,Active,B,10.0,INE332H01014,Heavy Electrical Equipment,Equity
532719,BLKASHYAP,B.L.KASHYAP AND SONS LTD.,Active,B,1.0,INE350H01032,Realty,Equity
532720,M&MFIN,MAHINDRA & MAHINDRA FINANCIAL,Active,A,2.0,INE774D01024,Finance (including NBFCs),Equity
532721,VISACHROME,VISA Chrome Limited,Active,B,10.0,INE286H01012,Iron & Steel/Interm.Products,Equity
532722,NITCO,NITCO LTD.,Active,B,10.0,INE858F01012,Furniture-Furnishing-Paints,Equity
532723,MPDL,MPDL LIMITED,Active,B,10.0,INE493H01014,Realty,Equity
532725,SOLARINDS,SOLAR INDUSTRIES INDIA LTD.,Active,A,2.0,INE343H01029,,Equity
532726,GALLANTT,GALLANTT ISPAT LIMITED,Active,A,10.0,INE297H01019,Iron & Steel/Interm.Products,Equity
532728,MALUPAPER,MALU PAPER MILLS LTD.,Active,B,10.0,INE383H01017,Paper & Paper Products,Equity
532729,UTTAMSUGAR,UTTAM SUGAR MILLS LTD.,Active,B,10.0,INE786F01031,Sugar,Equity
532730,SGL,STL GLOBAL LTD.,Active,B,10.0,INE353H01010,Textiles,Equity
532732,KKCL,KEWAL KIRAN CLOTHING LTD.,Active,B,10.0,INE401H01017,Other Apparels & Accessories,Equity
532733,SUNTV,SUN TV NETWORK LTD.,Active,A,5.0,INE424H01027,Broadcasting & Cable TV,Equity
532734,GPIL,GODAWARI POWER & ISPAT LTD.,Active,A,1.0,INE177H01039,,Equity
532735,RSYSTEMS,R SYSTEMS INTERNATIONAL LTD.,Active,B,1.0,INE411H01032,IT Consulting & Software,Equity
532737,EMKAY,EMKAY GLOBAL FINANCIAL SERVICE,Active,B,10.0,INE296H01011,Other Financial Services,Equity
532738,TICL,TwamevConstruction and Infrast,Active,T,1.0,INE388G01026,,Equity
532740,LOKESHMACH,LOKESH MACHINES LTD.,Active,T,10.0,INE397H01017,Industrial Machinery,Equity
532741,KAMDHENU,Kamdhenu Limited,Active,T,1.0,INE390H01020,,Equity
532742,PAUSHAKLTD,PAUSHAK LTD.,Active,B,5.0,INE111F01024,,Equity
532744,GTNTEX,GTN TEXTILES LTD.,Active,X,10.0,INE302H01017,Textiles,Equity
532745,INDICAP,INDITRADE CAPITAL LIMITED,Active,Z,10.0,INE347H01012,Other Financial Services,Equity
532748,PFOCUS,PRIME FOCUS LTD.,Active,B,1.0,INE367G01038,Movies & Entertainment,Equity
532749,ALLCARGO,ALLCARGO LOGISTICS LTD.,Active,B,2.0,INE418H01029,Transportation - Logistics,Equity
532754,GMRAIRPORT,GMR Airports Limited,Active,A,1.0,INE776C01039,Electric Utilities,Equity
532755,TECHM,TECH MAHINDRA LTD.,Active,A,5.0,INE669C01036,IT Consulting & Software,Equity
532756,CIEINDIA,CIE Automotive India Limited,Active,A,10.0,INE536H01010,Other Industrial Products,Equity
532757,VOLTAMP,VOLTAMP TRANSFORMERS LTD.,Active,A,10.0,INE540H01012,Heavy Electrical Equipment,Equity
532759,ATLANTAA,ATLANTAA LIMITED,Active,B,2.0,INE285H01022,Construction & Engineering,Equity
532761,HGM,HANDSON GLOBAL MANAGEMENT (HGM,Active,B,10.0,INE596H01014,BPO/KPO,Equity
532762,ACE,ACTION CONSTRUCTION EQUIPMENT,Active,A,2.0,INE731H01025,Transport Related Services,Equity
532764,GEECEE,GEECEE VENTURES LIMITED,Active,T,10.0,INE916G01016,Commodity Chemicals,Equity
532767,GAYAPROJ,GAYATRI PROJECTS LTD.,Active,T,2.0,INE336H01023,,Equity
532768,FIEMIND,FIEM INDUSTRIES LTD.,Active,B,10.0,INE737H01014,Auto Parts & Equipment,Equity
532771,JHS,JHS SVENDGAARD LABORATORIES LT,Active,B,10.0,INE544H01014,Personal Products,Equity
532772,DCBBANK,DCB BANK LIMITED,Active,A,10.0,INE503A01015,Banks,Equity
532773,GLOBALVECT,GLOBAL VECTRA HELICORP LTD.,Active,B,10.0,INE792H01019,Airlines,Equity
532774,INSPIRISYS,Inspirisys Solutions Limited,Active,T,10.0,INE020G01017,IT Consulting & Software,Equity
532775,GTLINFRA,GTL INFRASTRUCTURE LTD.,Active,B,10.0,INE221H01019,Telecom Equipment,Equity
532776,SHIVAMAUTO,SHIVAM AUTOTECH LTD.,Active,T,2.0,INE637H01024,Auto Parts & Equipment,Equity
532777,NAUKRI,INFO EDGE (INDIA) LTD.,Active,A,2.0,INE663F01032,,Equity
532779,TORNTPOWER,TORRENT POWER LTD.,Active,A,10.0,INE813H01021,Electric Utilities,Equity
532780,PARSVNATH,PARSVNATH DEVELOPERS LTD.,Active,T,5.0,INE561H01026,Realty,Equity
532782,SUTLEJTEX,SUTLEJ TEXTILES & INDUSTRIES L,Active,T,1.0,INE645H01027,,Equity
532783,LTFOODS,LT FOODS LTD.,Active,A,1.0,INE818H01020,,Equity
532784,SOBHA,SOBHA,Active,A,10.0,INE671H01015,Realty,Equity
532785,RUCHIRA,RUCHIRA PAPERS LTD.,Active,B,10.0,INE803H01014,Paper & Paper Products,Equity
532790,TANLA,TANLA PLATFORMS LIMITED,Active,A,1.0,INE483C01032,IT Software Products,Equity
532794,ZEEMEDIA,ZEE MEDIA CORPORATION LIMITED,Active,B,1.0,INE966H01019,Broadcasting & Cable TV,Equity
532795,SITINET,Siti Networks Ltd.,Active,Z,1.0,INE965H01011,Broadcasting & Cable TV,Equity
532796,LUMAXTECH,LUMAX AUTO TECHNOLOGIES LTD.,Active,A,2.0,INE872H01027,,Equity
532797,AUTOIND,AUTOLINE INDUSTRIES LTD.,Active,B,10.0,INE718H01014,Auto Parts & Equipment,Equity
532798,NETWORK18,NETWORK18 MEDIA & INVESTMENTS,Active,A,5.0,INE870H01013,Holding Companies,Equity
532799,HUBTOWN,HUBTOWN LTD.,Active,A,10.0,INE703H01016,Realty,Equity
532801,CTE,CAMBRIDGE TECHNOLOGY ENTERPRIS,Active,B,10.0,INE627H01017,IT Software Products,Equity
532804,TIIL,TECHNOCRAFT INDUSTRIES (INDIA),Active,B,10.0,INE545H01011,Iron & Steel Products,Equity
532805,REDINGTON,Redington Limited,Active,A,2.0,INE891D01026,Comm.Trading  & Distribution,Equity
532806,AICHAMP,AI CHAMPDANY INDUSTRIES LTD.,Active,XT,5.0,INE768E01024,Jute & Jute Products,Equity
532807,CINELINE,CINELINE INDIA LIMITED,Active,B,5.0,INE704H01022,Specialty Retail,Equity
532808,PGIL,PEARL GLOBAL INDUSTRIES LIMITE,Active,A,5.0,INE940H01022,,Equity
532809,FSL,FIRSTSOURCE SOLUTIONS LTD.,Active,A,10.0,INE684F01012,BPO/KPO,Equity
532810,PFC,POWER FINANCE CORPORATION LTD.,Active,A,10.0,INE134E01011,Finance (including NBFCs),Equity
532811,AHLUCONT,AHLUWALIA CONTRACTS (INDIA) LT,Active,A,2.0,INE758C01029,Realty,Equity
532812,TFL,TRANSWARRANTY FINANCE LTD.,Active,B,10.0,INE804H01012,Finance (including NBFCs),Equity
532814,INDIANB,INDIAN BANK,Active,A,10.0,INE562A01011,Banks,Equity
532815,SMSPHARMA,SMS PHARMACEUTICALS LTD.,Active,B,1.0,INE812G01025,Pharmaceuticals,Equity
532817,ORIENTALTL,ORIENTAL TRIMEX LTD.,Active,B,10.0,INE998H01012,Construction Materials,Equity
532820,ELAND,E-Land Apparel Limited,Active,X,10.0,INE311H01018,Textiles,Equity
532822,IDEA,VODAFONE IDEA  LIMITED,Active,A,10.0,INE669E01016,Telecom Services,Equity
532825,JAGJANANI,JAGJANANI TEXTILES LTD.,Active,X,10.0,INE702H01018,Textiles,Equity
532826,RAJTV,RAJ TELEVISION NETWORK LTD.,Active,B,5.0,INE952H01027,Broadcasting & Cable TV,Equity
532827,PAGEIND,PAGE INDUSTRIES LTD.,Active,A,10.0,INE761H01022,Other Apparels & Accessories,Equity
532828,AMDIND,AMD INDUSTRIES LTD.,Active,B,10.0,INE005I01014,Other Industrial Goods,Equity
532829,LEHAR,LEHAR FOOTWEARS LIMITED,Active,X,10.0,INE976H01018,Footwear,Equity
532830,ASTRAL,ASTRAL LIMITED,Active,A,1.0,INE006I01046,Plastic Products,Equity
532832,EMBDL,EMBASSY DEVELOPMENTS LIMITED,Active,A,2.0,INE069I01010,Realty,Equity
532834,CAMLINFINE,Camlin Fine Sciences Ltd,Active,B,1.0,INE052I01032,Specialty Chemicals,Equity
532835,ICRA,ICRA LTD.,Active,B,10.0,INE725G01011,Other Financial Services,Equity
532839,DISHTV,DISH TV INDIA LTD.,Active,B,1.0,INE836F01026,Broadcasting & Cable TV,Equity
532841,SAHYADRI,SAHYADRI INDUSTRIES LTD.,Active,B,10.0,INE280H01015,Cement & Cement Products,Equity
532842,SRHHYPOLTD,SREE RAYALASEEMA HI-STRENGTH H,Active,B,10.0,INE917H01012,Commodity Chemicals,Equity
532843,FORTIS,FORTIS HEALTHCARE LTD.,Active,A,10.0,INE061F01013,Healthcare Facilities,Equity
532845,TGBHOTELS,TGB BANQUETS AND HOTELS LTD.,Active,B,10.0,INE797H01018,Hotels,Equity
532847,HILTON,HILTON METAL FORGING LTD.,Active,B,10.0,INE788H01017,Other Industrial Products,Equity
532848,DELTACORP,DELTA CORP LTD.,Active,B,1.0,INE124G01033,Misc.Commercial Services,Equity
532850,MICEL,MIC ELECTRONICS LTD.,Active,T,2.0,INE287C01037,,Equity
532851,INSECTICID,INSECTICIDES (INDIA) LTD.,Active,B,10.0,INE070I01018,Agrochemicals,Equity
532853,ASAHISONG,ASAHI SONGWON COLORS LTD.,Active,T,10.0,INE228I01012,Specialty Chemicals,Equity
532855,HARYNACAP,HARYANA CAPFIN LTD.,Active,X,10.0,INE928H01019,Investment Companies,Equity
532856,TIMETECHNO,TIME TECHNOPLAST LTD.,Active,A,1.0,INE508G01029,Containers & Packaging,Equity
532859,HGS,HINDUJA GLOBAL SOLUTIONS LTD.,Active,B,10.0,INE170I01016,BPO/KPO,Equity
532864,NELCAST,NELCAST LTD.,Active,B,2.0,INE189I01024,Other Industrial Products,Equity
532866,QUINTEGRA,QUINTEGRA SOLUTIONS LTD.,Active,T,10.0,INE033B01011,IT Consulting & Software,Equity
532867,V2RETAIL,V2 RETAIL LTD.,Active,B,1.0,INE945H01021,,Equity
532868,DLF,DLF LTD.,Active,A,2.0,INE271C01023,Realty,Equity
532869,TARMAT,TARMAT LTD.,Active,B,10.0,INE924H01018,Construction Materials,Equity
532870,ANKITMETAL,ANKIT METAL & POWER LTD.,Active,Z,10.0,INE106I01010,Iron & Steel/Interm.Products,Equity
532872,SPARC,SUN PHARMA ADVANCED RESEARCH C,Active,B,1.0,INE232I01014,Pharmaceuticals,Equity
532873,HDIL,HOUSING DEVELOPMENT & INFRASTR,Active,Z,10.0,INE191I01012,Realty,Equity
532875,ADSL,ALLIED DIGITAL SERVICES LTD.,Active,B,5.0,INE102I01027,IT Consulting & Software,Equity
532878,ALPA,ALPA LABORATORIES LTD.,Active,B,10.0,INE385I01010,Biotechnology,Equity
532880,OMAXE,OMAXE LTD.,Active,B,10.0,INE800H01010,Realty,Equity
532884,REFEX,REFEX INDUSTRIES LTD.,Active,A,2.0,INE056I01025,,Equity
532885,CENTRALBK,CENTRAL BANK OF INDIA,Active,A,10.0,INE483A01010,Banks,Equity
532886,SELMC,SEL MANUFACTURING COMPANY LTD.,Active,B,10.0,INE105I01020,,Equity
532887,NEUEON,Neueon Corporation Limited,Active,T,1.0,INE333I01044,,Equity
532888,ASIANTILES,ASIAN GRANITO INDIA LTD.,Active,B,10.0,INE022I01019,Furniture-Furnishing-Paints,Equity
532889,KPRMILL,K.P.R.MILL LIMITED,Active,A,1.0,INE930H01031,,Equity
532890,TAKE,TAKE LIMITED,Active,B,1.0,INE142I01023,IT Consulting & Software,Equity
532891,PURVA,Puravankara Limited,Active,B,5.0,INE323I01011,Realty,Equity
532892,MOTILALOFS,MOTILAL OSWAL FINANCIAL SERVIC,Active,A,1.0,INE338I01027,Finance (including NBFCs),Equity
532893,VTMLTD,VTM LTD.,Active,B,1.0,INE222F01029,Textiles,Equity
532894,INDOWIND,INDOWIND ENERGY LTD.,Active,B,10.0,INE227G01018,Electric Utilities,Equity
532895,NAGREEKCAP,NAGREEKA CAPITAL & INFRASTRUCT,Active,B,5.0,INE245I01016,Investment Companies,Equity
532896,MAGNUM,MAGNUM VENTURES LTD.,Active,B,10.0,INE387I01016,Paper & Paper Products,Equity
532898,POWERGRID,POWER GRID CORPORATION OF INDI,Active,A,10.0,INE752E01010,Electric Utilities,Equity
532899,KSCL,KAVERI SEED COMPANY LTD.,Active,B,2.0,INE455I01029,Other Agricultural Products,Equity
532900,PAISALO,PAISALO DIGITAL LIMITED,Active,A,1.0,INE420C01059,,Equity
532902,CCCL,CONSOLIDATED CONSTRUCTION CONS,Active,B,2.0,INE429I01024,Realty,Equity
532904,SUPREMEINF,SUPREME INFRASTRUCTURE INDIA L,Active,B,10.0,INE550H01011,Construction & Engineering,Equity
532906,MAANALU,MAAN ALUMINIUM LTD.,Active,B,5.0,INE215I01027,,Equity
532907,IL&FSENGG,IL&FS ENGINEERING AND CONSTRUC,Active,Z,10.0,INE369I01014,Construction & Engineering,Equity
532911,PARLEIND,PARLE INDUSTRIES LIMITED,Active,XT,10.0,INE272G01014,IT Consulting & Software,Equity
532915,RELIGARE,RELIGARE ENTERPRISES LTD.,Active,A,10.0,INE621H01010,Other Financial Services,Equity
532916,BVCL,BARAK VALLEY CEMENTS LTD.,Active,B,10.0,INE139I01011,Cement & Cement Products,Equity
532918,RATHIBAR,RATHI BARS LTD.,Active,X,10.0,INE575I01016,Iron & Steel Products,Equity
532921,ADANIPORTS,ADANI PORTS AND SPECIAL ECONOM,Active,A,2.0,INE742F01042,Marine Port & Services,Equity
532922,EDELWEISS,EDELWEISS FINANCIAL SERVICES L,Active,A,1.0,INE532F01054,Other Financial Services,Equity
532923,RGL,RENAISSANCE GLOBAL LIMITED,Active,B,2.0,INE722H01024,,Equity
532924,KOLTEPATIL,KOLTE-PATIL DEVELOPERS LTD.,Active,B,10.0,INE094I01018,Realty,Equity
532925,KAUSHALYA,KAUSHALYA INFRASTRUCTURE DEVEL,Active,T,1000.0,INE234I01028,,Equity
532926,JYOTHYLAB,JYOTHY LABS LIMITED,Active,A,1.0,INE668F01031,Household Products,Equity
532927,ECLERX,ECLERX SERVICES LTD.,Active,A,10.0,INE738I01010,BPO/KPO,Equity
532928,TARIL,TRANSFORMERS AND RECTIFIERS (I,Active,A,1.0,INE763I01026,,Equity
532929,BRIGADE,BRIGADE ENTERPRISES LTD.,Active,A,10.0,INE791I01019,Realty,Equity
532930,BGRENERGY,BGR ENERGY SYSTEMS LTD.,Active,T,10.0,INE661I01014,Heavy Electrical Equipment,Equity
532931,BURNPUR,BURNPUR CEMENT LTD.,Active,T,10.0,INE817H01022,,Equity
532932,MANAKSIA,MANAKSIA LTD.,Active,B,2.0,INE015D01022,Containers & Packaging,Equity
532933,PORWAL,PORWAL AUTO COMPONENTS LTD.,Active,X,10.0,INE386I01018,Auto Parts & Equipment,Equity
532934,PPAP,PPAP,Active,T,10.0,INE095I01015,Auto Parts & Equipment,Equity
532935,ARIES,ARIES AGRO LTD.,Active,B,10.0,INE298I01015,Fertilizers,Equity
532937,KUANTUM,KUANTUM PAPERS LTD.,Active,B,1.0,INE529I01021,,Equity
532939,RPOWER,RELIANCE POWER LTD.,Active,A,10.0,INE614G01033,Electric Utilities,Equity
532940,JKIL,J.KUMAR INFRAPROJECTS LTD.,Active,B,5.0,INE576I01022,Construction & Engineering,Equity
532941,CORDSCABLE,CORDS CABLE INDUSTRIES LTD.,Active,T,10.0,INE792I01017,Other Elect.Equip./ Prod.,Equity
532942,KNRCON,KNR CONSTRUCTIONS LTD.,Active,A,2.0,INE634I01029,,Equity
532944,ONMOBILE,ONMOBILE,Active,T,10.0,INE809I01019,Other Telecom Services,Equity
532945,SEPC,SEPC LIMITED,Active,B,10.0,INE964H01014,Construction & Engineering,Equity
532946,BANG,BANG OVERSEAS LTD.,Active,B,10.0,INE863I01016,Other Apparels & Accessories,Equity
532947,IRB,IRB INFRASTRUCTURE DEVELOPERS,Active,A,1.0,INE821I01022,,Equity
532951,GSS,GSS INFOTECH LTD.,Active,B,10.0,INE871H01011,IT Consulting & Software,Equity
532952,NAHARCAP,NAHAR CAPITAL & FINANCIAL SERV,Active,B,5.0,INE049I01012,Investment Companies,Equity
532953,VGUARD,V-GUARD INDUSTRIES LTD.,Active,A,1.0,INE951I01027,,Equity
532955,RECLTD,REC LIMITED,Active,A,10.0,INE020B01018,Finance (including NBFCs),Equity
532957,GOKAKTEX,GOKAK TEXTILES LTD.,Active,X,10.0,INE642I01014,Textiles,Equity
532966,TITAGARH,TITAGARH RAIL SYSTEMS LIMITED,Active,A,2.0,INE615H01020,Commercial Vehicles,Equity
532967,KIRIINDUS,KIRI INDUSTRIES LTD.,Active,A,10.0,INE415I01015,Specialty Chemicals,Equity
532974,BIRLAMONEY,ADITYA BIRLA MONEY LTD.,Active,B,1.0,INE865C01022,Other Financial Services,Equity
532975,TELOGICA,TELOGICA LIMITED,Active,XT,5.0,INE778I01024,Telecom Equipment,Equity
532976,JAIBALAJI,JAI BALAJI INDUSTRIES LTD.,Active,A,2.0,INE091G01026,,Equity
532977,BAJAJ-AUTO,BAJAJ AUTO LTD.,Active,A,10.0,INE917I01010,2/3 Wheelers,Equity
532978,BAJAJFINSV,BAJAJ FINSERV LTD.,Active,A,1.0,INE918I01026,,Equity
532980,GOKUL,GOKUL REFOILS & SOLVENT LTD.,Active,B,2.0,INE020J01029,Edible Oils,Equity
532983,RPGLIFE,RPG LIFE SCIENCES LTD.,Active,B,8.0,INE105J01010,Pharmaceuticals,Equity
532986,NIRAJ,NIRAJ CEMENT STRUCTURALS LTD.,Active,B,10.0,INE368I01016,Construction & Engineering,Equity
532989,BAFNAPH,BAFNA PHARMACEUTICALS LTD.,Active,T,10.0,INE878I01022,,Equity
532992,CHLLTD,CHL LTD.,Active,X,2.0,INE790D01020,Hotels,Equity
532993,SEJALLTD,SEJAL GLASS LIMITED,Active,B,10.0,INE955I01044,,Equity
532994,ARCHIDPLY,ARCHIDPLY INDUSTRIES LTD.,Active,B,10.0,INE877I01016,Forest Products,Equity
532998,LOTUSEYE,Lotus Eye Hospital And Institu,Active,B,10.0,INE947I01017,Healthcare Facilities,Equity
533001,SOMICONVEY,SOMI CONVEYOR BELTINGS LTD.,Active,B,10.0,INE323J01019,Industrial Machinery,Equity
533006,BIRLACOT,BIRLA COTSYN (INDIA) LTD.,Active,XT,1.0,INE655I01032,,Equity
533007,LGBFORGE,LGB FORGE LTD.,Active,XT,1.0,INE201J01017,Other Industrial Products,Equity
533012,LPDC,LANDMARK PROPERTY DEVELOPMENT,Active,B,1.0,INE197J01017,Realty,Equity
533014,SICAGEN,SICAGEN INDIA LTD.,Active,B,10.0,INE176J01011,Comm.Trading  & Distribution,Equity
533018,SIMPLXMIL,SIMPLEX MILLS COMPANY LTD.,Active,XT,1000.0,INE457H01027,,Equity
533019,SIMPLXPAP,SIMPLEX PAPERS LTD.,Active,X,1000.0,INE456H01029,,Equity
533022,20MICRONS,20 MICRONS LTD.,Active,B,5.0,INE144J01027,Mining,Equity
533023,ZFCVINDIA,ZF Commercial Vehicle Control,Active,A,5.0,INE342J01019,Auto Parts & Equipment,Equity
533029,ALKALI,ALKALI METALS LTD.,Active,T,10.0,INE773I01017,Specialty Chemicals,Equity
533033,ISGEC,ISGEC HEAVY ENGINEERING LTD.,Active,B,1.0,INE858B01029,,Equity
533047,IMFA,INDIAN METALS & FERRO ALLOYS L,Active,A,10.0,INE919H01018,Iron & Steel/Interm.Products,Equity
533048,TPHQ,Teamo Productions HQ Limited,Active,T,1.0,INE065J01024,,Equity
533056,VEDAVAAG,VEDAVAAG SYSTEMS LTD.,Active,B,10.0,INE359B01010,Internet Software & Services,Equity
533080,MOLDTKPAC,MOLD-TEK PACKAGING LIMITED,Active,B,5.0,INE893J01029,,Equity
533088,MHRIL,MAHINDRA HOLIDAYS & RESORTS IN,Active,B,10.0,INE998I01010,Hotels,Equity
533090,LANDSMILL,Landsmill Green Limited,Active,B,1.0,INE688J01023,,Equity
533093,ROML,RAJ OIL MILLS LTD.,Active,B,10.0,INE294G01026,,Equity
533095,BENGALASM,BENGAL & ASSAM COMPANY LTD.,Active,B,10.0,INE083K01017,Finance (including NBFCs),Equity
533096,ADANIPOWER,ADANI POWER LTD.,Active,A,2.0,INE814H01029,,Equity
533098,NHPC,NHPC LTD.,Active,A,10.0,INE848E01016,Electric Utilities,Equity
533101,SURYAAMBA,SURYAAMBA SPINNING MILLS LTD.,Active,X,10.0,INE360J01011,Textiles,Equity
533104,GLOBUSSPR,GLOBUS SPIRITS LTD.,Active,B,10.0,INE615I01010,Breweries & Distilleries,Equity
533106,OIL,OIL INDIA LTD.,Active,A,10.0,INE274J01014,Exploration & Production,Equity
533107,SWANDEF,SWAN DEFENCE AND HEAVY INDUSTR,Active,T,10.0,INE542F01020,,Equity
533108,BTTL,BHILWARA TECHNICAL TEXTILES LT,Active,T,1.0,INE274K01012,Textiles,Equity
533110,SPSL,SHREE PRECOATED STEELS LTD.,Active,X,10.0,INE318K01025,,Equity
533121,EXPLEOSOL,EXPLEO SOLUTIONS LIMITED,Active,B,10.0,INE201K01015,IT Consulting & Software,Equity
533122,RTNPOWER,RATTANINDIA POWER LTD.,Active,A,10.0,INE399K01017,Electric Utilities,Equity
533137,DEN,DEN NETWORKS LTD,Active,B,10.0,INE947J01015,Broadcasting & Cable TV,Equity
533138,ASTEC,ASTEC LIFESCIENCES LIMITED,Active,B,10.0,INE563J01010,Agrochemicals,Equity
533146,DLINKINDIA,D-LINK (INDIA) LTD,Active,B,2.0,INE250K01012,IT Networking Equipment,Equity
533148,JSWENERGY,JSW ENERGY LTD,Active,A,10.0,INE121E01018,Electric Utilities,Equity
533149,YUNIKM,Yunik Managing Advisors Limite,Active,X,10.0,INE143K01019,Other Financial Services,Equity
533150,GODREJPROP,GODREJ PROPERTIES LTD,Active,A,5.0,INE484J01027,Realty,Equity
533151,DBCORP,D B CORP LTD,Active,B,10.0,INE950I01011,Publishing,Equity
533152,MBLINFRA,MBL Infrastructure Ltd,Active,B,10.0,INE912H01013,Construction & Engineering,Equity
533155,JUBLFOOD,JUBILANT FOODWORKS LTD,Active,A,2.0,INE797F01020,,Equity
533156,VASCONEQ,VASCON ENGINEERS LTD,Active,B,10.0,INE893I01013,Realty,Equity
533158,THANGAMAYL,THANGAMAYIL JEWELLERY LTD,Active,A,10.0,INE085J01014,Other Apparels & Accessories,Equity
533160,DBREALTY,VALOR ESTATE LIMITED,Active,A,10.0,INE879I01012,Realty,Equity
533161,EMMBI,EMMBI INDUSTRIES LTD,Active,T,10.0,INE753K01015,Containers & Packaging,Equity
533162,HATHWAY,HATHWAY CABLE & DATACOM LTD,Active,B,2.0,INE982F01036,Broadcasting & Cable TV,Equity
533164,TEXMOPIPES,TEXMO PIPES & PRODUCTS LTD.,Active,B,10.0,INE141K01013,Plastic Products,Equity
533166,SUNDARAM,SUNDARAM MULTI PAP LTD.,Active,B,1.0,INE108E01023,Comm.Printing/Stationery,Equity
533167,COROENGG,COROMANDEL ENGINEERING COMPANY,Active,X,10.0,INE312J01012,Construction & Engineering,Equity
533168,ROSSELLIND,ROSSELL INDIA LTD.,Active,B,2.0,INE847C01020,Tea & Coffee,Equity
533169,MANINFRA,MAN INFRACONSTRUCTION LTD.,Active,B,2.0,INE949H01023,Construction & Engineering,Equity
533170,TAMBOLIIN,TAMBOLI INDUSTRIES LIMITED,Active,T,10.0,INE864J01012,Investment Companies,Equity
533177,IL&FSTRANS,IL&FS TRANSPORTATION NETWORKS,Active,Z,10.0,INE975G01012,Roads & Highways,Equity
533179,PERSISTENT,PERSISTENT SYSTEMS LTD.,Active,A,5.0,INE262H01021,,Equity
533181,ISFT,INTRASOFT TECHNOLOGIES LTD.,Active,B,10.0,INE566K01011,Internet Software & Services,Equity
533192,KCPSUGIND,KCP SUGAR & INDUSTRIES CORPORA,Active,T,1.0,INE790B01024,Sugar,Equity
533193,KECL,KIRLOSKAR ELECTRIC COMPANY LTD,Active,B,10.0,INE134B01017,Other Elect.Equip./ Prod.,Equity
533202,SATCH,SATCHMO HOLDINGS LIMITED,Active,X,10.0,INE639K01016,Realty,Equity
533203,TARAPUR,TARAPUR TRANSFORMERS LTD,Active,B,10.0,INE747K01017,Heavy Electrical Equipment,Equity
533206,SJVN,SJVN LTD,Active,A,10.0,INE002L01015,Electric Utilities,Equity
533208,EMAMIPAP,EMAMI PAPER MILLS LTD.,Active,T,2.0,INE830C01026,Paper & Paper Products,Equity
533210,KRITINUT,KRITI NUTRIENTS LTD,Active,B,1.0,INE798K01010,Edible Oils,Equity
533212,GKB,GKB OPHTHALMICS LTD.,Active,B,10.0,INE265D01015,Healthcare Services,Equity
533217,HMVL,HINDUSTAN MEDIA VENTURES LTD.,Active,T,10.0,INE871K01015,Publishing,Equity
533218,EMAMIREAL,EMAMI REALTY LIMITED,Active,B,2.0,INE778K01012,Realty,Equity
533221,AHLWEST,ASIAN HOTELS (WEST) LTD.,Active,T,10.0,INE915K01010,Hotels,Equity
533227,AHLEAST,ASIAN HOTELS (EAST) LTD.,Active,B,10.0,INE926K01017,Hotels,Equity
533229,BAJAJCON,BAJAJ CONSUMER CARE LIMITED,Active,A,1.0,INE933K01021,Personal Products,Equity
533239,PRAKASHSTL,PRAKASH STEELAGE LTD.,Active,B,1.0,INE696K01024,,Equity
533248,GPPL,GUJARAT PIPAVAV PORT LTD.,Active,A,10.0,INE517F01014,Marine Port & Services,Equity
533252,WELINV,WELSPUN INVESTMENTS AND COMMER,Active,T,10.0,INE389K01018,Other Financial Services,Equity
533257,WAAREEINDO,INDOSOLAR LTD.,Active,B,10.0,INE866K01023,,Equity
533259,HEALTHX,HEALTH X PLATFORM LIMITED,Active,B,10.0,INE019J01013,Other Financial Services,Equity
533260,CPCAP,CP CAPITAL LIMITED,Active,B,10.0,INE521J01018,Education,Equity
533262,RAMKY,RAMKY INFRASTRUCTURE LTD.,Active,B,10.0,INE874I01013,Construction & Engineering,Equity
533263,GREENPOWER,ORIENT GREEN POWER COMPANY LTD,Active,B,10.0,INE999K01014,Electric Utilities,Equity
533267,CANTABIL,CANTABIL RETAIL INDIA LTD.,Active,B,2.0,INE068L01024,,Equity
533268,SEATV,SEA TV NETWORK LTD.,Active,X,10.0,INE351L01016,Broadcasting & Cable TV,Equity
533269,WABAG,VA TECH WABAG LTD.,Active,A,2.0,INE956G01038,Utilities:Non-Elec.,Equity
533270,BEDMUTHA,BEDMUTHA INDUSTRIES LTD.,Active,B,10.0,INE844K01012,Iron & Steel Products,Equity
533271,ASHOKA,ASHOKA BUILDCON LTD.,Active,A,5.0,INE442H01029,Roads & Highways,Equity
533272,JWL,JUPITER WAGONS LIMITED,Active,A,10.0,INE209L01016,Commercial Vehicles,Equity
533273,OBEROIRLTY,OBEROI REALTY LTD.,Active,A,10.0,INE093I01010,Realty,Equity
533274,PRESTIGE,PRESTIGE ESTATES PROJECTS LTD.,Active,A,10.0,INE811K01011,Realty,Equity
533275,SHAH,SHAH METACORP LIMITED,Active,B,1.0,INE482J01021,,Equity
533278,COALINDIA,COAL INDIA LTD.,Active,A,10.0,INE522F01014,Coal,Equity
533282,GRAVITA,GRAVITA INDIA LTD.,Active,A,2.0,INE024L01027,Other Non-Ferrous Metals,Equity
533284,RPPINFRA,RPP INFRA PROJECTS LTD.,Active,B,10.0,INE324L01013,Construction & Engineering,Equity
533285,RDBIPL,RDB INFRASTRUCTURE AND POWER L,Active,B,1.0,INE245L01028,,Equity
533286,MOIL,MOIL LTD.,Active,A,10.0,INE490G01020,Mining,Equity
533287,ZEELEARN,ZEE LEARN LTD.,Active,T,1.0,INE565L01011,Education,Equity
533289,KTIL,KESAR TERMINALS & INFRASTRUCTU,Active,X,5.0,INE096L01025,,Equity
533292,A2ZINFRA,A2Z INFRA ENGINEERING LIMITED,Active,B,10.0,INE619I01012,Utilities:Non-Elec.,Equity
533293,KIRLOSENG,KIRLOSKAR OIL ENGINES LTD.,Active,A,2.0,INE146L01010,Auto Parts & Equipment,Equity
533294,RKDL,RAVI KUMAR DISTILLERIES LTD.,Active,B,10.0,INE722J01012,Breweries & Distilleries,Equity
533295,PSB,PUNJAB & SIND BANK,Active,B,10.0,INE608A01012,Banks,Equity
533296,FMNL,FUTURE MARKET NETWORKS LTD.,Active,B,10.0,INE360L01017,Department Stores,Equity
533298,SURANASOL,SURANA SOLAR LTD.,Active,B,5.0,INE272L01022,Other Elect.Equip./ Prod.,Equity
533301,SHEKHAWATI,SHEKHAWATI INDUSTRIES LIMITED,Active,T,10.0,INE268L01046,,Equity
533302,KICL,KALYANI INVESTMENT COMPANY LTD,Active,B,10.0,INE029L01018,Investment Companies,Equity
533303,BFINVEST,BF INVESTMENT LTD.,Active,B,5.0,INE878K01010,Investment Companies,Equity
533306,SUMMITSEC,SUMMIT SECURITIES LTD.,Active,B,10.0,INE519C01017,Investment Companies,Equity
533315,INOVSYNTH,INNOVASSYNTH TECHNOLOGIES (IND,Active,XT,10.0,INE690J01011,Holding Companies,Equity
533316,STEL,STEL HOLDINGS LIMITED,Active,B,10.0,INE577L01016,Holding Companies,Equity
533326,TEXRAIL,TEXMACO RAIL & ENGINEERING LTD,Active,A,1.0,INE621L01012,Construction & Engineering,Equity
533329,INDTERRAIN,INDIAN TERRAIN FASHIONS LTD.,Active,B,2.0,INE611L01021,Other Apparels & Accessories,Equity
533333,FCL,FINEOTEX CHEMICAL LTD.,Active,B,1.0,INE045J01034,,Equity
533336,DHUNINV,DHUNSERI INVESTMENTS LTD.,Active,B,10.0,INE320L01011,Investment Companies,Equity
533339,ZENTEC,ZEN TECHNOLOGIES LTD.,Active,A,1.0,INE251B01027,IT Software Products,Equity
533343,LOVABLE,LOVABLE LINGERIE LTD.,Active,B,10.0,INE597L01014,Other Apparels & Accessories,Equity
533344,PFS,PTC INDIA FINANCIAL SERVICES L,Active,B,10.0,INE560K01014,Finance (including NBFCs),Equity
533398,MUTHOOTFIN,MUTHOOT FINANCE LTD.,Active,A,10.0,INE414G01012,Finance (including NBFCs),Equity
533400,FCONSUMER,Future Consumer Limited,Active,Z,6.0,INE220J01025,Packaged Foods,Equity
533407,TRUEGREEN,TRUE GREEN BIO ENERGY LIMITED,Active,XT,10.0,INE672K01025,Textiles,Equity
533427,VMS,VMS INDUSTRIES LTD.,Active,X,10.0,INE932K01015,Marine Port & Services,Equity
533451,KARMAENG,KARMA ENERGY LTD.,Active,B,10.0,INE725L01011,Electric Utilities,Equity
533452,DELPHIFX,DELPHI WORLD MONEY LIMITED,Active,T,2.0,INE726L01027,,Equity
533470,RUSHIL,RUSHIL DECOR LTD.,Active,B,1.0,INE573K01025,,Equity
533477,ENKEIWHEL,ENKEI WHEELS (INDIA) LTD.,Active,B,5.0,INE130L01014,Auto Parts & Equipment,Equity
533482,KRIDHANINF,KRIDHAN INFRA LIMITED,Active,T,2.0,INE524L01026,Construction & Engineering,Equity
533499,BGLOBAL,BHARATIYA GLOBAL INFOMEDIA LTD,Active,Z,10.0,INE224M01013,IT Consulting & Software,Equity
533506,INVENTURE,INVENTURE GROWTH & SECURITIES,Active,B,1.0,INE878H01024,,Equity
533519,LTF,L&T Finance Limited,Active,A,10.0,INE498L01015,Finance (including NBFCs),Equity
533520,IBULLSLTD,Indiabulls Limited,Active,B,2.0,INE126M01010,Comm.Trading  & Distribution,Equity
533540,TREEHOUSE,TREE HOUSE EDUCATION & ACCESSO,Active,B,10.0,INE040M01013,Education,Equity
533543,BROOKS,BROOKS LABORATORIES LTD.,Active,T,10.0,INE650L01011,Pharmaceuticals,Equity
533552,RUPA,RUPA & COMPANY LTD.,Active,B,1.0,INE895B01021,Other Apparels & Accessories,Equity
533553,TDPOWERSYS,T D POWER SYSTEMS LTD.,Active,A,1.0,INE419M01035,,Equity
533573,APLLTD,ALEMBIC PHARMACEUTICALS LTD.,Active,A,2.0,INE901L01018,Pharmaceuticals,Equity
533576,VASWANI,VASWANI INDUSTRIES LTD.,Active,B,10.0,INE590L01019,Iron & Steel/Interm.Products,Equity
533581,PGEL,PG ELECTROPLAST LTD.,Active,A,1.0,INE457L01029,,Equity
533602,LESHAIND,LESHA INDUSTRIES LTD.,Active,X,1.0,INE050L01048,,Equity
533605,SETUINFRA,SETUBANDHAN INFRASTRUCTURE LIM,Active,Z,1.0,INE023M01027,Construction & Engineering,Equity
533608,RDBRL,RDB RASAYANS LTD.,Active,X,10.0,INE123M01017,Plastic Products,Equity
533629,TIJARIA,TIJARIA POLYPIPES LTD.,Active,B,10.0,INE440L01017,Plastic Products,Equity
533632,ONELIFECAP,ONELIFE CAPITAL ADVISORS LTD.,Active,T,10.0,INE912L01015,Investment Companies,Equity
533638,FLEXITUFF,FLEXITUFF VENTURES INTERNATION,Active,T,10.0,INE060J01017,Plastic Products,Equity
533644,UEL,UJAAS ENERGY LIMITED,Active,B,1.0,INE899L01030,,Equity
533655,TRITURBINE,TRIVENI TURBINE LTD.,Active,A,1.0,INE152M01016,Heavy Electrical Equipment,Equity
533676,INDOTHAI,INDO THAI SECURITIES LTD.,Active,B,1.0,INE337M01021,,Equity
533704,ESSARSHPNG,ESSAR SHIPPING LTD.,Active,B,10.0,INE122M01019,Shipping,Equity
533758,APLAPOLLO,APL APOLLO TUBES LTD.,Active,A,2.0,INE702C01027,,Equity
533761,GPTINFRA,GPT INFRAPROJECTS LTD.,Active,B,10.0,INE390G01014,Construction & Engineering,Equity
533896,FERVENTSYN,FERVENT SYNERGIES LTD.,Active,X,10.0,INE258M01011,Pharmaceuticals,Equity
533941,THOMASCOTT,THOMAS SCOTT (INDIA) LIMITED,Active,B,10.0,INE480M01011,Other Apparels & Accessories,Equity
533982,TERASOFT,TERA SOFTWARE LTD.,Active,B,10.0,INE482B01010,IT Consulting & Software,Equity
534060,PMCFIN,PMC FINCORP LIMITED,Active,X,1.0,INE793G01035,Finance (including NBFCs),Equity
534063,FUTSOL,FUTURISTIC SOLUTIONS LTD.,Active,X,10.0,INE241F01011,Other Financial Services,Equity
534064,AIML,ALLIANCE INTEGRATED METALIKS L,Active,XT,1.0,INE123D01024,,Equity
534076,RHIM,RHI MAGNESITA INDIA LIMITED,Active,A,1.0,INE743M01012,Other Industrial Goods,Equity
534091,MCX,MULTI COMMODITY EXCHANGE OF IN,Active,A,2.0,INE745G01043,,Equity
534109,PYXISFIN,Pyxis Finvest Limited,Active,MT,10.0,INE883L01018,Finance (including NBFCs),Equity
534139,SCHNEIDER,SCHNEIDER ELECTRIC INFRASTRUCT,Active,A,2.0,INE839M01018,Heavy Electrical Equipment,Equity
534190,OLPCL,OLYMPIC CARDS LTD.,Active,X,10.0,INE550L01013,Gift Articles-Toys & Cards,Equity
534309,NBCC,NBCC (India) Limited,Active,A,1.0,INE095N01031,,Equity
534312,MTEDUCARE,MT EDUCARE LTD.,Active,T,10.0,INE472M01018,Education,Equity
534328,HEXATRADEX,HEXA TRADEX LTD.,Active,B,2.0,INE750M01017,Comm.Trading  & Distribution,Equity
534338,MAXHEIGHTS,Max heights Infrastucture Ltd,Active,X,10.0,INE393F01010,Realty,Equity
534369,TBZ,TRIBHOVANDAS BHIMJI ZAVERI LTD,Active,B,10.0,INE760L01018,Other Apparels & Accessories,Equity
534392,VSSL,VARDHMAN SPECIAL STEELS LTD.,Active,B,10.0,INE050M01012,Iron & Steel Products,Equity
534422,LOOKS,LOOKS HEALTH SERVICES LIMITED,Active,XT,10.0,INE204N01013,Healthcare Facilities,Equity
534425,SPECIALITY,SPECIALITY RESTAURANTS LTD.,Active,T,10.0,INE247M01014,Restaurants,Equity
534532,AURUS,AURUS GEM CORPORATION LIMITED,Active,B,10.0,INE142K01011,Other Apparels & Accessories,Equity
534535,META,STRING METAVERSE LIMITED,Active,T,1.0,INE958L01034,,Equity
534597,RTNINDIA,RATTANINDIA ENTERPRISES LIMITE,Active,B,2.0,INE834M01019,Electric Utilities,Equity
534598,SAMPANN,Sampann Utpadan India Limited,Active,B,10.0,INE735M01018,Electric Utilities,Equity
534600,JTLIND,JTL INDUSTRIES LIMITED,Active,B,1.0,INE391J01032,,Equity
534612,AMTL,ADVANCE METERING TECHNOLOGY LT,Active,X,5.0,INE436N01029,Electric Utilities,Equity
534615,NECCLTD,NORTH EASTERN CARRYING CORPORA,Active,T,10.0,INE553C01016,Transportation - Logistics,Equity
534618,WAAREERTL,WAAREE RENEWABLE TECHNOLOGIES,Active,A,2.0,INE299N01021,,Equity
534623,JUPITERIN,JUPITER INFOMEDIA LTD.,Active,X,10.0,INE524N01014,Internet & Catalogue Retail,Equity
534639,VINAYAKPOL,VINAYAK POLYCON INTERNATIONAL,Active,X,10.0,INE581M01016,Containers & Packaging,Equity
534659,JOINTECAED,JOINTECA EDUCATION SOLUTIONS L,Active,MT,10.0,INE131N01018,IT Consulting & Software,Equity
534674,DUCON,Ducon Infratechnologies Ltd,Active,B,1.0,INE741L01018,Comm.Trading  & Distribution,Equity
534675,PROZONER,PROZONE REALTY LIMITED,Active,B,2.0,INE195N01013,Realty,Equity
534680,SRGHFL,SRG HOUSING FINANCE LTD.,Active,B,10.0,INE559N01010,Housing Finance,Equity
534691,COMCL,COMFORT COMMOTRADE LTD.,Active,X,10.0,INE456N01019,Other Financial Services,Equity
534708,SHANTIGURU,SHANTI GURU INDUSTRIES LIMITED,Active,M,10.0,INE892L01019,Department Stores,Equity
534732,CASPIAN,CASPIAN CORPORATE SERVICES LIM,Active,X,10.0,INE176N01039,,Equity
534733,AERPACE,Aerpace Industries Limited,Active,XT,1.0,INE175N01023,Iron & Steel/Interm.Products,Equity
534741,VIRTUALG,VIRTUAL GLOBAL EDUCATION LTD.,Active,B,1.0,INE247C01023,Education,Equity
534742,ZUARI,ZUARI AGRO CHEMICALS LTD.,Active,B,10.0,INE840M01016,Fertilizers,Equity
534748,STEELXIND,STEEL EXCHANGE INDIA LTD.,Active,B,1.0,INE503B01021,,Equity
534755,TRIOMERC,TRIO MERCANTILE & TRADING LTD.,Active,XT,2.0,INE234G01022,,Equity
534796,CDG,CDG PETCHEM LIMITED,Active,XT,10.0,INE198N01017,Plastic Products,Equity
534804,CARERATING,CARE Ratings Limited,Active,A,10.0,INE752H01013,Other Financial Services,Equity
534809,PCJEWELLER,PC JEWELLER LTD.,Active,A,1.0,INE785M01021,,Equity
534816,INDUSTOWER,INDUS TOWERS LIMITED,Active,A,10.0,INE121J01017,Other Telecom Services,Equity
534920,ISERA,iSERA LIFESCIENCES LIMITED,Active,XT,10.0,INE899M01020,,Equity
534976,VMART,V-MART RETAIL LTD.,Active,A,10.0,INE665J01013,Department Stores,Equity
535136,NIBE,NIBE LIMITED,Active,B,10.0,INE149O01018,Textiles,Equity
535204,MUKTA,Mukta Agriculture Limited,Active,X,10.0,INE160O01031,,Equity
535205,MYSTICELE,Mystic Electronics Limited,Active,X,10.0,INE159O01033,,Equity
535267,COMFINCAP,COMFORT FINCAP LTD.,Active,X,2.0,INE274M01026,,Equity
535279,BMAL,BOTHRA METALS & ALLOYS LTD.,Active,M,10.0,INE583M01012,Aluminium,Equity
535322,REPCOHOME,REPCO HOME FINANCE LTD.,Active,B,10.0,INE612J01015,Housing Finance,Equity
535387,LAKHOTIA,LAKHOTIA POLYESTERS (INDIA) LT,Active,X,10.0,INE191O01010,Textiles,Equity
535431,GCMSECU,GCM SECURITIES LTD,Active,B,1.0,INE168O01026,Other Financial Services,Equity
535458,NIBL,NRB INDUSTRIAL BEARINGS LTD.,Active,B,2.0,INE047O01014,Other Industrial Goods,Equity
535514,PRIMECAPM,PRIME CAPITAL MARKET LTD.,Active,XT,10.0,INE748D01010,Finance (including NBFCs),Equity
535566,KIFS,KIFS FINANCIAL SERVICES LTD.,Active,X,10.0,INE902D01013,Finance (including NBFCs),Equity
535601,SREEL,SREELEATHERS LTD.,Active,B,10.0,INE099F01013,Footwear,Equity
535602,SHARDAMOTR,SHARDA MOTOR INDUSTRIES LTD,Active,B,2.0,INE597I01028,,Equity
535620,BINNYMILLS,BINNY MILLS LTD.,Active,XT,10.0,INE160L01011,Comm.Trading  & Distribution,Equity
535621,SVGLOBAL,S V GLOBAL MILL LTD.,Active,B,5.0,INE159L01013,Realty,Equity
535647,SDC,SDC TECHMEDIA LIMITED,Active,MT,10.0,INE807O01011,Movies & Entertainment,Equity
535648,JUSTDIAL,JUST DIAL LTD.,Active,A,10.0,INE599M01018,Publishing,Equity
535657,OONE,OBJECTONE INFORMATION SYSTEMS,Active,X,10.0,INE860E01011,IT Consulting & Software,Equity
535667,IFINSEC,INDIA FINSEC LTD.,Active,X,10.0,INE474O01010,Finance (including NBFCs),Equity
535693,BRAHMINFRA,BRAHMAPUTRA INFRASTRUCTURE LTD,Active,B,10.0,INE320I01017,Construction & Engineering,Equity
535719,AMPVOLTS,AMPVOLTS LIMITED,Active,X,10.0,INE989J01017,IT Consulting & Software,Equity
535730,KHOOBSURAT,KHOOBSURAT LTD,Active,X,1.0,INE731G01027,Textiles,Equity
535754,ORIENTCEM,ORIENT CEMENT LTD,Active,B,1.0,INE876N01018,Cement & Cement Products,Equity
535755,ABFRL,Aditya Birla Fashion and Retai,Active,A,10.0,INE647O01011,Department Stores,Equity
535789,SAMMAANCAP,Sammaan Capital Limited,Active,A,2.0,INE148I01020,Housing Finance,Equity
535910,MMLF,MONEY MASTERS LEASING & FINANC,Active,B,1.0,INE340O01021,,Equity
535916,ALSL,ALACRITY SECURITIES LTD,Active,B,10.0,INE030P01017,Other Financial Services,Equity
535917,GCMCOMM,GCM COMMODITY & DERIVATIVES LT,Active,M,10.0,INE200P01016,Other Financial Services,Equity
535958,ESSENTIA,Integra Essentia Limited,Active,B,1.0,INE418N01035,,Equity
536073,JULIEN,JULIEN AGRO INFRATECH LIMITED,Active,X,5.0,INE890N01027,,Equity
536264,TIGERLOGS,TIGER LOGISTICS (INDIA) LTD,Active,B,1.0,INE906O01029,,Equity
536493,JKAGRI,JK AGRI GENETICS LTD,Active,X,10.0,INE690O01011,Other Agricultural Products,Equity
536507,FLFL,FUTURE LIFESTYLE FASHIONS LTD,Active,Z,2.0,INE452O01016,Department Stores,Equity
536565,NOVELIX,NOVELIX PHARMACEUTICALS LIMITE,Active,XT,10.0,INE314I01036,Food & Drugs Retailing,Equity
536659,PVVINFRA,PVV Infra Limited,Active,X,5.0,INE428B01021,,Equity
536672,VCU,VCU DATA MANAGEMENT LTD,Active,X,10.0,INE962O01014,IT Networking Equipment,Equity
536709,INDRENEW,IND Renewable Energy Ltd,Active,Z,10.0,INE138O01029,,Equity
536710,SRGFFL,SRG FINGROW FINANCE LIMITED,Active,M,10.0,INE326P01019,Finance (including NBFCs),Equity
536737,ACFSL,AMRAPALI CAPITAL AND FINANCE S,Active,MT,10.0,INE218P01018,Finance (including NBFCs),Equity
536738,STELLAR,STELLAR CAPITAL SERVICES LTD,Active,M,10.0,INE325P01011,Other Financial Services,Equity
536773,JPOLYINVST,JINDAL POLY INVESTMENT AND FIN,Active,B,10.0,INE147P01019,Other Financial Services,Equity
536846,YURANUS,YURANUS INFRASTRUCTURE LTD,Active,XT,10.0,INE156M01017,,Equity
536965,BPCAP,B. P. CAPITAL LTD,Active,XT,10.0,INE947C01010,Finance (including NBFCs),Equity
536974,CPL,CAPTAIN POLYPLAST LTD,Active,B,2.0,INE536P01021,,Equity
537069,ARNOLD,ARNOLD HOLDINGS LTD,Active,X,10.0,INE185K01036,,Equity
537253,SUNLOC,SUNIL HEALTHCARE LTD,Active,B,10.0,INE671C01016,Pharmaceuticals,Equity
537254,JTLDEFENCE,JTL DEFENCE LIMITED,Active,XT,10.0,INE140B01048,,Equity
537259,SUYOG,SUYOG TELEMATICS LTD,Active,B,10.0,INE442P01014,Other Telecom Services,Equity
537291,NATHBIOGEN,NATH BIO-GENES (INDIA) LTD,Active,B,10.0,INE448G01010,Other Agricultural Products,Equity
537292,AGRITECH,AGRI- TECH (INDIA) LTD,Active,B,10.0,INE449G01018,Other Agricultural Products,Equity
537326,CHEMTECH,CHEMTECH INDUSTRIAL VALVES LTD,Active,X,10.0,INE212P01011,Industrial Machinery,Equity
537392,KETOMOTORS,Keto Motors Limited,Active,XT,10.0,INE392H01026,,Equity
537536,DENISCHEM,DENIS CHEM LAB LTD,Active,X,10.0,INE051G01012,Pharmaceuticals,Equity
537573,POLYMAC,POLYMAC THERMOFORMERS LTD,Active,M,10.0,INE826P01018,Plastic Products,Equity
537582,UNISHIRE,UNISHIRE URBAN INFRA LTD,Active,M,10.0,INE210P01015,Realty,Equity
537669,LAXMIPATI,LAXMIPATI ENGINEERING WORKS LI,Active,MT,10.0,INE920P01019,Commercial Vehicles,Equity
537707,LADDU,LADDU GOPAL ONLINE SERVICES LI,Active,X,2.0,INE546I01025,,Equity
537709,HANSUGAR,SHREE HANUMAN SUGAR & INDUSTRI,Active,XT,10.0,INE101H01013,,Equity
537750,KIRANVYPAR,KIRAN VYAPAR LTD,Active,B,10.0,INE555P01013,Investment Companies,Equity
537766,BCP,B.C. POWER CONTROLS LTD,Active,X,2.0,INE905P01028,,Equity
537784,KCSL,KARNIMATA COLD STORAGE LTD,Active,M,10.0,INE576P01019,Misc.Commercial Services,Equity
537785,RACE,RACE ECO CHAIN LIMITED,Active,B,10.0,INE084Q01012,Distributors,Equity
537800,MANGIND,MANGALAM INDUSTRIAL FINANCE LT,Active,X,1.0,INE717C01025,,Equity
537820,VIJIFIN,VIJI FINANCE LTD,Active,T,1.0,INE159N01027,,Equity
537839,HBGHOTELS,HBG HOTELS LIMITED,Active,X,10.0,INE977M01024,Hotels,Equity
537840,RAUNAQ,RAUNAQ INTERNATIONAL LIMITED,Active,XT,10.0,INE523K01012,Construction & Engineering,Equity
537985,INFRONICS,INFRONICS SYSTEMS LTD,Active,X,10.0,INE463B01036,,Equity
538081,HARIAAPL,HARIA APPARELS LTD,Active,X,10.0,INE493N01012,Textiles,Equity
538092,VASUPRADA,SHRI VASUPRADA PLANTATIONS LIM,Active,B,10.0,INE574G01013,Tea & Coffee,Equity
538119,RNBDENIMS,R&B DENIMS LTD,Active,B,1.0,INE012Q01039,,Equity
538212,SHARPINV,SHARP INVESTMENTS LTD,Active,X,1.0,INE909D01026,Finance (including NBFCs),Equity
538268,WONDERLA,WONDERLA HOLIDAYS LTD,Active,B,10.0,INE066O01014,Other Leisure Facilities,Equity
538273,RESPONSINF,RESPONSE INFORMATICS LTD,Active,X,10.0,INE401B01010,IT Software Products,Equity
538319,GCMCAPI,GCM CAPITAL ADVISORS LTD,Active,MT,10.0,INE191P01017,Other Financial Services,Equity
538351,AFEL,A.F. ENTERPRISES LTD,Active,Z,10.0,INE663P01015,,Equity
538365,INCREDIBLE,INCREDIBLE INDUSTRIES LIMITED,Active,B,10.0,INE452L01012,Iron & Steel/Interm.Products,Equity
538382,WESTLEIRES,WEST LEISURE RESORTS LTD,Active,X,10.0,INE266P01017,Comm.Trading  & Distribution,Equity
538395,NAM,NAM SECURITIES LTD,Active,XT,10.0,INE792G01011,,Equity
538401,METSL,MAESTROS ELECTRONICS & TELECOM,Active,X,10.0,INE318N01011,Electronic Components,Equity
538422,JACKSON,JACKSON INVESTMENTS LTD,Active,X,1.0,INE508N01025,Investment Companies,Equity
538446,MONEYBOXX,MONEYBOXX FINANCE LIMITED,Active,B,10.0,INE296Q01012,Other Financial Services,Equity
538451,WORTH,WORTH INVESTMENT & TRADING CO,Active,X,1.0,INE114O01020,,Equity
538464,TPROJECT,THIRANI PROJECTS LTD,Active,X,10.0,INE901C01017,Finance (including NBFCs),Equity
538465,AMARSEC,AMARNATH SECURITIES LTD,Active,XT,10.0,INE745P01010,Finance (including NBFCs),Equity
538476,CTL,CAPITAL TRADE LINKS LTD,Active,XT,1.0,INE172D01021,Finance (including NBFCs),Equity
538496,TARINI,TARINI INTERNATIONAL LTD,Active,M,10.0,INE849M01017,Consulting Services,Equity
538520,SBL,SHIVAMSHREE BUSINESSES LIMITED,Active,XT,1.0,INE857P01021,,Equity
538521,YAANENT,YAAN ENTERPRISES LIMITED,Active,X,10.0,INE969E01010,Travel Support Services,Equity
538537,PIPAN,PIPAN OILS LIMITED,Active,XT,2.0,INE378P01036,,Equity
538539,ANVRDHI,ANNVRRIDHHI VENTURES LIMITED,Active,X,10.0,INE075K01013,Investment Companies,Equity
538540,RAAMA,RAAMA FINANCE LIMITED,Active,XT,1.0,INE516P01015,Finance (including NBFCs),Equity
538542,GOLDCOINHF,GOLD COIN HEALTH FOODS LTD,Active,X,10.0,INE634J01027,,Equity
538546,BRPL,BANSAL ROOFING PRODUCTS LTD,Active,B,10.0,INE319Q01012,Iron & Steel Products,Equity
538556,ARMAN,ARMAN HOLDINGS LTD,Active,X,10.0,INE510P01018,,Equity
538562,SKIPPER,SKIPPER LTD,Active,B,1.0,INE439E01022,Construction & Engineering,Equity
538563,SMTEL,SMT ENGINEERING LIMITED,Active,X,10.0,INE673E01018,Comm.Trading  & Distribution,Equity
538564,JAMESWARREN,JAMES WARREN TEA LTD,Active,X,10.0,INE718P01017,Tea & Coffee,Equity
538565,VISTARAMAR,Vistar Amar Limited,Active,X,10.0,INE878P01019,Finance (including NBFCs),Equity
538567,GULFOILLUB,GULF OIL LUBRICANTS INDIA LTD,Active,B,2.0,INE635Q01029,Oil Marketing & Distribution,Equity
538568,FRUTION,FRUITION VENTURE LTD,Active,XT,10.0,INE836C01015,Comm.Trading  & Distribution,Equity
538569,TRIVENIENT,TRIVENI ENTERPRISES LTD,Active,X,1.0,INE916P01025,,Equity
538576,BHANDERI,BHANDERI INFRACON LTD,Active,MT,10.0,INE336Q01016,Realty,Equity
538579,ZINEMA,ZINEMA MEDIA AND ENTERTAINMENT,Active,MT,10.0,INE641Q01019,Comm.Trading  & Distribution,Equity
538596,CEMAINFRA,CEMANTIC INFRA-TECH LIMITED,Active,X,10.0,INE222B01028,Realty,Equity
538597,TTIENT,TTI ENTERPRISE LTD,Active,X,10.0,INE404F01031,,Equity
538598,VISHAL,VISHAL FABRICS LTD,Active,B,5.0,INE755Q01025,,Equity
538607,TOYAMSL,TOYAM SPORTS LIMITED,Active,B,1.0,INE457P01020,Other Financial Services,Equity
538609,GAJANANSEC,GAJANAN SECURITIES SERVICES LT,Active,X,10.0,INE868G01019,Other Financial Services,Equity
538610,UNISON,UNISON METALS LTD,Active,XT,1.0,INE099D01026,,Equity
538611,RTFL,Real Touch Finance Limited,Active,Z,10.0,INE840I01014,Other Financial Services,Equity
538634,VRL,VASUNDHARA RASAYANS LTD,Active,XT,10.0,INE406F01010,Pharmaceuticals,Equity
538635,SNOWMAN,SNOWMAN LOGISTICS LTD,Active,B,10.0,INE734N01019,Transportation - Logistics,Equity
538646,QGO,QGO FINANCE LIMITED,Active,X,10.0,INE837C01013,Other Financial Services,Equity
538647,PURSHOTTAM,PURSHOTTAM INVESTOFIN LTD,Active,X,10.0,INE729C01020,Finance (including NBFCs),Equity
538652,HCLTD,HIND COMMERCE LIMITED,Active,X,10.0,INE691J01019,Comm.Trading  & Distribution,Equity
538666,SHARDACROP,Sharda Cropchem Limited,Active,A,10.0,INE221J01015,Agrochemicals,Equity
538667,SIROHIA,Sirohia & Sons Limited,Active,M,10.0,INE785O01019,Comm.Trading  & Distribution,Equity
538668,MIIL,Meghna Infracon Infrastructure,Active,B,10.0,INE898Q01015,Finance (including NBFCs),Equity
538674,CITYONLINE,City Online Services Limited,Active,Z,10.0,INE158C01014,Telecom Services,Equity
538684,ENCASH,Encash Entertainment Limited,Active,MT,10.0,INE552Q01018,Movies & Entertainment,Equity
538685,SHEMAROO,SHEMAROO ENTERTAINMENT LIMITED,Active,T,10.0,INE363M01019,Movies & Entertainment,Equity
538706,ULTRACAB,Ultracab (India) Limited,Active,X,2.0,INE010R01023,,Equity
538707,RCCL,Rajasthan Cylinders & Containe,Active,X,10.0,INE929D01016,Containers & Packaging,Equity
538708,ETIL,Econo Trade (India) Limited,Active,X,10.0,INE937K01014,Finance (including NBFCs),Equity
538713,ATISHAY,Atishay Limited,Active,X,10.0,INE011R01013,IT Software Products,Equity
538714,SANGAMFIN,Sangam Finserv Limited,Active,X,10.0,INE475D01010,Finance (including NBFCs),Equity
538715,DHABRIYA,Dhabriya Polywood Limited,Active,T,10.0,INE260R01016,Plastic Products,Equity
538716,ARYACAPM,Aryaman Capital Markets Limite,Active,B,10.0,INE229R01011,Other Financial Services,Equity
538730,PDSL,PDS LIMITED,Active,B,2.0,INE111Q01021,,Equity
538731,HANMAN,HANMAN FIT LIMITED,Active,M,10.0,INE982Q01017,Other Leisure Facilities,Equity
538732,VGCL,Vibrant Global Capital Limited,Active,B,10.0,INE761Q01015,Finance (including NBFCs),Equity
538734,CEINSYS,CEINSYS TECH LIMITED,Active,B,10.0,INE016Q01014,IT Consulting & Software,Equity
538742,PANABYTE,PANABYTE TECHNOLOGIES LIMITED,Active,X,10.0,INE516E01019,Comm.Trading  & Distribution,Equity
538743,MUDUNURU,Mudunuru Limited,Active,XT,2.0,INE491C01027,,Equity
538765,JSHL,JLA Infraville Shoppers Limite,Active,MT,10.0,INE401Q01018,Internet & Catalogue Retail,Equity
538770,CRANEINFRA,Crane Infrastructure Limited,Active,X,10.0,INE176L01017,Realty,Equity
538772,NIYOGIN,Niyogin Fintech Limited,Active,X,10.0,INE480D01010,Finance (including NBFCs),Equity
538777,ASIACAP,ASIA CAPITAL LIMITED,Active,XT,10.0,INE131Q01011,Finance (including NBFCs),Equity
538778,KALYANCAP,Kalyan Capitals Limited,Active,XT,2.0,INE149Q01021,,Equity
538786,CITIZEN,Citizen Solar Limited,Active,X,10.0,INE473L01018,Publishing,Equity
538787,GBFL,Goenka Business & Finance Limi,Active,X,10.0,INE997C01015,,Equity
538788,GILADAFINS,Gilada Finance & Investments L,Active,X,5.0,INE918C01029,,Equity
538794,JETSOLAR,JET SOLAR LIMITED,Active,M,10.0,INE155R01018,Realty,Equity
538795,SAPPL,Shree Ajit Pulp And Paper Ltd.,Active,B,10.0,INE185C01017,Paper & Paper Products,Equity
538812,AANCHALISP,Aanchal Ispat Limited,Active,XT,10.0,INE322R01022,,Equity
538817,CAPPIPES,Captain Pipes Limited,Active,B,1.0,INE513R01026,,Equity
538833,KAIZENAGRO,KAIZEN AGRO INFRABUILD LIMITED,Active,XT,10.0,INE891N01017,Construction & Engineering,Equity
538834,JMJFIN,JMJ Fintech Limited,Active,X,10.0,INE242Q01016,,Equity
538835,INTELLECT,INTELLECT DESIGN ARENA LIMITED,Active,A,5.0,INE306R01017,IT Software Products,Equity
538836,MONTECARLO,Monte Carlo Fashions Limited,Active,B,10.0,INE950M01013,Other Apparels & Accessories,Equity
538837,JSTL,Jeevan Scientific Technology L,Active,X,10.0,INE237B01018,Internet Software & Services,Equity
538838,ICL,Indo Cotspin Limited,Active,X,10.0,INE407P01017,Textiles,Equity
538857,SCC,Scintilla Commercial & Credit,Active,X,10.0,INE892C01018,Finance (including NBFCs),Equity
538860,PANAFIC,PANAFIC INDUSTRIALS LTD,Active,XT,1.0,INE655P01029,,Equity
538862,MYMONEY,My Money Securities Ltd.,Active,X,10.0,INE232L01018,Other Financial Services,Equity
538863,AMARNATH,SRI AMARNATH FINANCE LIMITED,Active,X,10.0,INE985Q01010,Finance (including NBFCs),Equity
538868,CSL,Continental Securities Limited,Active,X,2.0,INE183Q01020,,Equity
538874,NEXUSSURGL,NEXUS SURGICAL AND MEDICARE LI,Active,X,10.0,INE370Q01015,Other Financial Services,Equity
538881,GALADAFIN,Galada Finance Limited,Active,X,10.0,INE243E01010,Finance (including NBFCs),Equity
538882,EMERALD,Emerald Finance Limited,Active,X,10.0,INE030Q01015,Other Financial Services,Equity
538890,MKEXIM,M. K. Exim (India) Ltd.,Active,B,10.0,INE227F01010,Textiles,Equity
538891,MCLOUD,MAGELLANIC CLOUD LIMITED,Active,B,2.0,INE613C01026,,Equity
538894,OCTAL,Octal Credit Capital Ltd.,Active,X,10.0,INE513C01010,Other Financial Services,Equity
538895,MIHIKA,Mihika Industries Ltd.,Active,X,10.0,INE779Q01017,Comm.Trading  & Distribution,Equity
538896,KANCHI,Kanchi Karpooram Ltd.,Active,B,10.0,INE081G01019,Commodity Chemicals,Equity
538897,SHRINIWAS,Shri Niwas Leasing and Finance,Active,X,10.0,INE201F01015,Finance (including NBFCs),Equity
538902,DTIL,Dhunseri Tea & Industries Ltd,Active,B,10.0,INE341R01014,Tea & Coffee,Equity
538918,VANICOM,Vani Commercials Limited,Active,X,10.0,INE661Q01017,,Equity
538919,SKILVEN,SKYLINE VENTURES INDIA LIMITED,Active,Z,10.0,INE055Q01012,Realty,Equity
538920,VINCOFE,VINTAGE COFFEE AND BEVERAGES L,Active,B,10.0,INE498Q01014,Comm.Trading  & Distribution,Equity
538921,RAFL,Raghuvansh Agrofarms Limited,Active,M,10.0,INE865P01016,Other Agricultural Products,Equity
538922,COSYN,COSYN Limited,Active,X,10.0,INE029B01019,IT Software Products,Equity
538923,SOFCOM,SOFCOM SYSTEMS LIMITED,Active,XT,10.0,INE499Q01012,IT Consulting & Software,Equity
538926,NAPL,Naturite Agro Products Limited,Active,X,10.0,INE223R01014,Other Agricultural Products,Equity
538928,KARNAVATI,Karnavati Finance Limited,Active,X,1.0,INE554R01020,,Equity
538935,ABHIFIN,Abhishek Finlease limited,Active,X,10.0,INE723C01015,,Equity
538942,MERCANTILE,Mercantile Ventures Limited,Active,B,10.0,INE689O01013,Misc.Commercial Services,Equity
538943,SONAL,Sonal Mercantile Limited,Active,B,10.0,INE321M01017,Finance (including NBFCs),Equity
538952,ALFL,Abhinav Leasing & Finance Limi,Active,X,1.0,INE211D01027,Finance (including NBFCs),Equity
538961,GENUSPAPER,GENUS PAPER & BOARDS LIMITED,Active,B,1.0,INE949P01018,Paper & Paper Products,Equity
538962,MINDACORP,Minda Corporation Limited,Active,A,2.0,INE842C01021,Auto Parts & Equipment,Equity
538964,MERCURYLAB,Mercury Laboratories Limited,Active,X,10.0,INE947G01011,Pharmaceuticals,Equity
538965,CONCORD,Concord Drugs Limited,Active,X,10.0,INE858L01010,Pharmaceuticals,Equity
538970,WARDINMOBI,WARDWIZARD INNOVATIONS AND MOB,Active,B,1.0,INE945P01024,,Equity
538975,SHREESEC,Shree Securities Ltd.,Active,Z,1.0,INE397C01026,,Equity
538979,GREENLAM,Greenlam Industries Ltd,Active,B,1.0,INE544R01021,,Equity
538987,TALBROSENG,TALBROS ENGINEERING LIMITED,Active,X,10.0,INE717E01013,Auto Parts & Equipment,Equity
538992,SAPL,Sar  Auto Products Limited,Active,XT,10.0,INE002E01010,Auto Parts & Equipment,Equity
538993,PUROHITCON,Purohit Construction Limited,Active,X,10.0,INE147J01012,Realty,Equity
539005,JAYATMA,JAYATMA ENTERPRISES LIMITED,Active,X,10.0,INE246D01015,Misc.Commercial Services,Equity
539006,PTCIL,PTC Industries Ltd.,Active,A,10.0,INE596F01018,Other Industrial Products,Equity
539011,CHENFERRO,CHENNAI FERROUS INDUSTRIES LIM,Active,X,10.0,INE777O01016,Iron & Steel/Interm.Products,Equity
539012,MEGRISOFT,Megri Soft Limited,Active,X,10.0,INE756R01013,Internet Software & Services,Equity
539013,GITARENEW,GITA RENEWABLE ENERGY LIMITED,Active,X,10.0,INE776O01018,Electric Utilities,Equity
539014,KALPACOMME,Kalpa Commercial Limited,Active,X,10.0,INE059Q01014,Comm.Trading  & Distribution,Equity
539015,ORTEL,Ortel Communications Limited,Active,Z,10.0,INE849L01019,Broadcasting & Cable TV,Equity
539016,NEIL,Neil Industries Ltd.,Active,X,10.0,INE396C01010,Finance (including NBFCs),Equity
539017,STARHFL,STAR HOUSING FINANCE LIMITED,Active,XT,5.0,INE526R01028,,Equity
539018,BEEKAY,Beekay Steel Industries Ltd.,Active,B,10.0,INE213D01015,Iron & Steel/Interm.Products,Equity
539026,SSPNFIN,SSPN Finance Limited,Active,M,10.0,INE820R01017,,Equity
539032,FRASER,Fraser And Company Limited,Active,X,10.0,INE184Q01010,Comm.Trading  & Distribution,Equity
539040,TIRUPATIIN,TIRUPATI INNOVAR LIMITED,Active,X,10.0,INE812Q01016,Auto Tyres & Rubber Products,Equity
539041,GANVERSE,GANESHA ECOVERSE LIMITED,Active,MT,10.0,INE369Q01017,Comm.Trading  & Distribution,Equity
539042,AGIIL,AGI Infra Limited,Active,B,1.0,INE976R01033,,Equity
539044,MANAKSTEEL,Manaksia Steels Limited,Active,B,1.0,INE824Q01011,Iron & Steel/Interm.Products,Equity
539045,MANAKALUCO,Manaksia Aluminium Company Ltd,Active,B,1.0,INE859Q01017,Aluminium,Equity
539046,MANAKCOAT,Manaksia Coated Metals & Indus,Active,B,1.0,INE830Q01018,Iron & Steel/Interm.Products,Equity
539056,IMAGICAA,IMAGICAAWORLD ENTERTAINMENT LI,Active,B,10.0,INE172N01012,Other Leisure Facilities,Equity
539083,INOXWIND,Inox Wind Limited,Active,A,10.0,INE066P01011,Heavy Electrical Equipment,Equity
539090,RAJPUTANA,Rajputana Investment and Finan,Active,X,10.0,INE751R01014,Finance (including NBFCs),Equity
539091,CCDL,Consecutive Commodities Limite,Active,XT,1.0,INE187R01029,,Equity
539096,AANANDALAK,Aananda Lakshmi Spinning Mills,Active,XT,10.0,INE197R01010,Textiles,Equity
539097,URSUGAR,UR SUGAR INDUSTRIES LIMITED,Active,B,2.0,INE904R01027,,Equity
539098,FILTRA,Filtra Consultants and Enginee,Active,M,10.0,INE541R01019,Utilities:Non-Elec.,Equity
539099,ATHCON,Athena Constructions Limited,Active,M,10.0,INE291R01011,Realty,Equity
539110,NORTHLINK,Northlink Fiscal And Capital S,Active,Z,10.0,INE736P01019,Finance (including NBFCs),Equity
539111,SHESHAINDS,SHESHADRI INDUSTRIES LIMITED,Active,X,10.0,INE193R01019,Textiles,Equity
539112,SAB,SAB INDUSTRIES LIMITED,Active,B,10.0,INE137M01017,,Equity
539113,PML,Paul Merchants Ltd.,Active,B,10.0,INE291E01019,Finance (including NBFCs),Equity
539115,ALANSCOTT,ALAN SCOTT ENTERPRISES LIMITED,Active,XT,10.0,INE273F01022,,Equity
539116,OPCHAINS,O. P. Chains Limited,Active,MT,10.0,INE118Q01018,,Equity
539117,SUJALA,Sujala Trading & Holding Ltd.,Active,X,10.0,INE029H01016,Finance (including NBFCs),Equity
539118,VRLLOG,VRL Logistics Limited,Active,B,10.0,INE366I01010,Transportation - Logistics,Equity
539119,JAINMARMO,Jain Marmo Industries Ltd.,Active,X,10.0,INE780Q01015,Construction Materials,Equity
539120,GRAMEVA,GRAMEVA LIMITED,Active,XT,10.0,INE578R01011,Jute & Jute Products,Equity
539121,PALCO,Palco Metals Limited,Active,X,10.0,INE239L01013,Aluminium,Equity
539122,BODHTREE,Bodhtree Consulting Limited,Active,X,10.0,INE104F01029,,Equity
539123,VBIND,V B INDUSTRIES LIMITED,Active,X,10.0,INE334E01017,Investment Companies,Equity
539124,SARVOTTAM,Survottam Finvest Ltd.,Active,X,10.0,INE822Q01015,Finance (including NBFCs),Equity
539126,MEP,MEP Infrastructure Developers,Active,Z,10.0,INE776I01010,Roads & Highways,Equity
539132,WARDWIZFBL,Wardwizard Foods and Beverages,Active,X,1.0,INE761D01021,,Equity
539141,UFO,UFO Moviez India Limited,Active,B,10.0,INE527H01019,Specialty Retail,Equity
539143,PANTH,PANTH INFINITY LIMITED,Active,X,10.0,INE945O01019,Diversified,Equity
539148,SHIVALIK,Shivalik Rasayan Ltd.,Active,T,5.0,INE788J01021,,Equity
539149,ICSL,Integrated Capital Services Lt,Active,X,1.0,INE682B01023,Consulting Services,Equity
539150,PNCINFRA,PNC Infratech Limited,Active,A,2.0,INE195J01029,,Equity
539151,ARFIN,Arfin India Limited,Active,B,1.0,INE784R01023,,Equity
539167,VLL,Virat Leasing Limited,Active,X,5.0,INE347L01022,,Equity
539174,HELPAGE,Helpage Finlease Ltd.,Active,X,10.0,INE738P01015,Finance (including NBFCs),Equity
539175,STARBEAM,STARBEAM VENTURES LIMITED,Active,XT,1.0,INE924N01024,,Equity
539176,HAWAENG,Hawa Engineers ltd.,Active,X,10.0,INE230I01018,Industrial Machinery,Equity
539177,AIIL,Authum Investment & Infrastruc,Active,A,1.0,INE206F01022,,Equity
539189,ADHBHUTIN,Adhbhut Infrastructure Ltd.,Active,X,10.0,INE578L01014,Realty,Equity
539190,DFL,Decillion Finance Ltd.,Active,X,10.0,INE848N01017,Finance (including NBFCs),Equity
539195,POEL,POCL ENTERPRISES LTD,Active,B,2.0,INE035S01028,,Equity
539196,AEL,Amba Enterprises Ltd.,Active,X,5.0,INE829P01020,,Equity
539198,CAPFIN,Capfin India Limited,Active,XT,10.0,INE960C01013,Other Financial Services,Equity
539199,SGFIN,SG FINSERVE LIMITED,Active,B,10.0,INE618R01015,Other Financial Services,Equity
539200,NOBPOL,NOBLE POLYMERS LIMITED,Active,XT,5.0,INE203Q01026,Plastic Products,Equity
539201,SATIA,SATIA INDUSTRIES LIMITED,Active,B,1.0,INE170E01023,,Equity
539206,GVBL,GENOMIC VALLEY BIOTECH LIMITED,Active,X,10.0,INE574D01010,Biotechnology,Equity
539216,GARMNTMNTR,GARMENT MANTRA LIFESTYLE LIMIT,Active,X,1.0,INE653S01028,,Equity
539217,SRESTHA,Srestha Finvest Limited,Active,X,1.0,INE606K01049,,Equity
539218,SAUMYA,Saumya Consultants Ltd.,Active,X,10.0,INE563C01015,Finance (including NBFCs),Equity
539219,MUL,MAURIA UDYOG LIMITED,Active,X,1.0,INE150D01027,,Equity
539220,MISHKA,Mishka Exim Limited,Active,X,10.0,INE540S01019,Other Apparels & Accessories,Equity
539221,SPORTKING,Sportking India Ltd.,Active,B,1.0,INE885H01029,,Equity
539222,GROWINGTON,GROWINGTON VENTURES INDIA LIMI,Active,B,1.0,INE451S01027,,Equity
539224,HCKKVENTURE,HCKK Ventures Limited,Active,XT,10.0,INE345Q01017,Finance (including NBFCs),Equity
539226,RUDRA,RUDRA GLOBAL INFRA PRODUCTS LI,Active,B,5.0,INE027T01023,,Equity
539227,LOYAL,Loyal Equipments Limited,Active,X,10.0,INE876S01017,Industrial Machinery,Equity
539228,GGPL,Gala Global Products Limited,Active,Z,5.0,INE480S01026,,Equity
539230,CHEMIESYNT,Chemiesynth (Vapi) Limited,Active,XT,10.0,INE829R01018,Specialty Chemicals,Equity
539246,ATMAIND,ATMA INDUSTRIES LIMITED,Active,XT,10.0,INE805R01018,Comm.Trading  & Distribution,Equity
539251,BALKRISHNA,Balkrishna Paper Mills Ltd.,Active,B,10.0,INE875R01011,,Equity
539252,SHYAMCENT,Shyam Century Ferrous Limited,Active,T,1.0,INE979R01011,,Equity
539253,SURYAINDIA,Surya India Limited,Active,X,10.0,INE446E01019,Finance (including NBFCs),Equity
539254,ADANIENSOL,Adani Energy Solutions Limited,Active,A,10.0,INE931S01010,Electric Utilities,Equity
539255,STARDELTA,STAR DELTA TRANSFORMERS LIMITE,Active,X,10.0,INE541K01014,Heavy Electrical Equipment,Equity
539265,AMRAFIN,Amrapali Fincap Limited,Active,MT,10.0,INE990S01016,Finance (including NBFCs),Equity
539267,SAMSRITA,SAMSRITA LABS LIMITED,Active,X,10.0,INE579N01018,Comm.Trading  & Distribution,Equity
539268,SYNGENE,Syngene International Limited,Active,A,10.0,INE398R01022,Pharmaceuticals,Equity
539273,PECOS,PECOS Hotels And Pubs Limited,Active,M,10.0,INE484S01010,Restaurants,Equity
539275,MSL,Mangalam Seeds Limited,Active,B,10.0,INE829S01016,,Equity
539276,KAYA,Kaya Limited,Active,B,10.0,INE587G01015,Sp.Consumer Services,Equity
539278,SYMBIOX,Symbiox Investment & Trading C,Active,X,10.0,INE653R01012,Other Financial Services,Equity
539287,ORTINGLOBE,ORTIN GLOBAL LIMITED,Active,B,10.0,INE749B01020,,Equity
539289,AURUM,AURUM PROPTECH LIMITED,Active,B,5.0,INE898S01029,IT Consulting & Software,Equity
539290,OSWALGREEN,Oswal Greentech Limited,Active,B,10.0,INE143A01010,Investment Companies,Equity
539300,SUNRAKSHAK,SUNRAKSHAKK INDUSTRIES INDIA L,Active,B,2.0,INE671K01027,,Equity
539301,ARVSMART,Arvind SmartSpaces Limited,Active,B,10.0,INE034S01021,Realty,Equity
539302,POWERMECH,Power Mech Projects Limited,Active,A,10.0,INE211R01019,Construction & Engineering,Equity
539309,RAMASTEEL,Rama Steel Tubes Limited,Active,T,1.0,INE230R01035,,Equity
539310,THINKINK,THINKINK PICTUREZ LIMITED,Active,X,1.0,INE365S01045,,Equity
539314,UNIAUTO,Universal Autofoundry Limited,Active,B,10.0,INE203T01012,Auto Parts & Equipment,Equity
539331,VETO,VETO SWITCHGEARS AND CABLES LI,Active,T,10.0,INE918N01018,Other Elect.Equip./ Prod.,Equity
539332,NAVKARCORP,Navkar Corporation Limited,Active,B,10.0,INE278M01019,Transport Related Services,Equity
539334,SHREEPUSHK,Shree Pushkar Chemicals & Fert,Active,B,10.0,INE712K01011,,Equity
539335,CALLISTA,Callista Industries Limited,Active,XT,10.0,INE714Q01014,,Equity
539336,GUJENERGY,Gujarat Energy Limited,Active,A,2.0,INE844O01030,,Equity
539337,WAAREE,WAAREE TECHNOLOGIES LIMITED,Active,M,10.0,INE725P01012,Containers & Packaging,Equity
539346,SADBHIN,Sadbhav Infrastructure Project,Active,T,10.0,INE764L01010,Roads & Highways,Equity
539352,PBFL,P. B. Films Limited,Active,MT,10.0,INE212Q01019,Movies & Entertainment,Equity
539353,SALAUTO,SAL AUTOMOTIVE LIMITED,Active,X,10.0,INE724G01014,,Equity
539354,POLYSPIN,Polyspin Exports Ltd.,Active,B,5.0,INE914G01029,,Equity
539359,PRITIKAUTO,Pritika Auto Industries Limite,Active,T,2.0,INE583R01029,,Equity
539378,SML,Soni Medicare Limited,Active,XT,10.0,INE848R01018,,Equity
539383,MAHAVEER,Mahaveer Infoway Limited,Active,Z,10.0,INE019D01016,,Equity
539384,KRISHNACAP,Krishna Capital And Securities,Active,XT,10.0,INE897B01019,Finance (including NBFCs),Equity
539391,ACME,Acme Resources Limited,Active,Z,10.0,INE636B01011,Finance (including NBFCs),Equity
539393,KCL,Kabra Commercial Limited,Active,XT,10.0,INE926E01010,Coal,Equity
539398,VISHALBL,Vishal Bearings Limited,Active,B,10.0,INE060T01024,Industrial Machinery,Equity
539399,BELLACASA,Bella Casa Fashion & Retail Li,Active,B,10.0,INE344T01014,,Equity
539400,MALLCOM,MALLCOM (INDIA) LTD.,Active,B,10.0,INE389C01015,Other Apparels & Accessories,Equity
539401,PJL,Patdiam Jewellery Limited,Active,M,10.0,INE473T01011,,Equity
539402,NAKSH,Naksh Precious Metals Limited,Active,Z,10.0,INE256S01012,,Equity
539404,SATIN,SATIN CREDITCARE NETWORK LIMIT,Active,B,10.0,INE836B01017,Finance (including NBFCs),Equity
539405,DITCO,Decorous Investment and Tradin,Active,X,10.0,INE183R01010,Other Apparels & Accessories,Equity
539406,SWAGTAM,Swagatam Trading & Services Li,Active,X,10.0,INE150R01019,Comm.Trading  & Distribution,Equity
539407,GENCON,Generic Engineering Constructi,Active,B,5.0,INE854S01022,,Equity
539408,KUBERJI,Kuber Udyog Limited,Active,XT,10.0,INE594R01018,Finance (including NBFCs),Equity
539409,NEERAJ,NEERAJ PAPER MARKETING LIMITED,Active,X,10.0,INE894J01019,Comm.Trading  & Distribution,Equity
539428,TEJNAKSH,Tejnaksh Healthcare Limited,Active,X,5.0,INE030T01027,,Equity
539434,BRIPORT,Brilliant Portfolios Ltd.,Active,X,10.0,INE661F01010,,Equity
539435,RFSL,Richfield Financial Services L,Active,X,10.0,INE201C01012,Other Financial Services,Equity
539436,COFFEEDAY,Coffee Day Enterprises Limited,Active,T,10.0,INE335K01011,Restaurants,Equity
539437,IDFCFIRSTB,IDFC FIRST BANK LIMITED,Active,A,10.0,INE092T01019,Banks,Equity
539448,INDIGO,InterGlobe Aviation Limited,Active,A,10.0,INE646L01027,Airlines,Equity
539449,IGCIL,IGC Industries Limited,Active,X,10.0,INE099S01016,Comm.Trading  & Distribution,Equity
539450,SHK,S H Kelkar and Company Limited,Active,B,10.0,INE500L01026,Personal Products,Equity
539455,ECOFINITY,ECOFINITY ATOMIX LIMITED,Active,X,10.0,INE360S01012,,Equity
539468,TFSL,Typhoon Financial Services Lim,Active,X,10.0,INE761R01013,Finance (including NBFCs),Equity
539469,PANORAMA,PANORAMA STUDIOS INTERNATIONAL,Active,B,2.0,INE258R01028,,Equity
539470,SHREEGANES,Shree Ganesh Biotech (India) L,Active,X,1.0,INE051N01026,,Equity
539479,GTV,GTV Engineering Limited,Active,X,2.0,INE910R01024,,Equity
539486,GEETANJ,Geetanjali Credit And Capital,Active,XT,10.0,INE263R01010,Finance (including NBFCs),Equity
539488,TFLL,Tirupati Fin-Lease Ltd.,Active,XT,10.0,INE027S01017,,Equity
539492,GARBIFIN,Garbi Finvest Limited,Active,X,10.0,INE721C01019,,Equity
539494,SMARTFIN,Smart Finsec Limited,Active,X,1.0,INE766D01020,,Equity
539495,RAJKOTINV,Rajkot Investment Trust Limite,Active,X,10.0,INE176R01014,Finance (including NBFCs),Equity
539506,ADCON,Adcon Capital Services Limited,Active,XT,1.0,INE805Q01028,,Equity
539515,QUINT,Quint Digital Limited,Active,B,10.0,INE641R01017,,Equity
539518,UDAYJEW,Uday Jewellery Industries Limi,Active,B,10.0,INE551B01012,Distributors,Equity
539519,SATTVASUKU,SATTVA SUKUN LIFECARE LIMITED,Active,X,1.0,INE280E01038,,Equity
539521,NAVIGANT,Navigant Corporate Advisors Li,Active,MT,10.0,INE364T01012,Other Financial Services,Equity
539522,GROVY,Grovy India Limited,Active,XT,10.0,INE343C01012,,Equity
539523,ALKEM,Alkem Laboratories Limited,Active,A,2.0,INE540L01014,Pharmaceuticals,Equity
539524,LALPATHLAB,Dr. Lal Pathlabs Limited,Active,A,10.0,INE600L01024,Healthcare Services,Equity
539526,SCTL,Suncare Traders Limited,Active,X,2.0,INE452S01025,,Equity
539527,CREATIVE,Creative Castings Limited,Active,X,10.0,INE146E01015,,Equity
539528,AAYUSH,AAYUSH WELLNESS LIMITED,Active,X,1.0,INE430R01023,,Equity
539533,ELITECON,ELITECON INTERNATIONAL LIMITED,Active,B,1.0,INE669R01026,,Equity
539542,LUXIND,LUX Industries Limited,Active,B,2.0,INE150G01020,,Equity
539543,VALLEY,Valley Magnesite Company Limit,Active,X,10.0,INE834E01016,,Equity
539544,ABHIINFRA,Abhishek Infraventures Limited,Active,X,10.0,INE281P01016,,Equity
539545,APOORVA,Apoorva Leasing Finance & Inve,Active,B,10.0,INE217S01014,,Equity
539546,AGRIBIO,AGRIBIO SPIRITS LIMITED,Active,X,10.0,INE679E01015,,Equity
539551,NH,Narayana Hrudayalaya Limited,Active,A,10.0,INE410P01011,,Equity
539552,FMEC,F MEC INTERNATIONAL FINANCIAL,Active,XT,2.0,INE108T01021,,Equity
539559,DEEPAI,Deep Health AI India Limited,Active,XT,1.0,INE005G01026,,Equity
539560,MALTLAND,MALT LAND DISTILLERIES LIMITED,Active,XT,10.0,INE994N01019,,Equity
539561,SUPHA,SUPHA PHARMACHEM LIMITED,Active,Z,1.0,INE549S01036,,Equity
539562,AARNAV,AARNAV FASHIONS LIMITED,Active,T,10.0,INE750R01016,,Equity
539593,SHIVA,Shivansh Finserv Limited,Active,X,10.0,INE728Q01014,,Equity
539594,MISHTANN,Mishtann Foods Limited,Active,X,1.0,INE094S01041,,Equity
539596,DELTA,Delta Industrial Resources Lim,Active,X,10.0,INE681Q01015,,Equity
539598,AMPL,AMPL Capital Limited,Active,X,2.0,INE727C01024,,Equity
539599,KEL,Kotia Enterprises Limited,Active,X,10.0,INE079C01012,,Equity
539607,BLUECLOUDS,Blue Cloud Softech Solutions L,Active,B,1.0,INE373T01047,,Equity
539620,KEIL,KANORIA ENERGY & INFRASTRUCTUR,Active,X,5.0,INE534E01020,,Equity
539621,BCLENTERPR,BCL Enterprises Limited,Active,XT,1.0,INE368E01023,,Equity
539636,PRECAM,Precision Camshafts Limited,Active,B,10.0,INE484I01029,,Equity
539658,TEAMLEASE,TeamLease Services Limited,Active,B,10.0,INE985S01024,,Equity
539659,KAMATS,VIKRAM KAMATS HOSPITALITY LIMI,Active,B,10.0,INE564S01019,,Equity
539660,BESTAGRO,BEST AGROLIFE LIMITED,Active,B,1.0,INE052T01021,,Equity
539661,ACEMEN,ACE MEN ENGG WORKS LIMITED,Active,X,10.0,INE023R01018,,Equity
539662,BFLAFL,BFL Asset Finvest Limited,Active,X,10.0,INE948Q01018,,Equity
539669,RGF,RGF Capital Markets Limited,Active,XT,1.0,INE684D01025,,Equity
539673,RCL,Radhagobind Commercial Limited,Active,Z,1.0,INE792P01020,,Equity
539678,QUICKHEAL,Quick Heal Technologies Limite,Active,T,10.0,INE306L01010,,Equity
539679,KAPILRAJ,Kapil Raj Finance Ltd.,Active,X,1.0,INE332Q01023,,Equity
539680,GANGAPHARM,Ganga Pharmaceuticals Limited,Active,M,10.0,INE615T01017,,Equity
539681,DAL,dynamic Archistructures Limite,Active,X,10.0,INE874E01012,,Equity
539682,MOBAVENUE,Mobavenue AI Tech Limited,Active,X,2.0,INE622Q01027,,Equity
539683,SHIVKAMAL,Shivkamal Impex Limited,Active,XT,10.0,INE429R01017,,Equity
539686,KPEL,K.P. Energy Limited,Active,B,5.0,INE127T01021,,Equity
539691,RGCORP,REAL GROWTH CORPORATION LIMITE,Active,XT,10.0,INE836D01013,,Equity
539692,IFINSER,INTERACTIVE FINANCIAL SERVICES,Active,X,10.0,INE064T01018,,Equity
539697,HILIKS,HILIKS TECHNOLOGIES LIMITED,Active,XT,10.0,INE966Q01010,,Equity
539724,HYPERSOFT,HYPERSOFT TECHNOLOGIES LIMITED,Active,XT,10.0,INE039D01014,,Equity
539725,GOKULAGRO,Gokul Agro Resources Ltd,Active,B,1.0,INE314T01033,,Equity
539730,FREDUN,Fredun Pharmaceuticals Limited,Active,B,10.0,INE194R01017,,Equity
539742,SIMBHALS,Simbhaoli Sugars Ltd,Active,Z,10.0,INE748T01016,,Equity
539760,RELICAB,Relicab Cable Manufacturing Li,Active,B,10.0,INE773T01014,,Equity
539761,VKAL,Vantage Knowledge Academy Limi,Active,X,1.0,INE427T01025,,Equity
539762,MEAPL,MODERN ENGINEERING AND PROJECT,Active,X,10.0,INE250S01015,,Equity
539767,MNIL,Mega Nirman & Industries Limit,Active,X,10.0,INE216Q01010,,Equity
539770,DARJEELING,DARJEELING INDUSTRIIES LIMITED,Active,X,10.0,INE830S01014,,Equity
539773,ADVIKCA,Advik Capital Limited,Active,B,1.0,INE178T01024,,Equity
539785,PDMJEPAPER,Pudumjee Paper Products Limite,Active,B,1.0,INE865T01018,,Equity
539787,HCG,HealthCare Global Enterprises,Active,A,10.0,INE075I01017,,Equity
539788,KDML,Khemani Distributors & Marketi,Active,MT,5.0,INE030U01025,,Equity
539798,UMIYA,Umiya Tubes Limited,Active,X,10.0,INE173U01015,,Equity
539799,BHARATWIRE,Bharat Wire Ropes Limited,Active,B,10.0,INE316L01019,,Equity
539800,CHDCHEM,CHD Chemicals Limited,Active,X,10.0,INE043U01010,,Equity
539807,CCAVENUE,AvenuesAI Limited,Active,A,1.0,INE483S01020,,Equity
539814,LELAVOIR,LE LAVOIR LIMITED,Active,X,10.0,INE204S01012,,Equity
539819,MUDRA,Mudra Financial Services Ltd.,Active,X,10.0,INE967S01014,,Equity
539834,BALGOPAL,Balgopal Commercial limited,Active,X,10.0,INE119R01014,,Equity
539835,SUPERIOR,Superior Finlease Limited,Active,X,1.0,INE574R01028,,Equity
539837,RPEL,RAGHAV PRODUCTIVITY ENHANCERS,Active,B,10.0,INE912T01018,,Equity
539839,FRANKLIN,Franklin Leasing and Finance L,Active,M,10.0,INE399S01010,,Equity
539841,LANCER,Lancer Container Lines Limited,Active,B,5.0,INE359U01028,,Equity
539843,NINSYS,NINtec Systems Limited,Active,B,10.0,INE395U01014,,Equity
539854,HALDER,Halder Venture Limited,Active,B,10.0,INE115S01010,,Equity
539861,SKIL,SKIL Infrastructure Limited,Active,Z,10.0,INE429F01012,,Equity
539864,GHUSHINE,Ghushine Fintrrade Ocean Limit,Active,MT,10.0,INE009U01011,,Equity
539871,THYROCARE,Thyrocare Technologies Limited,Active,A,10.0,INE594H01019,,Equity
539872,BAJAJHCARE,Bajaj Healthcare Limited,Active,B,5.0,INE411U01027,,Equity
539875,RSDFIN,RSD Finance Limited,Active,T,5.0,INE616F01022,,Equity
539876,CROMPTON,Crompton Greaves Consumer Elec,Active,A,2.0,INE299U01018,,Equity
539883,PILANIINVS,Pilani Investment And Industri,Active,B,10.0,INE417C01014,,Equity
539884,DARSHANORNA,Darshan Orna Limited,Active,X,2.0,INE671T01028,,Equity
539889,PARAGMILK,Parag Milk Foods Limited,Active,A,10.0,INE883N01014,,Equity
539894,MADHAVIPL,Madhav Infra Projects Limited,Active,B,1.0,INE631R01026,,Equity
539895,SPICELOUNG,SPICE LOUNGE FOOD WORKS LIMITE,Active,B,1.0,INE631E01024,,Equity
539900,DIDL,DALMIA INDUSTRIAL DEVELOPMENT,Active,X,10.0,INE642P01019,,Equity
539911,SNIM,Svarnim Trade Udyog Limited,Active,X,10.0,INE730R01042,,Equity
539917,NAGAFERT,NAGARJUNA FERTILIZERS AND CHEM,Active,Z,1.0,INE454M01024,,Equity
539921,SEIL,Shanti Educational Initiatives,Active,B,1.0,INE440T01028,,Equity
539922,RGIL,Rotographics (India) Limited,Active,XT,10.0,INE364S01014,,Equity
539927,LIKHAMI,LIKHAMI CONSULTING LIMITED,Active,X,10.0,INE920T01011,,Equity
539938,MIL,Medico Intercontinental Limite,Active,X,10.0,INE858Q01019,,Equity
539939,YASHCHEM,Yash Chemex Limited,Active,X,10.0,INE571U01010,,Equity
539946,BAZELINTER,Bazel International Limited,Active,X,10.0,INE217E01014,,Equity
539947,JLL,JINDAL LEASEFIN LIMITED,Active,XT,10.0,INE919T01013,,Equity
539956,TAALTECH,TAAL TECH LIMITED,Active,B,10.0,INE524T01011,,Equity
539957,MGL,Mahanagar Gas Limited,Active,A,10.0,INE002S01010,,Equity
539963,ZEAL,Zeal Aqua Limited,Active,X,1.0,INE819S01025,,Equity
539978,QUESS,Quess Corp Limited,Active,B,10.0,INE615P01015,,Equity
539979,DIGJAMLMTD,DIGJAM LIMITED,Active,B,10.0,INE731U01028,,Equity
539983,SIDH,SIDH AUTOMOBILES LIMITED,Active,XT,10.0,INE403L01015,,Equity
539984,HIIL,HINDUSTHAN INSULATORS and INDU,Active,XT,2.0,INE799B01025,,Equity
539985,TITAANIUM,Titaanium Ten Enterprise Limit,Active,MT,10.0,INE120V01014,,Equity
539986,COMSYN,Commercial Syn Bags Limited,Active,B,10.0,INE073V01015,,Equity
539991,CFEL,CONFIDENCE FUTURISTIC ENERGETE,Active,B,5.0,INE700F01024,,Equity
539992,LLOYDSENGG,LLOYDS ENGINEERING WORKS LIMIT,Active,A,1.0,INE093R01011,,Equity
539997,KPL,Kwality Pharmaceuticals Limite,Active,B,10.0,INE552U01010,,Equity
540005,LTM,LTM LIMITED,Active,A,1.0,INE214T01019,,Equity
540006,EASTWEST,EAST WEST FREIGHT CARRIERS LTD,Active,B,2.0,INE595R01023,,Equity
540023,COLORCHIPS,COLORCHIPS NEW MEDIA LIMITED,Active,X,10.0,INE621I01042,,Equity
540025,ADVENZYMES,Advanced Enzyme Technologies L,Active,B,2.0,INE837H01020,,Equity
540026,LAHL,Ladam Affortable Housing Limit,Active,X,5.0,INE213U01019,,Equity
540047,DBL,Dilip Buildcon Limited,Active,A,10.0,INE917M01012,,Equity
540048,SPAL,S.P. Apparels Limited,Active,B,10.0,INE212I01016,,Equity
540061,BIGBLOC,Bigbloc Construction Limited,Active,B,2.0,INE412U01025,,Equity
540062,GOLDENCREST,Golden Crest Education & Servi,Active,X,10.0,INE222U01010,,Equity
540063,ECS,ECS Biztech Limited,Active,XT,10.0,INE925Q01024,,Equity
540065,RBLBANK,RBL Bank Limited,Active,A,10.0,INE976G01028,,Equity
540066,AMS,AMS POLYMERS LIMITED,Active,XT,10.0,INE345U01019,,Equity
540072,SHIVAEXPO,Shiva Granito Export Limited,Active,MT,10.0,INE191V01015,,Equity
540073,BLS,BLS International Services Ltd,Active,A,1.0,INE153T01027,,Equity
540078,MITSU,Mitsu Chem Plast Limited,Active,X,10.0,INE317V01016,,Equity
540079,SPRAYKING,Sprayking Limited,Active,B,1.0,INE537U01037,,Equity
540080,DHATRE,Dhatre Udyog Limited,Active,B,1.0,INE715T01031,,Equity
540082,RSTL,Riddhi Steel and Tube Limited,Active,MT,10.0,INE367U01013,,Equity
540083,TVVISION,TV VISION LIMITED,Active,T,10.0,INE871L01013,,Equity
540097,GAMCO,GAMCO LIMITED,Active,X,2.0,INE890S01026,,Equity
540115,LTTS,L&T Technology Services Limite,Active,A,2.0,INE010V01017,,Equity
540124,GNA,G N A Axles Limited,Active,B,10.0,INE934S01014,,Equity
540125,RADHIKAJWE,Radhika Jeweltech Limited,Active,B,2.0,INE583V01021,,Equity
540132,SIIL,Sabrimala Industries India Lim,Active,XT,10.0,INE400R01018,,Equity
540133,ICICIPRULI,ICICI Prudential Life Insuranc,Active,A,10.0,INE726G01019,,Equity
540134,IISL,ISHAAN INFRASTRUCTURE AND SHEL,Active,XT,10.0,INE818R01011,,Equity
540135,ARCFIN,ARC Finance Limited,Active,X,1.0,INE202R01026,,Equity
540136,HPL,HPL Electric & Power Limited,Active,B,10.0,INE495S01016,,Equity
540143,SAGARSOFT,Sagarsoft (India) Limited,Active,X,10.0,INE184B01012,,Equity
540144,DRA,DRA CONSULTANTS LIMITED,Active,M,10.0,INE746V01016,,Equity
540145,VALIANTORG,Valiant Organics Limited,Active,T,10.0,INE565V01010,,Equity
540146,ACML,ADITYA CONSUMER MARKETING LIMI,Active,M,10.0,INE427V01013,,Equity
540147,SHASHIJIT,Shashijit Infraprojects Limite,Active,X,2.0,INE700V01021,,Equity
540148,BINDALEXPO,Bindal Exports Limited,Active,MT,10.0,INE564V01013,,Equity
540150,MHEL,Mewar Hi-Tech Engineering Limi,Active,MT,10.0,INE957U01011,,Equity
540151,DIKSAT,Diksat Transworld Limited,Active,MT,10.0,INE942P01013,,Equity
540153,ENDURANCE,Endurance Technologies Limited,Active,A,10.0,INE913H01037,,Equity
540159,PURPLE,PURPLE AGROTECH INDUSTRIES LIM,Active,X,10.0,INE905R01016,,Equity
540168,SUPRAPFSL,Supra Pacific Financial Servic,Active,X,10.0,INE268T01015,,Equity
540173,PNBHOUSING,PNB Housing Finance Limited,Active,A,10.0,INE572E01012,,Equity
540174,SOUTHERNIN,SOUTHERN INFOCONSULTANTS LIMIT,Active,X,10.0,INE298B01010,,Equity
540175,REGENCY,REGENCY FINCORP LIMITED,Active,XT,10.0,INE964R01013,,Equity
540180,VBL,Varun Beverages Limited,Active,A,2.0,INE200M01039,,Equity
540181,SALEM,Salem Erode Investments Ltd.,Active,X,1.0,INE894E01028,,Equity
540189,UPROTECH,Unipro Technologies Limited,Active,XT,10.0,INE448F01012,,Equity
540190,FRANKLININD,Franklin Industries Limited,Active,X,1.0,INE789R01022,,Equity
540192,LKPSEC,LKP Securities Limited,Active,B,2.0,INE341H01023,,Equity
540198,OSIAJEE,OSIAJEE TEXFAB LIMITED,Active,X,10.0,INE186R01013,,Equity
540199,CMBL,Corporate Merchant Bankers Lim,Active,X,10.0,INE850R01014,,Equity
540203,SFL,Sheela Foam Limited,Active,A,5.0,INE916U01025,,Equity
540204,EIKO,EIKO LIFESCIENCES LIMITED,Active,X,10.0,INE666Q01016,,Equity
540205,AVL,Aditya Vision Limited,Active,A,1.0,INE679V01027,,Equity
540210,HEADSUP,Heads UP Ventures Limited,Active,B,10.0,INE759V01019,,Equity
540212,TCIEXP,TCI Express Limited,Active,B,2.0,INE586V01016,,Equity
540221,SHASHANK,Shashank Traders Limited,Active,X,10.0,INE508R01018,,Equity
540222,LAURUSLABS,Laurus Labs Limited,Active,A,2.0,INE947Q01028,,Equity
540243,NEWLIGHT,NEW LIGHT INDUSTRIES LIMITED,Active,XT,1.0,INE835U01027,,Equity
540252,VSL,Viram Suvarn Limited,Active,B,2.0,INE607V01028,,Equity
540254,MTPL,MARG TECHNO PROJECTS LIMITED,Active,XT,10.0,INE245H01018,,Equity
540259,SHANGAR,SHANGAR DECOR LIMITED,Active,X,1.0,INE118R01032,,Equity
540266,GLCL,Globe Commercials Limited,Active,X,10.0,INE804Q01013,,Equity
540267,FLORACORP,Flora Corporation Limited,Active,X,10.0,INE318U01016,,Equity
540268,TRU,TruCap Finance Limited,Active,B,2.0,INE615R01029,,Equity
540269,SKL,SUPER FINE KNITTERS LIMITED,Active,MT,10.0,INE459U01018,,Equity
540270,RAIDEEPIND,Raideep Industries Limited,Active,XT,10.0,INE923R01019,,Equity
540293,PRICOLLTD,Pricol Limited,Active,A,1.0,INE726V01018,,Equity
540310,CFL,Classic Filaments Limited,Active,XT,10.0,INE181U01018,,Equity
540311,JITFINFRA,JITF INFRALOGISTICS LIMITED,Active,B,2.0,INE863T01013,,Equity
540318,SUERYAAKNI,Sueryaa Knitwear Limited,Active,XT,10.0,INE249U01013,,Equity
540332,TANVI,Tanvi Foods (India) Limited,Active,M,10.0,INE978V01015,,Equity
540358,RMC,RMC SWITCHGEARS LIMITED,Active,B,10.0,INE655V01019,,Equity
540359,PARMAX,Parmax Pharma Limited,Active,XT,10.0,INE240T01014,,Equity
540360,LLFICL,LEADING LEASING FINANCE AND IN,Active,T,1.0,INE715Q01029,,Equity
540361,DANUBE,DANUBE INDUSTRIES LIMITED,Active,XT,2.0,INE575D01041,,Equity
540366,RADIOCITY,Music Broadcast Limited,Active,B,2.0,INE919I01024,,Equity
540376,DMART,Avenue Supermarts Limited,Active,A,10.0,INE192R01011,,Equity
540377,IFL,IFL ENTERPRISES LIMITED,Active,B,1.0,INE714U01024,,Equity
540386,ONTIC,Ontic Finserve Limited,Active,XT,1.0,INE989S01042,,Equity
540393,SMLT,Sarthak Metals Limited,Active,B,10.0,INE017W01010,,Equity
540395,CHEMCRUX,Chemcrux Enterprises Limited,Active,B,10.0,INE298W01016,,Equity
540396,MANOMAY,Manomay Tex India Limited,Active,B,10.0,INE784W01015,,Equity
540401,MAXIMUS,Maximus International Limited,Active,X,1.0,INE544W01021,,Equity
540402,MANAS,Manas Properties Limited,Active,MT,10.0,INE800W01019,,Equity
540403,CLEDUCATE,CL Educate Limited,Active,T,5.0,INE201M01029,,Equity
540404,PRIMEFRESH,PRIME FRESH LIMITED,Active,B,10.0,INE442V01012,,Equity
540405,OCEANIC,Oceanic Foods Limited,Active,X,10.0,INE711V01010,,Equity
540416,OCTAWARE,Octaware Technologies Limited,Active,MT,10.0,INE208U01019,,Equity
540425,SHANKARA,Shankara Building Products Lim,Active,B,10.0,INE274V01019,,Equity
540455,ESCORP,Escorp Asset Management Limite,Active,B,10.0,INE953W01016,,Equity
540467,PARMSILK,PARMESHWARI SILK MILLS LIMITED,Active,XT,10.0,INE808R01012,,Equity
540468,KMSMEDI,KMS Medisurgi Limited,Active,MT,10.0,INE870V01014,,Equity
540481,CLFL,Classic Leasing & Finance Ltd.,Active,X,10.0,INE949C01016,,Equity
540492,STARLENT,STARLINEPS ENTERPRISES LIMITED,Active,B,1.0,INE594W01042,,Equity
540497,SCHAND,S Chand And Company Limited,Active,B,5.0,INE807K01035,,Equity
540515,KANUNGO,KANUNGO FINANCIERS LIMITED,Active,XT,10.0,INE453S01015,,Equity
540519,MEERA,Meera Industries Limited,Active,B,5.0,INE343X01026,,Equity
540526,IRBINVIT,IRB InvIT Fund,Active,IF,0.0,INE183W23014,,Equity
540530,HUDCO,Housing &Urban Development Cor,Active,A,10.0,INE031A01017,,Equity
540544,PSPPROJECT,PSP Projects Limited,Active,B,10.0,INE488V01015,,Equity
540545,GKL,GURU KRUPA GEMS AND JEWELLERY,Active,X,10.0,INE986W01016,,Equity
540550,YUG,Yug Decor Limited,Active,MT,10.0,INE796W01019,,Equity
540565,INDIGRID,IndiGrid Infrastructure Trust,Active,IF,0.0,INE219X23014,,Equity
540570,VARIMAN,VARIMAN GLOBAL ENTERPRISES LIM,Active,X,1.0,INE717F01028,,Equity
540575,STARCEMENT,Star Cement Limited,Active,B,1.0,INE460H01021,,Equity
540590,RIDDHICORP,Riddhi Corporate Services Limi,Active,X,10.0,INE325X01015,,Equity
540595,TEJASNET,Tejas Networks Limited,Active,A,10.0,INE010J01012,,Equity
540596,ERIS,Eris Lifesciences Limited,Active,A,1.0,INE406M01024,,Equity
540597,CONTAINER,Containerway International Lim,Active,X,5.0,INE319U01022,,Equity
540602,GTPL,GTPL Hathway Limited,Active,B,10.0,INE869I01013,,Equity
540611,AUBANK,AU Small Finance Bank Limited,Active,A,10.0,INE949L01017,,Equity
540613,GEL,Gautam Exim Limited,Active,M,5.0,INE721X01023,,Equity
540615,7NR,7NR Retail Limited,Active,XT,10.0,INE413X01035,,Equity
540642,SALASAR,Salasar Techno Engineering Lim,Active,B,1.0,INE170V01027,,Equity
540647,GANGESSECU,Ganges Securities Ltd.,Active,B,10.0,INE335W01016,,Equity
540648,PALASHSECU,Palash Securities Limited,Active,B,10.0,INE471W01019,,Equity
540649,AVADHSUGAR,AVADH SUGAR & ENERGY LIMITED,Active,B,10.0,INE349W01017,,Equity
540650,MAGADSUGAR,Magadh Sugar & Energy Limited,Active,B,10.0,INE347W01011,,Equity
540651,JIGAR,Jigar Cables Limited,Active,M,10.0,INE943X01015,,Equity
540652,CTCL,Captain Technocast Limited,Active,MT,10.0,INE931X01010,,Equity
540654,GSTL,GlobalSpace Technologies Limit,Active,X,10.0,INE632W01016,,Equity
540673,SIS,SIS LIMITED,Active,B,5.0,INE285J01028,,Equity
540678,COCHINSHIP,Cochin Shipyard Limited,Active,A,5.0,INE704P01025,,Equity
540679,HALEOSLABS,HALEOS LABS LIMITED,Active,B,10.0,INE320X01016,,Equity
540680,KIOCL,KIOCL Limited,Active,B,10.0,INE880L01014,,Equity
540681,CHOTHANI,CHOTHANI FOODS LIMITED,Active,MT,10.0,INE344X01016,,Equity
540686,SMRUTHIORG,Smruthi Organics Limited,Active,X,10.0,INE172E01011,Pharmaceuticals,Equity
540691,ABCAPITAL,Aditya Birla Capital Ltd,Active,A,10.0,INE674K01013,,Equity
540692,APEX,Apex Frozen Foods Limited,Active,B,10.0,INE346W01013,,Equity
540693,SHISHIND,Shish Industries Limited,Active,X,1.0,INE145Y01023,,Equity
540694,ANG,ANG Lifesciences India Limited,Active,T,10.0,INE236W01016,,Equity
540696,KCDGROUP,KCD INDUSTRIES INDIA LIMITED,Active,X,1.0,INE185U01035,,Equity
540699,DIXON,Dixon Technologies (India) Lim,Active,A,2.0,INE935N01020,,Equity
540700,BRNL,Bharat Road Network Limited,Active,B,10.0,INE727S01012,,Equity
540701,DCAL,Dishman Carbogen Amcis Limited,Active,B,2.0,INE385W01011,,Equity
540702,LASA,Lasa Supergenerics Limited,Active,B,10.0,INE670X01014,,Equity
540703,PROCLB,PRO CLB GLOBAL LIMITED,Active,X,10.0,INE438C01010,Misc.Commercial Services,Equity
540704,MATRIMONY,Matrimony.com Limited,Active,B,5.0,INE866R01028,,Equity
540709,RHFL,Reliance Home Finance Limited,Active,Z,10.0,INE217K01011,,Equity
540710,CAPACITE,Capacite Infraprojects Limited,Active,B,10.0,INE264T01014,,Equity
540716,ICICIGI,ICICI Lombard General Insuranc,Active,A,10.0,INE765G01017,,Equity
540717,PQIF,Polo Queen Industrial and Fint,Active,X,2.0,INE689M01025,,Equity
540718,AAYUSHBULL,AAYUSH ART AND BULLION LIMITED,Active,M,10.0,INE777X01017,,Equity
540719,SBILIFE,SBI Life Insurance Company Lim,Active,A,10.0,INE123W01016,,Equity
540724,DIAMONDYD,Prataap Snacks Limited,Active,B,5.0,INE393P01035,,Equity
540725,SHAREINDIA,Share India Securities Limited,Active,B,2.0,INE932X01026,,Equity
540726,TTFL,Trident Texofab Limited,Active,X,10.0,INE071Y01013,,Equity
540727,POOJA,Poojawestern Metaliks Limited,Active,B,10.0,INE973X01012,,Equity
540728,SAYAJIIND,Sayaji Industries Limited,Active,B,5.0,INE327G01032,,Equity
540729,VANTABIO,Vanta Bioscience Limited,Active,MT,10.0,INE695X01011,,Equity
540730,MEHAI,Mehai Technology  Limited,Active,X,1.0,INE062Y01020,,Equity
540735,IRIS,IRIS RegTech Solutions Limited,Active,B,10.0,INE864K01010,,Equity
540737,SGRL,Shree Ganesh Remedies Limited,Active,B,10.0,INE414Y01015,,Equity
540738,STL,Shreeji Translogistics Limited,Active,B,2.0,INE402Y01028,,Equity
540743,GODREJAGRO,Godrej Agrovet Limited,Active,A,10.0,INE850D01014,,Equity
540749,MASFIN,MAS Financial Services Limited,Active,B,10.0,INE348L01012,,Equity
540750,IEX,Indian Energy Exchange Limited,Active,A,1.0,INE022Q01020,,Equity
540755,GICRE,General Insurance Corporation,Active,A,5.0,INE481Y01014,,Equity
540756,KAARYAFSL,Kaarya Facilities and Services,Active,M,10.0,INE282Y01016,,Equity
540757,SCPL,SHEETAL COOL PRODUCTS LIMITED,Active,T,10.0,INE501Y01019,,Equity
540762,TIINDIA,Tube Investments of India Ltd,Active,A,1.0,INE974X01010,,Equity
540767,NAM-INDIA,NIPPON LIFE INDIA ASSET MANAGE,Active,A,10.0,INE298J01013,,Equity
540768,MAHLOG,Mahindra Logistics Limited,Active,B,10.0,INE766P01016,,Equity
540769,NIACL,The New India Assurance Compan,Active,A,5.0,INE470Y01017,,Equity
540774,IFGLEXPOR,IFGL Refractories Limited,Active,B,10.0,INE133Y01011,,Equity
540775,KHADIM,Khadim India Limited,Active,T,10.0,INE834I01025,,Equity
540776,5PAISA,5paisa Capital Limited,Active,B,10.0,INE618L01018,,Equity
540777,HDFCLIFE,HDFC LIFE INSURANCE COMPANY LI,Active,A,10.0,INE795G01014,,Equity
540782,SBRANDS,Sanghvi Brands Limited,Active,M,10.0,INE204Y01010,,Equity
540786,SHARIKA,SHARIKA ENTERPRISES LIMITED,Active,T,5.0,INE669Y01022,,Equity
540788,ASPIRA,Aspira Pathlab & Diagnostics L,Active,XT,10.0,INE500C01017,,Equity
540789,DNAMEDIA,Diligent Media Corporation Lim,Active,B,1.0,INE016M01021,,Equity
540795,DYCL,Dynamic Cables Limited,Active,B,10.0,INE600Y01019,,Equity
540796,RATNABHUMI,Ratnabhumi Developers Limited,Active,B,10.0,INE821Y01011,,Equity
540797,SHALBY,Shalby Limited,Active,B,10.0,INE597J01018,,Equity
540809,MRCAGRO,MRC AGROTECH LIMITED,Active,B,10.0,INE333Y01017,,Equity
540811,DML,Diggi Multitrade Limited,Active,M,10.0,INE158R01012,,Equity
540821,CRYSTAL,CRYSTAL BUSINESS SYSTEM LIMITE,Active,X,1.0,INE994R01028,,Equity
540824,ASTRON,Astron Paper & Board Mill Limi,Active,Z,10.0,INE646X01014,,Equity
540829,CHANDRIMA,Chandrima Mercantiles limited,Active,X,1.0,INE371F01024,,Equity
540843,RITHWIKFMS,Rithwik Facility Management Se,Active,MT,10.0,INE819Y01015,,Equity
540850,JFL,Jhandewalas Foods Limited,Active,M,10.0,INE841Y01019,,Equity
540874,7SEASL,7SEAS ENTERTAINMENT LIMITED,Active,X,10.0,INE454F01010,IT Software Products,Equity
540879,APOLLO,Apollo Micro Systems Limited,Active,A,1.0,INE713T01028,,Equity
540900,NEWGEN,Newgen Software Technologies L,Active,A,10.0,INE619B01017,,Equity
540901,PRAXIS,Praxis Home Retail Limited,Active,B,5.0,INE546Y01022,,Equity
540902,AMBER,Amber Enterprises India Limite,Active,A,10.0,INE371P01015,,Equity
540904,TIRUFOAM,TIRUPATI FOAM LIMITED,Active,X,10.0,INE115G01015,Auto Tyres & Rubber Products,Equity
540914,SRUSTEELS,SRU Steels Limited,Active,XT,10.0,INE425C01017,,Equity
540923,ASHOKAMET,Ashoka Metcast Limited,Active,B,10.0,INE760Y01011,,Equity
540935,GALAXYSURF,Galaxy Surfactants Limited,Active,B,10.0,INE600K01018,,Equity
540936,GGL,Gautam Gems Limited,Active,X,10.0,INE063Z01017,,Equity
540937,MEDICO,MEDICO REMEDIES LIMITED,Active,B,2.0,INE630Y01024,,Equity
540938,GUJHYSPIN,Gujarat Hy-Spin Limited,Active,MT,10.0,INE578V01013,,Equity
540952,LAL,LORENZINI APPARELS LIMITED,Active,B,1.0,INE740X01023,,Equity
540953,KENVI,Kenvi Jewels Limited,Active,B,1.0,INE923Y01023,,Equity
540954,IWP,The Indian Wood Products Co. L,Active,B,2.0,INE586E01020,,Equity
540955,TDSL,Tasty Dairy Specialities Limit,Active,Z,10.0,INE773Y01014,,Equity
540956,BHATIA,Bhatia Communications & Retail,Active,X,1.0,INE341Z01025,,Equity
540961,SHIVAMILLS,Shiva Mills Limited,Active,B,10.0,INE644Y01017,,Equity
540975,ASTERDM,ASTER DM QUALITY CARE LIMITED,Active,A,10.0,INE914M01019,,Equity
540980,YSL,The Yamuna Syndicate Ltd,Active,X,100.0,INE868X01014,,Equity
541005,KANCOTEA,KANCO TEA & INDUSTRIES LIMITED,Active,B,10.0,INE398L01017,Tea & Coffee,Equity
541006,ANGEL,Angel Fibers Limited,Active,M,10.0,INE339Z01011,,Equity
541019,HGINFRA,H.G. Infra Engineering Limited,Active,B,10.0,INE926X01010,,Equity
541083,INFLAME,Inflame Appliances Limited,Active,M,10.0,INE464Z01017,,Equity
541096,BPLPHARMA,Bharat Parenterals Limited,Active,B,10.0,INE365Y01019,,Equity
541112,SHREESHAY,Shreeshay Engineers Limited,Active,M,10.0,INE452Z01012,,Equity
541133,ACFL,APEX CAPITAL AND FINANCE LIMIT,Active,XT,10.0,INE758W01019,,Equity
541143,BDL,Bharat Dynamics Limited,Active,A,5.0,INE171Z01026,,Equity
541144,ACTIVE,Active Clothing Co  Limited,Active,B,10.0,INE380Z01015,,Equity
541152,GOYALALUM,GOYAL ALUMINIUMS LIMITED,Active,B,1.0,INE705X01026,,Equity
541153,BANDHANBNK,Bandhan Bank Limited,Active,A,10.0,INE545U01014,,Equity
541154,HAL,Hindustan Aeronautics Limited,Active,A,5.0,INE066F01020,,Equity
541161,DHARAN,DHARAN INFRA-EPC LIMITED,Active,Z,1.0,INE278R01034,,Equity
541163,SANDHAR,Sandhar Technologies Limited,Active,B,10.0,INE278H01035,,Equity
541167,YASHO,YASHO INDUSTRIES LIMITED,Active,B,10.0,INE616Z01012,,Equity
541178,BENARA,Benara Bearings and Pistons Li,Active,MT,10.0,INE495Z01011,,Equity
541195,MIDHANI,Mishra Dhatu Nigam Limited,Active,A,10.0,INE099Z01011,,Equity
541196,LEX,Lex Nimble Solutions Limited,Active,MT,10.0,INE860Y01019,,Equity
541206,OBCL,OBCL Limited,Active,B,10.0,INE426Z01016,,Equity
541228,TRL,Taylormade Renewables Limited,Active,T,10.0,INE459Z01017,,Equity
541233,LEMONTREE,Lemon Tree Hotels Limited,Active,A,10.0,INE970X01018,,Equity
541269,CHEMFAB,Chemfab Alkalis Ltd,Active,B,10.0,INE783X01023,,Equity
541276,HARDWYN,HARDWYN INDIA LIMITED,Active,B,1.0,INE626Z01029,,Equity
541299,DLCL,DR LALCHANDANI LABS LIMITED,Active,M,10.0,INE871Z01013,,Equity
541300,INTERISE,INTERISE TRUST,Active,IF,0.0,INE790Z23019,,Equity
541301,ORIENTELEC,Orient Electric Limited,Active,B,1.0,INE142Z01019,,Equity
541302,DHRUV,Dhruv Consultancy Services Lim,Active,B,10.0,INE506Z01015,,Equity
541303,AKSHAR,Akshar Spintex Limited,Active,B,1.0,INE256Z01025,,Equity
541304,INDOUS,Indo US Bio-Tech Limited,Active,B,10.0,INE250Z01010,,Equity
541336,INDOSTAR,IndoStar Capital Finance Limit,Active,B,10.0,INE896L01010,,Equity
541337,MILEFUR,Milestone Furniture Limited,Active,MT,10.0,INE424Z01011,,Equity
541338,UHZAVERI,U. H. ZAVERI LIMITED,Active,B,10.0,INE556Z01010,,Equity
541347,PARVATI,Parvati Sweetners and Power Lt,Active,X,5.0,INE295Z01015,,Equity
541352,MEGASTAR,Megastar Foods Limited,Active,B,10.0,INE00EM01016,,Equity
541353,INNOVATORS,Innovators Facade Systems Limi,Active,M,10.0,INE870Z01015,,Equity
541358,UCIL,UNIFINZ CAPITAL INDIA LIMITED,Active,XT,10.0,INE926R01012,,Equity
541400,ZIMLAB,ZIM Laboratories Limited,Active,B,10.0,INE518E01015,,Equity
541402,AFFORDABLE,Affordable Robotic & Automatio,Active,T,10.0,INE692Z01013,,Equity
541403,DOLLAR,Dollar Industries Limited,Active,B,2.0,INE325C01035,,Equity
541418,NGIL,NAKODA GROUP OF INDUSTRIES LIM,Active,B,10.0,INE236Y01012,,Equity
541444,PALMJEWELS,Palm Jewels Limited,Active,X,10.0,INE838Z01012,,Equity
541445,WAA,Waa Solar Limited,Active,M,10.0,INE799N01012,,Equity
541450,ADANIGREEN,Adani Green Energy Limited,Active,A,10.0,INE364U01010,,Equity
541503,UNICK,Unick Fix-A- Form and Printers,Active,X,10.0,INE250G01010,,Equity
541540,SOLARA,SOLARA ACTIVE PHARMA SCIENCES,Active,B,10.0,INE624Z01016,,Equity
541546,GAYAHWS,GAYATRI HIGHWAYS LTD,Active,B,2.0,INE287Z01012,,Equity
541556,RITES,RITES Limited,Active,A,10.0,INE320J01015,,Equity
541557,FINEORG,Fine Organic Industries Limite,Active,A,5.0,INE686Y01026,,Equity
541578,VARROC,Varroc Engineering Limited,Active,A,1.0,INE665L01035,,Equity
541601,RAJNISH,Rajnish Wellness Limited,Active,B,1.0,INE685Z01033,,Equity
541627,GUJWIND,Gujarat Winding Systems Limite,Active,X,10.0,INE173V01013,,Equity
541633,STRAEXPO,Sophia Traexpo Limited,Active,XT,10.0,INE268X01017,,Equity
541634,RAWEDGE,Raw Edge Industrial Solutions,Active,B,10.0,INE960Z01014,,Equity
541701,SUPERSHAKT,Supershakti Metaliks Limited,Active,M,10.0,INE00SY01011,,Equity
541702,ASHNI,Ashnisha Industries Limited,Active,XT,1.0,INE694W01024,,Equity
541703,RACONTEUR,RACONTEUR GLOBAL RESOURCES LIM,Active,M,10.0,INE00WY01013,,Equity
541729,HDFCAMC,HDFC Asset Management Company,Active,A,5.0,INE127D01025,,Equity
541735,VIVANTA,Vivanta Industries Limited,Active,X,1.0,INE299W01022,,Equity
541741,FRATELLI,Fratelli Vineyards Limited,Active,X,10.0,INE401Z01019,,Equity
541770,CREDITACC,CreditAccess Grameen Ltd.,Active,A,10.0,INE741K01010,,Equity
541771,AMINTAN,AMIN TANNERY LIMITED,Active,X,1.0,INE572Z01017,,Equity
541778,DEEP,Deep Polymers Limited,Active,B,10.0,INE00IY01012,,Equity
541799,SMEL,Sungold Media and Entertainmen,Active,MT,10.0,INE266S01011,,Equity
541865,ASRL,Add-Shop E-Retail Limited,Active,X,10.0,INE01B501018,,Equity
541890,SPACEINCUBA,Space Incubatrics Technologies,Active,XT,1.0,INE797Z01028,,Equity
541929,SGIL,Synergy Green Industries Limit,Active,B,10.0,INE00QT01015,,Equity
541945,RANJEET,Ranjeet Mechatronics Limited,Active,M,5.0,INE01A501027,,Equity
541956,IRCON,IRCON International Ltd,Active,A,2.0,INE962Y01021,,Equity
541967,SKYGOLD,Sky Gold And Diamonds Limited,Active,A,10.0,INE01IU01018,,Equity
541973,MACH,Mac Hotels Limited,Active,M,10.0,INE004Z01011,,Equity
541974,MANORAMA,Manorama Industries Limited,Active,A,2.0,INE00VM01036,,Equity
541983,INNOVATIVE,Innovative Ideals and Services,Active,M,10.0,INE492Y01011,,Equity
541988,AAVAS,AAVAS Financiers Limited,Active,A,10.0,INE216P01012,,Equity
542011,GRSE,Garden Reach Shipbuilders & En,Active,A,10.0,INE382Z01011,,Equity
542012,A1L,A-1 LIMITED,Active,B,1.0,INE911Z01025,,Equity
542013,DOLFIN,Dolfin Rubbers Limited,Active,B,10.0,INE666Y01010,,Equity
542019,SHUBHAM,Shubham Polyspin Limited,Active,X,10.0,INE01J501010,,Equity
542020,AKI,AKI India Limited,Active,B,2.0,INE642Z01026,,Equity
542025,SUNRETAIL,Sun Retail Limited,Active,M,1.0,INE206Z01020,,Equity
542034,SMGOLD,S. M. Gold Limited,Active,B,10.0,INE00Q901014,,Equity
542046,VIVIDM,VIVID MERCANTILE LIMITED,Active,B,1.0,INE647Z01025,,Equity
542057,BCPL,BCPL Railway Infrastructure Li,Active,B,10.0,INE00SW01015,,Equity
542066,ATGL,ADANI TOTAL GAS LIMITED,Active,A,1.0,INE399L01023,,Equity
542123,PHOSPHATE,The Phosphate Company Limited,Active,X,10.0,INE398C01016,,Equity
542141,TECHNOE,Techno Electric & Engineering,Active,A,2.0,INE285K01026,,Equity
542145,RONI,Roni Households Limited,Active,M,10.0,INE02AP01013,,Equity
542146,SKIFL,Shree Krishna Infrastructure L,Active,M,10.0,INE951Z01013,,Equity
542155,DGL,Diksha Greens Limited,Active,MT,10.0,INE01GR01018,,Equity
542176,ARYAN,Aryan Share & Stock Brokers Lt,Active,X,10.0,INE016X01010,,Equity
542206,NIVAKA,NIVAKA FASHIONS LIMITED,Active,XT,1.0,INE139E01028,,Equity
542216,DALBHARAT,DALMIA BHARAT LIMITED,Active,A,2.0,INE00R701025,,Equity
542231,NILASPACES,Nila Spaces Ltd,Active,B,1.0,INE00S901012,,Equity
542232,SRD,Shankar Lal Rampal Dye-Chem Li,Active,B,10.0,INE01NE01012,,Equity
542233,TREJHARA,Trejhara Solutions Limited,Active,B,10.0,INE00CA01015,,Equity
542248,DECCAN,Deccan Health Care Limited,Active,T,10.0,INE452W01019,,Equity
542285,AXITA,Axita Cotton Limited,Active,B,1.0,INE02EZ01022,,Equity
542323,KPIGREEN,KPI Green Energy Limited,Active,A,5.0,INE542W01025,,Equity
542332,HIKLASS,Hi-Klass Trading and Investmen,Active,XT,5.0,INE302R01024,,Equity
542333,RPSGVENT,RPSG VENTURES LIMITED,Active,B,10.0,INE425Y01011,,Equity
542337,SPENCERS,Spencer's Retail Limited,Active,B,5.0,INE020801028,,Equity
542351,GLOSTERLTD,Gloster Ltd,Active,B,10.0,INE350Z01018,,Equity
542367,XELPMOC,Xelpmoc Design and Tech Limite,Active,B,10.0,INE01P501012,,Equity
542376,SPACAPS,SPA Capital Services Limited,Active,XT,10.0,INE726X01014,,Equity
542377,AARSHYAM,Aar Shyam India Investment Com,Active,XT,10.0,INE512R01010,,Equity
542383,RITCO,Ritco Logistics Limited,Active,B,10.0,INE01EG01016,,Equity
542399,CHALET,Chalet Hotels Limited,Active,A,10.0,INE427F01016,,Equity
542437,ANMOL,Anmol India Limited,Active,B,10.0,INE02AR01019,,Equity
542446,JONJUA,Jonjua Overseas Limited,Active,M,10.0,INE793Z01027,,Equity
542459,KRANTI,Kranti Industries Limited,Active,B,10.0,INE911T01010,,Equity
542460,ANUP,The Anup Engineering Ltd,Active,B,10.0,INE294Z01018,,Equity
542477,GLAAMUP,GLAAM UP JWEL LIMITED,Active,MT,10.0,INE03CM01014,,Equity
542484,ARVINDFASN,Arvind Fashions Limited,Active,A,4.0,INE955V01021,,Equity
542503,MAHIP,Mahip Industries Limited,Active,MT,10.0,INE00CX01017,,Equity
542524,AIHL,AMBASSADOR INTRA HOLDINGS LIMI,Active,X,10.0,INE342U01016,,Equity
542543,ENERGYINF,Energy Infrastructure Trust,Active,IF,0.0,INE05KD23015,,Equity
542544,JYOTIN,Jyot International Marketing L,Active,XT,10.0,INE043R01016,,Equity
542579,AGOL,Ashapuri Gold Ornament Limited,Active,B,1.0,INE05FR01029,,Equity
542580,AARTECH,Aartech Solonics Limited,Active,T,5.0,INE01C001026,,Equity
542592,HBEL,Humming Bird Education Limited,Active,MT,1.0,INE02PC01027,,Equity
542597,MSTCLTD,MSTC Limited,Active,B,10.0,INE255X01014,,Equity
542599,ROOPSHRI,Roopshri Resorts Limited,Active,MT,10.0,INE03WT01017,,Equity
542602,EMBASSY,Embassy Office Parks REIT,Active,IF,0.0,INE041025011,,Equity
542627,CHANDNIMACH,Chandni Machines Limited,Active,XT,10.0,INE01GZ01011,,Equity
542628,NSL,Northern Spirits Limited,Active,B,10.0,INE01BL01012,,Equity
542649,RVNL,Rail Vikas Nigam Limited,Active,A,10.0,INE415G01027,,Equity
542650,METROPOLIS,Metropolis Healthcare Limited,Active,A,2.0,INE112L01020,,Equity
542651,KPITTECH,KPIT Technologies Ltd,Active,A,10.0,INE04I401011,,Equity
542652,POLYCAB,Polycab India Limited,Active,A,10.0,INE455K01017,,Equity
542654,VRFILMS,V R FILMS & STUDIOS LIMITED,Active,B,10.0,INE06LG01010,,Equity
542655,VIKASLIFE,VIKAS LIFECARE LIMITED,Active,B,1.0,INE161L01027,,Equity
542665,NEOGEN,Neogen Chemicals Limited,Active,B,10.0,INE136S01016,,Equity
542666,GKP,G. K. P. Printing & Packaging,Active,B,10.0,INE05QJ01015,,Equity
542668,EVANS,EVANS ELECTRIC LIMITED,Active,M,10.0,INE06TD01010,,Equity
542669,BMW,BMW INDUSTRIES LIMITED,Active,X,1.0,INE374E01021,,Equity
542670,AEPL,Artemis Electricals and Projec,Active,B,1.0,INE757T01025,,Equity
542677,MAHESH,Mahesh Developers Limited,Active,X,10.0,INE01MO01013,,Equity
542678,CHCL,Cian Healthcare Limited,Active,MT,10.0,INE05BN01027,,Equity
542679,DEL,Dhanashree Electronics Limited,Active,X,10.0,INE413F01016,,Equity
542682,HARISH,Harish Textile Engineers Limit,Active,X,10.0,INE01K301012,,Equity
542684,PPL,Prakash Pipes Limited,Active,T,10.0,INE050001010,,Equity
542685,DGCONTENT,Digicontent Limited,Active,B,2.0,INE03JI01017,,Equity
542694,PARSHVA,Parshva Enterprises Limited,Active,B,10.0,INE05MV01019,,Equity
542721,ARL,Anand Rayons Limited,Active,B,10.0,INE02GA01012,,Equity
542725,SBC,SBC EXPORTS LIMITED,Active,B,1.0,INE04AK01028,,Equity
542726,INDIAMART,IndiaMART InterMESH Limited,Active,A,10.0,INE933S01016,,Equity
542727,CPML,CITY PULSE MULTIVENTURES LIMIT,Active,M,10.0,INE056001014,,Equity
542728,SKIEL,SK International Export Limite,Active,MT,10.0,INE04ST01013,,Equity
542729,DCMNVL,DCM NOUVELLE LIMITED,Active,B,10.0,INE08KP01019,,Equity
542752,AFFLE,AFFLE 3I LIMITED,Active,A,2.0,INE00WC01027,,Equity
542759,SPANDANA,Spandana Sphoorty Financial Li,Active,B,10.0,INE572J01011,,Equity
542760,SWSOLAR,STERLING AND WILSON RENEWABLE,Active,B,1.0,INE00M201021,,Equity
542765,TRANSPACT,Transpact Enterprises Limited,Active,MS,10.0,INE06YD01010,,Equity
542770,ALPHALOGIC,Alphalogic Techsys Limited,Active,B,5.0,INE08E401029,,Equity
542771,NOVATEOR,Novateor Research Laboratories,Active,M,10.0,INE08JY01013,,Equity
542772,360ONE,360 ONE WAM LIMITED,Active,A,1.0,INE466L01038,,Equity
542773,IIFLCAPS,IIFL CAPITAL SERVICES LIMITED,Active,A,2.0,INE489L01022,,Equity
542774,MUFIN,MUFIN GREEN FINANCE LIMITED,Active,B,1.0,INE08KJ01020,,Equity
542801,MISQUITA,Misquita Engineering Limited,Active,M,10.0,INE957W01025,,Equity
542802,GALACTICO,Galactico Corporate Services L,Active,B,1.0,INE906Y01028,,Equity
542803,VEL,Vaxfab Enterprises Limited,Active,X,10.0,INE560T01015,,Equity
542812,FLUOROCHEM,Gujarat Fluorochemicals Limite,Active,A,1.0,INE09N301011,,Equity
542830,IRCTC,Indian Railway Catering and To,Active,A,2.0,INE335Y01020,,Equity
542850,GOBLIN,GOBLIN INDIA LIMITED,Active,M,10.0,INE492Z01018,,Equity
542851,GENSOL,Gensol Engineering Limited,Active,Z,10.0,INE06H201014,,Equity
542852,VISHWARAJ,Vishwaraj Sugar Industries Lim,Active,B,2.0,INE430N01022,,Equity
542857,GREENPANEL,Greenpanel Industries Limited,Active,B,1.0,INE08ZM01014,,Equity
542862,SHAHLON,Shahlon Silk Industries Limite,Active,X,2.0,INE052001026,,Equity
542864,MOUNT,MOUNT HOUSING AND INFRASTRUCTU,Active,XT,10.0,INE444X01014,,Equity
542865,ANUROOP,Anuroop Packaging Limited,Active,B,10.0,INE490Z01012,,Equity
542866,COLAB,COLAB PLATFORMS LIMITED,Active,B,1.0,INE317W01030,,Equity
542867,CSBBANK,CSB Bank Limited,Active,A,10.0,INE679A01013,,Equity
542904,UJJIVANSFB,Ujjivan Small Finance Bank Lim,Active,A,10.0,INE551W01018,,Equity
542905,HINDWAREAP,Hindware Home Innovation Limit,Active,B,2.0,INE05AN01011,,Equity
542906,EASUN,Easun Capital Markets Limited,Active,XT,10.0,INE771C01014,,Equity
542907,PRINCEPIPE,Prince Pipes and Fittings Limi,Active,B,10.0,INE689W01016,,Equity
542910,VALENCIA,Valencia Nutrition Limited,Active,MS,10.0,INE08RT01016,,Equity
542911,ASSAMENT,Assam Entrade Limited,Active,B,10.0,INE165G01010,,Equity
542918,GIANLIFE,Gian Life Care Limited,Active,Z,10.0,INE063601012,,Equity
542919,ARTEMISMED,Artemis Medicare Services Limi,Active,B,1.0,INE025R01021,,Equity
542920,SUMICHEM,SUMITOMO CHEMICAL INDIA LIMITE,Active,A,10.0,INE258G01013,,Equity
542923,TRANWAY21,TRANWAY21 TECHNOLOGIES LIMITED,Active,TS,10.0,INE0BIW01023,,Equity
542931,VARDHANCFL,Vardhan Capital & Finance Limi,Active,XT,10.0,INE128G01018,,Equity
542933,UNIVPHOTO,UNIVERSUS PHOTO IMAGINGS LIMIT,Active,T,10.0,INE03V001013,,Equity
542934,CBPL,Chandra Bhagat Pharma Limited,Active,M,10.0,INE07QQ01016,,Equity
542938,OCTAVIUSPL,Octavius Plantations Limited,Active,X,10.0,INE117S01016,,Equity
543064,COHANCE,Cohance Lifesciences Limited,Active,A,1.0,INE03QK01018,,Equity
543065,SMAUTO,SM Auto Stamping Limited,Active,M,10.0,INE0C4I01011,,Equity
543066,SBICARD,SBI CARDS AND PAYMENT SERVICES,Active,A,10.0,INE018E01016,,Equity
543171,ROJL,RO Jewels Limited,Active,B,2.0,INE0BDU01028,,Equity
543172,COSPOWER,Cospower Engineering Limited,Active,MT,10.0,INE0CQB01010,,Equity
543187,POWERINDIA,HITACHI ENERGY INDIA LIMITED,Active,A,2.0,INE07Y701011,,Equity
543193,DJML,DJ Mediaprint & Logistics Limi,Active,B,10.0,INE0B1K01014,,Equity
543194,NIRMITEE,Nirmitee Robotics India Limite,Active,MS,10.0,INE0CPQ01010,,Equity
543207,NATURAL,Natural Biocon (India) Limited,Active,X,10.0,INE06MM01016,,Equity
543208,REGIS,REGIS INDUSTRIES LIMITED,Active,X,1.0,INE745R01024,,Equity
543209,BILLWIN,Billwin Industries Limited,Active,M,10.0,INE0CRS01012,,Equity
543210,AARTISURF,Aarti Surfactants Limited,Active,T,10.0,INE09EO01013,,Equity
543211,BONLON,BONLON INDUSTRIES LIMITED,Active,B,10.0,INE0B9A01018,,Equity
543212,BOROLTD,Borosil Limited,Active,B,1.0,INE02PY01013,,Equity
543213,ROSSARI,ROSSARI BIOTECH LIMITED,Active,B,2.0,INE02A801020,,Equity
543214,NDRAUTO,NDR Auto Components Limited,Active,B,10.0,INE07OG01012,,Equity
543217,MINDSPACE,Mindspace Business Parks REIT,Active,IF,0.0,INE0CCU25019,,Equity
543218,SBGLP,SURATWWALA BUSINESS GROUP LIMI,Active,B,1.0,INE05ST01028,,Equity
543220,MAXHEALTH,Max Healthcare Institute Limit,Active,A,10.0,INE027H01010,,Equity
543223,MAXIND,Max India Limited,Active,B,10.0,INE0CG601016,,Equity
543225,ALTIUSINVIT,Altius Telecom Infrastructure,Active,IF,0.0,INE0BWS23018,,Equity
543227,HAPPSTMNDS,Happiest Minds Technologies Li,Active,A,2.0,INE419U01012,,Equity
543228,ROUTE,Route Mobile Limited,Active,B,10.0,INE450U01017,,Equity
543229,SAMRATFORG,Samrat Forgings Limited,Active,X,10.0,INE412J01010,,Equity
543230,ADVAIT,ADVAIT ENERGY TRANSITIONS LIMI,Active,B,10.0,INE0ALI01010,,Equity
543231,ADL,Archidply Decor Limited,Active,B,10.0,INE0CHO01012,,Equity
543232,CAMS,Computer Age Management Servic,Active,A,2.0,INE596I01020,,Equity
543233,CHEMCON,Chemcon Speciality Chemicals L,Active,T,10.0,INE03YM01018,,Equity
543234,SECMARK,Secmark Consultancy Limited,Active,B,10.0,INE0BTM01013,,Equity
543235,ANGELONE,ANGEL ONE LIMITED,Active,A,1.0,INE732I01021,,Equity
543236,ATAM,Atam Valves Limited,Active,B,10.0,INE09KD01013,,Equity
543237,MAZDOCK,Mazagon Dock Shipbuilders Limi,Active,A,5.0,INE249Z01020,,Equity
543238,UTIAMC,UTI Asset Management Company L,Active,A,10.0,INE094J01016,,Equity
543239,GMPL,G M Polyplast Limited,Active,M,10.0,INE0E2801015,,Equity
543240,LIKHITHA,Likhitha Infrastructure Limite,Active,B,5.0,INE060901027,,Equity
543241,VGIL,Veer Global Infraconstruction,Active,B,10.0,INE244W01010,,Equity
543242,HEMIPROP,Hemisphere Properties India Li,Active,B,10.0,INE0AJG01018,,Equity
543243,EQUITASBNK,Equitas Small Finance Bank Lim,Active,A,10.0,INE063P01018,,Equity
543244,SHINEFASH,Shine Fashions (India) Limited,Active,M,5.0,INE0BLY01023,,Equity
543245,GLAND,Gland Pharma Limited,Active,A,1.0,INE068V01023,,Equity
543247,NETPIX,Net Pix Shorts Digital Media L,Active,TS,10.0,INE0D5F01013,,Equity
543248,RBA,Restaurant Brands Asia Limited,Active,A,10.0,INE07T201019,,Equity
543249,TARC,TARC LIMITED,Active,B,2.0,INE0EK901012,,Equity
543251,RVHL,Ravinder Heights Limited,Active,B,1.0,INE09E501017,,Equity
543252,FAIRCHEMOR,Fairchem Organics Limited,Active,T,10.0,INE0DNW01011,,Equity
543253,BECTORFOOD,Mrs. Bectors Food Specialities,Active,B,2.0,INE495P01020,,Equity
543254,AWHCL,Antony Waste Handling Cell Lim,Active,B,5.0,INE01BK01022,,Equity
543256,RFLL,RITA FINANCE AND LEASING LIMIT,Active,X,10.0,INE018S01016,,Equity
543257,IRFC,Indian Railway Finance Corpora,Active,A,10.0,INE053F01010,,Equity
543258,INDIGOPNTS,Indigo Paints Limited,Active,A,10.0,INE09VQ01012,,Equity
543259,HOMEFIRST,Home First Finance Company Ind,Active,A,2.0,INE481N01025,,Equity
543260,STOVEKRAFT,STOVE KRAFT LIMITED,Active,B,10.0,INE00IN01015,,Equity
543261,BIRET,Brookfield India Real Estate T,Active,IF,0.0,INE0FDU25010,,Equity
543262,MRP,MRP Agro Limited,Active,M,10.0,INE0D7801012,,Equity
543263,SMCGLOBAL,SMC Global Securities Limited,Active,B,2.0,INE103C01036,,Equity
543264,NURECA,Nureca Limited,Active,T,10.0,INE0DSF01015,,Equity
543265,RAILTEL,RailTel Corporation of India L,Active,A,10.0,INE0DD101019,,Equity
543266,HERANBA,Heranba Industries Limited,Active,B,10.0,INE694N01015,,Equity
543267,DAVANGERE,Davangere Sugar Company Limite,Active,B,1.0,INE179G01029,,Equity
543268,DRCSYSTEMS,DRC Systems India Limited,Active,B,1.0,INE03RS01027,,Equity
543269,ADJIA,Adjia Technologies Limited,Active,TS,10.0,INE0G0V01018,,Equity
543270,MTARTECH,MTAR Technologies Limited,Active,T,10.0,INE864I01014,,Equity
543271,JUBLINGREA,Jubilant Ingrevia Limited,Active,A,1.0,INE0BY001018,,Equity
543272,EASEMYTRIP,Easy Trip Planners Limited,Active,B,1.0,INE07O001026,,Equity
543273,KMEW,Knowledge Marine & Engineering,Active,B,5.0,INE0CJD01029,,Equity
543275,ANURAS,Anupam Rasayan India Limited,Active,A,10.0,INE930P01018,,Equity
543276,CRAFTSMAN,Craftsman Automation Limited,Active,A,5.0,INE00LO01017,,Equity
543277,LXCHEM,Laxmi Organic Industries Limit,Active,B,2.0,INE576O01020,,Equity
543278,KALYANKJIL,Kalyan Jewellers India Limited,Active,A,10.0,INE303R01014,,Equity
543279,SURYODAY,Suryoday Small Finance Bank Li,Active,B,10.0,INE428Q01011,,Equity
543280,NAZARA,Nazara Technologies Limited,Active,A,2.0,INE418L01047,,Equity
543281,SUVIDHAA,Suvidhaa Infoserve Limited,Active,B,1.0,INE018401013,,Equity
543282,NIKSTECH,Niks Technology Limited,Active,TS,10.0,INE0GX601011,,Equity
543283,UFBL,UNITED FOODBRANDS LIMITED,Active,T,5.0,INE382M01027,,Equity
543284,EKI,EKI Energy Services Limited,Active,B,10.0,INE0CPR01018,,Equity
543285,RCAN,Rajeshwari Cans Limited,Active,M,10.0,INE0CQ101015,,Equity
543286,ARTEMISADR,Artemis ADR Marketplace Limite,Active,MT,10.0,INE0D9X01018,,Equity
543287,LODHA,Lodha Developers Limited,Active,A,10.0,INE670K01029,,Equity
543288,DEEPINDS,Deep Industries Limited,Active,B,5.0,INE0FHS01024,,Equity
543289,KGES,Kuberan Global Edu Solutions L,Active,TS,10.0,INE04CO01018,,Equity
543290,PGINVIT,POWERGRID Infrastructure Inves,Active,IF,0.0,INE0GGX23010,,Equity
543298,VINEETLAB,Vineet Laboratories Limited,Active,B,10.0,INE505Y01010,,Equity
543299,SHYAMMETL,Shyam Metalics and Energy Limi,Active,A,10.0,INE810G01011,,Equity
543300,SONACOMS,Sona BLW Precision Forgings Li,Active,A,10.0,INE073K01018,,Equity
543306,DODLA,Dodla Dairy Limited,Active,A,10.0,INE021O01019,,Equity
543308,KIMS,Krishna Institute of Medical S,Active,A,2.0,INE967H01025,,Equity
543309,ADESHWAR,Adeshwar Meditex Limited,Active,M,10.0,INE0H8J01015,,Equity
543310,TIMESGREEN,Times Green Energy (India) Lim,Active,MT,10.0,INE0B6101012,,Equity
543311,IPL,India Pesticides Limited,Active,B,1.0,INE0D6701023,,Equity
543312,FOCUS,Focus Business Solution Limite,Active,M,10.0,INE0DXR01010,,Equity
543317,GRINFRA,G R Infraprojects Limited,Active,B,5.0,INE201P01022,,Equity
543318,CLEAN,Clean Science and Technology L,Active,A,1.0,INE227W01023,,Equity
543319,AAPLUSTRAD,AA Plus Tradelink Limited,Active,M,1.0,INE0C5901022,,Equity
543320,ETERNAL,Eternal Limited,Active,A,1.0,INE758T01015,,Equity
543321,TATVA,Tatva Chintan Pharma Chem Limi,Active,B,10.0,INE0GK401011,,Equity
543322,ALIVUS,ALIVUS LIFE SCIENCES LIMITED,Active,A,2.0,INE03Q201024,,Equity
543324,GCSL,Gretex Corporate Services Limi,Active,B,10.0,INE199P01028,,Equity
543325,ROLEXRINGS,Rolex Rings Limited,Active,B,1.0,INE645S01024,,Equity
543327,EXXARO,Exxaro Tiles Limited,Active,B,1.0,INE0GFE01026,,Equity
543328,KRSNAA,Krsnaa Diagnostics Limited,Active,B,5.0,INE08LI01020,,Equity
543329,WINDLAS,Windlas Biotech Limited,Active,B,5.0,INE0H5O01029,,Equity
543330,DEVYANI,Devyani International Limited,Active,A,1.0,INE872J01023,,Equity
543331,MOL,Meghmani Organics Limited,Active,B,1.0,INE0CT101020,,Equity
543332,EPIGRAL,Epigral Limited,Active,B,10.0,INE071N01016,,Equity
543333,CARTRADE,CarTrade Tech Limited,Active,A,10.0,INE290S01011,,Equity
543334,NUVOCO,Nuvoco Vistas Corporation Limi,Active,A,10.0,INE118D01016,,Equity
543335,APTUS,Aptus Value Housing Finance In,Active,A,2.0,INE852O01025,,Equity
543336,CHEMPLASTS,Chemplast Sanmar Limited,Active,B,5.0,INE488A01050,,Equity
543341,SHARPLINE,SHARPLINE BROADCAST LIMITED,Active,X,10.0,INE647W01014,,Equity
543346,AASHKA,Aashka Hospitals Limited,Active,M,10.0,INE0EAX01014,,Equity
543349,ACUTAAS,ACUTAAS CHEMICALS LIMITED,Active,A,5.0,INE00FF01025,,Equity
543350,VIJAYA,Vijaya Diagnostic Centre Limit,Active,A,1.0,INE043W01024,,Equity
543351,NBL,Naapbooks Limited,Active,TS,10.0,INE0GOA01018,,Equity
543352,POBS,PlatinumOne Business Services,Active,M,10.0,INE0DTJ01015,,Equity
543358,SANSERA,Sansera Engineering Limited,Active,A,2.0,INE953O01021,,Equity
543363,PREVEST,Prevest Denpro Limited,Active,M,10.0,INE0GAO01018,,Equity
543364,MARKOLINES,Markolines Pavement Technologi,Active,B,10.0,INE0FW001016,,Equity
543366,SBLI,SBL Infratech Limited,Active,M,10.0,INE0DLM01024,,Equity
543367,PARAS,Paras Defence and Space Techno,Active,A,5.0,INE045601023,,Equity
543372,GETALONG,Getalong Enterprise Limited,Active,MT,1.0,INE0H1201020,,Equity
543373,SVRL,Shri Venkatesh Refineries Limi,Active,T,10.0,INE0HLJ01013,,Equity
543374,ABSLAMC,Aditya Birla Sun Life AMC Limi,Active,A,5.0,INE404A01024,,Equity
543375,PROMAX,Promax Power Limited,Active,M,10.0,INE0I2F01015,,Equity
543376,SAMOR,Samor Reality Limited,Active,B,10.0,INE0GD201014,,Equity
543377,ADISHAKTI,Adishakti Loha and Ispat Limit,Active,M,10.0,INE0CWK01019,,Equity
543378,CWD,CWD Limited,Active,MS,10.0,INE0H8H01019,,Equity
543384,NYKAA,FSN E-Commerce Ventures Limite,Active,A,1.0,INE388Y01029,,Equity
543385,NHIT,National Highways Infra Trust,Active,IF,0.0,INE0H7R23014,,Equity
543386,FINOPB,Fino Payments Bank Limited,Active,B,10.0,INE02NC01014,,Equity
543387,SJS,S.J.S. Enterprises Limited,Active,A,10.0,INE284S01014,,Equity
543389,SIGACHI,Sigachi Industries Limited,Active,B,1.0,INE0D0K01022,,Equity
543390,POLICYBZR,PB Fintech Limited,Active,A,2.0,INE417T01026,,Equity
543391,SGFRL,Suyog Gurbaxani Funicular Rope,Active,M,10.0,INE07GA01011,,Equity
543396,PAYTM,One 97 Communications Limited,Active,A,1.0,INE982J01020,,Equity
543397,SAPPHIRE,Sapphire Foods India Limited,Active,A,2.0,INE806T01020,,Equity
543398,LATENTVIEW,Latent View Analytics Limited,Active,A,1.0,INE0I7C01011,,Equity
543399,TARSONS,Tarsons Products Limited,Active,B,2.0,INE144Z01023,,Equity
543400,OMNIPOTENT,Omnipotent Industries Limited,Active,M,10.0,INE0JFE01012,,Equity
543401,GOCOLORS,Go Fashion (India) Limited,Active,B,10.0,INE0BJS01011,,Equity
543410,DMR,DMR ENGINEERING LIMITED,Active,M,10.0,INE07L501010,,Equity
543411,HITECH,HI-TECH PIPES LIMITED,Active,B,1.0,INE106T01025,,Equity
543412,STARHEALTH,Star Health and Allied Insuran,Active,A,10.0,INE575P01011,,Equity
543413,TEGA,Tega Industries Limited,Active,A,10.0,INE011K01018,,Equity
543415,ANANDRATHI,Anand Rathi Wealth Limited,Active,A,5.0,INE463V01026,,Equity
543416,ZODIAC,Zodiac Energy Limited,Active,B,10.0,INE761Y01019,,Equity
543417,RATEGAIN,RateGain Travel Technologies L,Active,A,1.0,INE0CLI01024,,Equity
543419,SHRIRAMPPS,Shriram Properties Limited,Active,B,10.0,INE217L01019,,Equity
543420,JETFREIGHT,Jet Freight Logistics Limited,Active,B,5.0,INE982V01025,,Equity
543425,MAPMYINDIA,C.E. Info Systems Limited,Active,A,2.0,INE0BV301023,,Equity
543426,METROBRAND,Metro Brands Limited,Active,A,5.0,INE317I01021,,Equity
543427,MEDPLUS,Medplus Health Services Limite,Active,A,2.0,INE804L01022,,Equity
543428,DATAPATTNS,Data Patterns (India) Limited,Active,A,2.0,INE0IX101010,,Equity
543433,HPAL,HP Adhesives Limited,Active,B,2.0,INE0GSL01024,,Equity
543434,SUPRIYA,Supriya Lifescience Limited,Active,B,2.0,INE07RO01027,,Equity
543435,CLARA,CLARA INDUSTRIES LIMITED,Active,M,10.0,INE0JJS01014,,Equity
543436,WITS,Wherrelz IT Solutions Limited,Active,TS,10.0,INE0IM001015,,Equity
543441,CMSINFO,CMS Info Systems Limited,Active,A,10.0,INE925R01014,,Equity
543442,BCONCEPTS,Brand Concepts Limited,Active,B,10.0,INE977Y01011,,Equity
543443,ASCENSIVE,Ascensive Educare Limited,Active,MS,1.0,INE0E4I01027,,Equity
543444,FABINO,FABINO ENTERPRISES LIMITED,Active,M,10.0,INE0DRT01018,,Equity
543449,WEL,WONDER ELECTRICALS LIMITED,Active,B,1.0,INE02WG01024,,Equity
543451,AGSTRA,AGS TRANSACT TECHNOLOGIES LIMI,Active,Z,10.0,INE583L01014,,Equity
543453,ALKOSIGN,ALKOSIGN LIMITED,Active,M,10.0,INE0KA601012,,Equity
543458,AWL,AWL AGRI BUSINESS LIMITED,Active,A,1.0,INE699H01024,,Equity
543460,QRIL,Quality RO Industries Limited,Active,M,10.0,INE0KAF01018,,Equity
543461,SSTL,Safa Systems & Technologies Li,Active,M,10.0,INE0JNA01014,,Equity
543462,DEVIT,DEV INFORMATION TECHNOLOGY LIM,Active,B,2.0,INE060X01034,,Equity
543463,MANYAVAR,Vedant Fashions Limited,Active,A,1.0,INE825V01034,,Equity
543464,SPITZE,Maruti Interior Products Limit,Active,M,10.0,INE0JSJ01014,,Equity
543470,SOFTTECH,SoftTech Engineers Limited,Active,B,10.0,INE728Z01015,,Equity
543475,EKENNIS,Ekennis Software Service Limit,Active,M,10.0,INE0KCM01010,,Equity
543482,EUREKAFORB,Eureka Forbes Limited,Active,A,10.0,INE0KCE01017,,Equity
543489,GATEWAY,Gateway Distriparks Limited,Active,B,10.0,INE079J01017,,Equity
543490,GMRP&UI,GMR Power and Urban Infra Limi,Active,A,5.0,INE0CU601026,,Equity
543497,BCCL,Bhatia Colour Chem Limited,Active,M,10.0,INE0KQ001017,,Equity
543498,MSUMI,Motherson Sumi Wiring India Li,Active,A,1.0,INE0FS801015,,Equity
543499,ACHYUT,Achyut Healthcare Limited,Active,T,1.0,INE0K1401020,,Equity
543500,EVOQ,Evoq Remedies Limited,Active,MT,10.0,INE0JVD01011,,Equity
543512,AVROIND,Avro India Limited,Active,B,1.0,INE652Z01025,,Equity
543513,UMAEXPORTS,Uma Exports Limited,Active,T,10.0,INE0GIU01018,,Equity
543514,VERANDA,Veranda Learning Solutions Lim,Active,B,10.0,INE0IQ001011,,Equity
543515,SEML,Sunrise Efficient Marketing Li,Active,MT,10.0,INE0KPY01017,,Equity
543516,DHYAANITR,DHYAANI TRADEVENTTURES LIMITED,Active,MT,10.0,INE0K5F01014,,Equity
543517,HARIOMPIPE,Hariom Pipe Industries Limited,Active,B,10.0,INE00EV01017,,Equity
543518,EIGHTY,Eighty Jewellers Limited,Active,MT,10.0,INE0KSN01014,,Equity
543519,SFSL,Shashwat Furnishing Solutions,Active,M,10.0,INE0JMN01019,,Equity
543520,GLHRL,Global Longlife Hospital and R,Active,M,10.0,INE0J2K01014,,Equity
543521,FONE4,Fone4 Communications (India) L,Active,M,10.0,INE0L3H01014,,Equity
543522,NVENTURES,Nanavati Ventures Limited,Active,M,10.0,INE0E5R01017,,Equity
543523,CAMPUS,Campus Activewear Limited,Active,A,5.0,INE278Y01022,,Equity
543524,RAINBOW,Rainbow Children's Medicare Li,Active,A,10.0,INE961O01016,,Equity
543525,SILVERTUC,Silver Touch Technologies Limi,Active,B,2.0,INE625X01026,,Equity
543526,LICI,LIFE INSURANCE CORPORATION OF,Active,A,10.0,INE0J1Y01017,,Equity
543527,PRUDENT,Prudent Corporate Advisory Ser,Active,A,5.0,INE00F201020,,Equity
543528,VENUSPIPES,Venus Pipes & Tubes Limited,Active,B,10.0,INE0JA001018,,Equity
543529,DELHIVERY,Delhivery Limited,Active,A,1.0,INE148O01028,,Equity
543530,PARADEEP,Paradeep Phosphates Limited,Active,A,10.0,INE088F01024,,Equity
543531,TIERRA,Tierra Agrotech Limited,Active,X,10.0,INE05CY01014,,Equity
543532,ETHOSLTD,ETHOS LIMITED,Active,A,10.0,INE04TZ01018,,Equity
543533,EMUDHRA,eMudhra Limited,Active,B,5.0,INE01QM01018,,Equity
543534,AETHER,Aether Industries Limited,Active,A,10.0,INE0BWX01014,,Equity
543535,WEWIN,We Win Limited,Active,B,10.0,INE082W01014,,Equity
543536,SILVERPRL,Silver Pearl Hospitality & Lux,Active,M,10.0,INE0KXN01014,,Equity
543537,SCARNOSE,Scarnose International Limited,Active,M,10.0,INE0IXR01019,,Equity
543538,GOEL,Goel Food Products Limited,Active,M,10.0,INE0K6L01010,,Equity
543539,MODIS,MODI'S NAVNIRMAN LIMITED,Active,B,10.0,INE0L0L01012,,Equity
543540,PGCRL,Pearl Green Clubs and Resorts,Active,M,10.0,INE0GTX01019,,Equity
543541,SAILANI,SAILANI TOURS N TRAVELS LIMITE,Active,M,10.0,INE0KHQ01010,,Equity
543542,KESAR,KESAR INDIA LIMITED,Active,M,10.0,INE0L1C01019,,Equity
543543,BRRL,B-RIGHT REALESTATE LIMITED,Active,M,10.0,INE0IZQ01016,,Equity
543544,JAYANT,JAYANT INFRATECH LIMITED,Active,MT,10.0,INE0KR801019,,Equity
543545,VEERKRUPA,Veerkrupa Jewellers Limited,Active,M,1.0,INE0ID001024,,Equity
543546,HEALTHYLIFE,HEALTHY LIFE AGRITEC LIMITED,Active,MT,10.0,INE0L3501015,,Equity
543547,DDEVPLSTIK,DDEV PLASTIKS INDUSTRIES LIMIT,Active,B,1.0,INE0HR601026,,Equity
543573,SYRMA,Syrma SGS Technology Limited,Active,A,10.0,INE0DYJ01015,,Equity
543578,OLATECH,Olatech Solutions Limited,Active,M,10.0,INE0M3901015,,Equity
543579,NATURO,NATURO INDIABULL LIMITED,Active,MT,10.0,INE0JNB01012,,Equity
543590,RHETAN,Rhetan TMT Limited,Active,B,1.0,INE0KKN01029,,Equity
543591,DREAMFOLKS,DREAMFOLKS SERVICES LIMITED,Active,B,2.0,INE0JS101016,,Equity
543593,DBOL,Dhampur Bio Organics Limited,Active,B,10.0,INE0I3401014,,Equity
543594,DPL,DIPNA PHARMACHEM LIMITED,Active,M,10.0,INE0MC401013,,Equity
543595,EPBIO,EP BIOCOMPOSITES LIMITED,Active,M,10.0,INE0D2I01014,,Equity
543596,TMB,Tamilnad Mercantile Bank Limit,Active,A,10.0,INE668A01016,,Equity
543597,VOEPL,Virtuoso Optoelectronics Limit,Active,B,10.0,INE0I0T01010,,Equity
543598,SISL,SHANTIDOOT INFRA SERVICES LIMI,Active,MT,10.0,INE0LU301014,,Equity
543599,KSOLVES,Ksolves India Limited,Active,B,5.0,INE0D6I01023,,Equity
543600,HARSHA,Harsha Engineers International,Active,B,10.0,INE0JUS01029,,Equity
543606,CONTAINE,CONTAINE TECHNOLOGIES LIMITED,Active,M,10.0,INE0M8901010,,Equity
543613,MAFIA,MAFIA TRENDS LIMITED,Active,M,10.0,INE0KQQ01011,,Equity
543614,TIPSFILMS,Tips Films Limited,Active,B,10.0,INE0LQS01015,,Equity
543615,SRSOLTD,SILICON RENTAL SOLUTIONS LIMIT,Active,M,10.0,INE0MNV01014,,Equity
543616,TLL,Trident Lifeline Limited,Active,M,10.0,INE0MKA01014,,Equity
543617,REETECH,REETECH INTERNATIONAL LIMITED,Active,M,10.0,INE0MKO01015,,Equity
543618,CARGOTRANS,Cargotrans Maritime Limited,Active,M,10.0,INE0M4L01013,,Equity
543619,CNCRD,Concord Control Systems Limite,Active,M,10.0,INE0N0J01014,,Equity
543620,INA,INSOLATION ENERGY LIMITED,Active,B,1.0,INE0LGX01024,,Equity
543621,CARGOSOL,Cargosol Logistics Limited,Active,MT,10.0,INE0KZM01011,,Equity
543622,STML,STEELMAN TELECOM LIMITED,Active,M,10.0,INE0MSK01016,,Equity
543623,VEDANTASSET,VEDANT ASSET LIMITED,Active,MT,10.0,INE0NC801013,,Equity
543626,EMIL,Electronics Mart India Limited,Active,B,10.0,INE02YR01019,,Equity
543635,PPLPHARMA,PIRAMAL PHARMA LIMITED,Active,A,10.0,INE0DK501011,,Equity
543636,DCI,Dc Infotech and Communication,Active,B,10.0,INE0A1101019,,Equity
543637,PACE,PACE E-COMMERCE VENTURES LIMIT,Active,M,10.0,INE0N1L01018,,Equity
543638,TRACXN,Tracxn Technologies Limited,Active,B,1.0,INE0HMF01019,,Equity
543643,NARMADA,Narmada Agrobase Limited,Active,B,5.0,INE117Z01029,,Equity
543644,INFOBEAN,InfoBeans Technologies Limited,Active,B,10.0,INE344S01016,,Equity
543645,HPIL,HINDPRAKASH INDUSTRIES LIMITED,Active,B,10.0,INE05X901010,,Equity
543650,DCXINDIA,DCX Systems Limited,Active,B,2.0,INE0KL801015,,Equity
543651,DAPS,DAPS ADVERTISING LIMITED,Active,MT,10.0,INE975Z01012,,Equity
543652,FUSION,FUSION FINANCE LIMITED,Active,B,10.0,INE139R01012,,Equity
543653,BIKAJI,Bikaji Foods International Lim,Active,A,1.0,INE00E101023,,Equity
543654,MEDANTA,Global Health Limited,Active,A,2.0,INE474Q01031,,Equity
543655,ANZEN,Anzen India Energy Yield Plus,Active,IF,0.0,INE0MIZ23019,,Equity
543656,TECHNOPACK,Technopack Polymers Limited,Active,M,10.0,INE0MXP01015,,Equity
543657,ACI,Archean Chemical Industries Li,Active,A,2.0,INE128X01021,,Equity
543663,FIVESTAR,Five-Star Business Finance Ltd,Active,A,1.0,INE128S01021,,Equity
543664,KAYNES,KAYNES TECHNOLOGY INDIA LIMITE,Active,A,10.0,INE918Z01012,,Equity
543667,INOXGREEN,INOX GREEN ENERGY SERVICES LIM,Active,A,10.0,INE510W01014,,Equity
543668,BBTCL,B&B Triplewall Containers Limi,Active,B,10.0,INE01EE01011,,Equity
543669,RUSTOMJEE,Keystone Realtors Limited,Active,B,10.0,INE263M01029,,Equity
543670,VINNY,VINNY OVERSEAS LIMITED,Active,B,1.0,INE01KI01027,,Equity
543671,AAATECH,AAA TECHNOLOGIES LIMITED,Active,B,10.0,INE0D0U01013,,Equity
543678,AMBOAGRI,AMBO AGRITEC LIMITED,Active,M,10.0,INE0N6V01016,,Equity
543686,SIRCA,Sirca Paints India Limited,Active,B,10.0,INE792Z01011,,Equity
543687,DHARMAJ,Dharmaj Crop Guard Limited,Active,B,10.0,INE00OQ01016,,Equity
543688,SARVESHWAR,Sarveshwar Foods Limited,Active,B,1.0,INE324X01026,,Equity
543689,UNIPARTS,Uniparts India Limited,Active,B,10.0,INE244O01017,,Equity
543709,GARGI,PNGS GARGI FASHION JEWELLERY L,Active,M,10.0,INE0NT601018,,Equity
543711,SULA,Sula Vineyards Limited,Active,B,2.0,INE142Q01026,,Equity
543712,AFSL,ABANS FINANCIAL SERVICES LIMIT,Active,B,2.0,INE00ZE01026,,Equity
543713,DRONACHRYA,Droneacharya Aerial Innovation,Active,M,10.0,INE0MQD01015,,Equity
543714,LANDMARK,LANDMARK CARS LIMITED,Active,B,5.0,INE559R01029,,Equity
543720,KFINTECH,KFin Technologies Limited,Active,A,10.0,INE138Y01010,,Equity
543725,ELIN,Elin Electronics Limited,Active,B,5.0,INE050401020,,Equity
543732,RADIANTCMS,Radiant Cash Management Servic,Active,B,1.0,INE855R01021,,Equity
543737,AVEER,Aveer Foods Limited,Active,X,10.0,INE09BN01011,,Equity
543743,AERONEU,Aeroflex Neu Limited,Active,B,10.0,INE035801013,,Equity
543744,REXSEAL,Rex Sealing and Packing Indust,Active,M,10.0,INE0MFT01014,,Equity
543745,SVS,SVS VENTURES LIMITED,Active,M,10.0,INE0MID01012,,Equity
543746,LOGICA,LOGICA INFOWAY LIMITED,Active,M,10.0,INE0BSU01018,,Equity
543747,KAMOPAINTS,Kamdhenu Ventures Limited,Active,B,1.0,INE0BTI01037,,Equity
543748,AARTIPHARM,Aarti Pharmalabs Limited,Active,A,5.0,INE0LRU01027,,Equity
543753,DHARNI,DHARNI CAPITAL SERVICES LIMITE,Active,M,1.0,INE0M9Q01011,,Equity
543754,TRANSVOY,TRANSVOY LOGISTICS INDIA LIMIT,Active,MT,10.0,INE0MPU01011,,Equity
543765,EARTH,Earthstahl & Alloys Limited,Active,M,10.0,INE0O4V01010,,Equity
543766,ASHIKAG,Ashika Global Securities Limit,Active,T,10.0,INE094B01013,Finance (including NBFCs),Equity
543767,BTML,BODHI TREE MULTIMEDIA LIMITED,Active,B,1.0,INE0EEJ01023,,Equity
543768,NSLNISP,NMDC Steel Limited,Active,A,10.0,INE0NNS01018,,Equity
543769,INDONG,INDONG TEA COMPANY LIMITED,Active,MT,10.0,INE0KN201016,,Equity
543782,SEALMATIC,Sealmatic India Limited,Active,M,10.0,INE0O4601016,,Equity
543787,ROBU,Macfos Limited,Active,M,10.0,INE0OLH01013,,Equity
543798,PATRON,Patron Exim Limited,Active,M,10.0,INE0NPA01011,,Equity
543799,SVJ,S. V. J. Enterprises Limited,Active,M,10.0,INE0JZS01010,,Equity
543804,AMANAYA,AMANAYA VENTURES LIMITED,Active,M,10.0,INE0G1V01016,,Equity
543805,RESGEN,RESGEN LIMITED,Active,M,10.0,INE0NYN01016,,Equity
543806,ITCONS,ITCONS E-Solutions Limited,Active,M,10.0,INE0O6A01019,,Equity
543811,AIRAN,AIRAN LIMITED,Active,B,2.0,INE645W01026,,Equity
543812,DIVGIITTS,DIVGI TORQTRANSFER SYSTEMS LIM,Active,B,5.0,INE753U01022,,Equity
543814,PCL,PROSPECT CONSUMER PRODUCTS LIM,Active,M,10.0,INE0OKG01017,,Equity
543828,SUDARSHAN,SUDARSHAN PHARMA INDUSTRIES LI,Active,M,1.0,INE00TV01023,,Equity
543829,GSLSU,Global Surfaces Limited,Active,B,10.0,INE0JSX01015,,Equity
543830,LABELKRAFT,LABELKRAFT TECHNOLOGIES LIMITE,Active,M,10.0,INE0NLJ01011,,Equity
543831,BRIGHT,Bright Outdoor Media Limited,Active,M,10.0,INE0OMI01019,,Equity
543843,COMMAND,Command Polymers Limited,Active,MT,10.0,INE0LKQ01012,,Equity
543848,DEVLAB,Dev Labtech Venture Limited,Active,M,5.0,INE0NIJ01025,,Equity
543859,DIGIFIBRE,Digital Fibre Infrastructure T,Active,IF,0.0,INE0CDI23017,,Equity
543860,JAFINANCE,J.A. Finance Limited,Active,X,10.0,INE825B01010,,Equity
543861,USK,Udayshivakumar infra limited,Active,B,10.0,INE0N0Y01013,,Equity
543874,MAIDEN,Maiden Forgings Limited,Active,M,10.0,INE0O1T01010,,Equity
543895,EXHICON,Exhicon Events Media Solutions,Active,M,10.0,INE0O8901016,,Equity
543896,AVALON,Avalon Technologies Limited,Active,A,2.0,INE0LCL01028,,Equity
543897,SANCODE,Sancode Technologies Limited,Active,MT,10.0,INE0P7001013,,Equity
543898,BLAL,BEML Land Assets Limited,Active,B,10.0,INE0N7W01012,,Equity
543899,CUBEINVIT,Cube Highways Trust,Active,IF,0.0,INE0NR623014,,Equity
543901,RHL,ROBUST HOTELS LIMITED,Active,B,10.0,INE508K01013,,Equity
543902,RETINA,Retina Paints Limited,Active,M,10.0,INE0NTC01019,,Equity
543904,MANKIND,Mankind Pharma Limited,Active,A,1.0,INE634S01028,,Equity
543905,INNOKAIZ,INNOKAIZ INDIA LIMITED,Active,MT,10.0,INE0LDI01022,,Equity
543910,AVG,AVG Logistics Limited,Active,T,10.0,INE680Z01018,,Equity
543911,ATALREAL,Atal Realtech Limited,Active,B,2.0,INE0ALR01029,,Equity
543912,PIGL,Power & Instrumentation (Gujar,Active,B,10.0,INE557Z01018,,Equity
543913,NXST,Nexus Select Trust,Active,IF,0.0,INE0NDH25011,,Equity
543914,SWATIPRO,Swati Projects Limited,Active,XT,10.0,INE210F01016,,Equity
543915,PAVNAIND,Pavna Industries Limited,Active,B,1.0,INE07S101038,,Equity
543916,HSIL,Hemant Surgical Industries Lim,Active,M,10.0,INE0GYI01028,,Equity
543917,SIGMA,SIGMA SOLVE LIMITED,Active,B,1.0,INE0A0S01028,,Equity
543918,GHCLTEXTIL,GHCL Textiles Limited,Active,B,2.0,INE0PA801013,,Equity
543919,MKPL,M.K.Proteins Limited,Active,B,1.0,INE964W01021,,Equity
543920,CFF,CFF FLUID CONTROL LIMITED,Active,M,10.0,INE0NJ001013,,Equity
543921,COMRADE,Comrade Appliances Limited,Active,MT,10.0,INE0NXA01015,,Equity
543923,IKIO,IKIO Technologies Limited,Active,B,10.0,INE0LOJ01019,,Equity
543924,SONALIS,Sonalis Consumer Products Limi,Active,M,10.0,INE0N5O01013,,Equity
543925,MIT,Maple Infrastructure Trust,Active,IF,0.0,INE0M5S23019,,Equity
543926,BIZOTIC,Bizotic Commercial Limited,Active,M,10.0,INE0OJ401014,,Equity
543927,ASIAN,Asian Warehousing Limited,Active,X,10.0,INE04Z101016,,Equity
543928,COSMICCRF,Cosmic CRF Limited,Active,MT,10.0,INE0ORA01015,,Equity
543929,HMAAGRO,HMA Agro Industries Limited,Active,B,1.0,INE0ECP01024,,Equity
543930,URAVIDEF,Uravi Defence and Technology L,Active,T,10.0,INE568Z01015,,Equity
543931,VEEFIN,VEEFIN SOLUTIONS LIMITED,Active,M,10.0,INE0Q0M01015,,Equity
543932,IDEAFORGE,IDEAFORGE TECHNOLOGY LIMITED,Active,B,10.0,INE349Y01013,,Equity
543933,CYIENTDLM,Cyient DLM Limited,Active,B,10.0,INE055S01018,,Equity
543934,MACIND,Machhar Industries Limited,Active,X,10.0,INE01BT01015,,Equity
543936,SENCO,Senco Gold Limited,Active,A,5.0,INE602W01027,,Equity
543937,ALPHAIND,ALPHALOGIC INDUSTRIES LIMITED,Active,M,10.0,INE0NZF01019,,Equity
543938,ACCELERATE,ACCELERATEBS INDIA LIMITED,Active,M,10.0,INE0POP01017,,Equity
543939,KAKA,Kaka Industries Limited,Active,M,10.0,INE0P3N01018,,Equity
543940,JIOFIN,Jio Financial Services Limited,Active,A,10.0,INE758E01017,,Equity
543941,AHASOLAR,AHASOLAR TECHNOLOGIES LIMITED,Active,M,10.0,INE0NEV01011,,Equity
543942,UTKARSHBNK,UTKARSH SMALL FINANCE BANK LIM,Active,B,10.0,INE735W01017,,Equity
543943,ASARFI,ASARFI HOSPITAL LIMITED,Active,M,10.0,INE0DN001027,,Equity
543945,NETWEB,NETWEB TECHNOLOGIES INDIA LIMI,Active,A,2.0,INE0NT901020,,Equity
543950,YATHARTH,YATHARTH HOSPITAL & TRAUMA CAR,Active,A,10.0,INE0JO301016,,Equity
543952,NIITMTS,NIIT Learning Systems Limited,Active,B,2.0,INE342G01023,,Equity
543953,KHAZANCHI,Khazanchi Jewellers Limited,Active,M,10.0,INE0OWC01011,,Equity
543954,ATL,Allcargo Terminals Limited,Active,B,2.0,INE0NN701020,,Equity
543955,TREL,Transindia Real Estate Limited,Active,B,2.0,INE0O3901029,,Equity
543957,REDTAPE,REDTAPE Limited,Active,B,2.0,INE0LXT01019,,Equity
543958,VLEGOV,VL E-Governance & IT Solutions,Active,T,10.0,INE03HW01020,,Equity
543959,SBFC,SBFC Finance Limited,Active,A,10.0,INE423Y01016,,Equity
543960,CONCORDBIO,Concord Biotech Limited,Active,A,1.0,INE338H01029,,Equity
543962,DPWIRES,D.P. WIRES LIMITED,Active,T,10.0,INE864X01013,,Equity
543963,SHELTER,SHELTER PHARMA LIMITED,Active,M,10.0,INE013V01011,,Equity
543965,TVSSCS,TVS Supply Chain Solutions Lim,Active,B,1.0,INE395N01027,,Equity
543969,PYRAMID,Pyramid Technoplast Limited,Active,B,10.0,INE0MIS01010,,Equity
543970,SHOORA,Shoora Designs Limited,Active,M,10.0,INE0OJZ01019,,Equity
543971,BONDADA,Bondada Engineering Limited,Active,M,2.0,INE0Q8P01029,,Equity
543972,AEROFLEX,Aeroflex Industries Limited,Active,B,2.0,INE024001021,,Equity
543974,VPRPL,VISHNU PRAKASH R PUNGLIA LIMIT,Active,B,10.0,INE0AE001013,,Equity
543976,SHRAAITECH,Shradha AI Technologies Limite,Active,X,2.0,INE489B01031,,Equity
543977,RISHABH,Rishabh Instruments Limited,Active,B,10.0,INE0N2P01017,,Equity
543978,RATNAVEER,Ratnaveer Precision Engineerin,Active,B,10.0,INE05CZ01011,,Equity
543979,KAHAN,Kahan Packaging Limited,Active,MT,10.0,INE04T901017,,Equity
543980,JLHL,Jupiter Life Line Hospitals Li,Active,A,2.0,INE682M01020,,Equity
543981,RRKABEL,R R KABEL LIMITED,Active,A,5.0,INE777K01022,,Equity
543982,QUESTFLOW,QUEST FLOW CONTROLS LIMITED,Active,MT,10.0,INE0OYE01013,,Equity
543983,EMSLIMITED,EMS LIMITED,Active,B,10.0,INE0OV601013,,Equity
543984,SAMHI,Samhi Hotels Limited,Active,A,1.0,INE08U801020,,Equity
543985,ZAGGLE,ZAGGLE PREPAID OCEAN SERVICES,Active,A,1.0,INE07K301024,,Equity
543986,SOUTHWEST,South West Pinnacle Exploratio,Active,B,10.0,INE980Y01015,,Equity
543988,NUVAMA,Nuvama Wealth Management Limit,Active,A,2.0,INE531F01023,,Equity
543989,KALAMANDIR,Sai Silks (Kalamandir) Limited,Active,B,2.0,INE438K01021,,Equity
543990,SIGNATURE,SIGNATUREGLOBAL (INDIA) LIMITE,Active,A,1.0,INE903U01023,,Equity
543991,TECHKGREEN,TECHKNOWGREEN SOLUTIONS LIMITE,Active,M,10.0,INE0P4P01011,,Equity
543992,YATRA,YATRA ONLINE LIMITED,Active,B,1.0,INE0JR601024,,Equity
543993,ARCL,ARCL Organics Ltd,Active,B,10.0,INE372M01010,,Equity
543994,JSWINFRA,JSW Infrastructure Limited,Active,A,2.0,INE880J01026,,Equity
543995,MVGJL,MANOJ VAIBHAV GEMS 'N' JEWELLE,Active,B,10.0,INE0KNT01012,,Equity
543996,UDS,Updater Services Limited,Active,B,10.0,INE851I01011,,Equity
543997,ORGANICREC,ORGANIC RECYCLING SYSTEMS LIMI,Active,M,10.0,INE0MIO01019,,Equity
543998,VALIANTLAB,Valiant Laboratories Limited,Active,B,10.0,INE0JWS01017,,Equity
544000,CCAL,CITY CROPS AGRO LIMITED,Active,MT,10.0,INE0M7501019,,Equity
544001,SUNITATOOL,Sunita Tools Limited,Active,MT,10.0,INE0Q1S01010,,Equity
544002,VIVAA,Vivaa Tradecom Limited,Active,MT,10.0,INE0PA601017,,Equity
544003,PLAZACABLE,Plaza Wires Limited,Active,B,10.0,INE0INJ01017,,Equity
544004,IRMENERGY,IRM ENERGY LIMITED,Active,B,10.0,INE07U701015,,Equity
544005,ISCITRUST,Intelligent Supply Chain Infra,Active,IF,0.0,INE0QSW23016,,Equity
544008,MAXESTATES,Max Estates Limited,Active,B,10.0,INE03EI01018,,Equity
544009,BLUEJET,Blue Jet Healthcare Limited,Active,A,2.0,INE0KBH01020,,Equity
544011,VPL,Vrundavan Plantation Limited,Active,M,10.0,INE0Q6901013,,Equity
544012,CELLO,Cello World Limited,Active,A,5.0,INE0LMW01024,,Equity
544013,KKSHL,KK Shah Hospitals Limited,Active,M,10.0,INE0OH401016,,Equity
544014,HONASA,Honasa Consumer Limited,Active,A,10.0,INE0J5401028,,Equity
544015,MISHDESIGN,Mish Designs Limited,Active,M,10.0,INE0QI101019,,Equity
544020,ESAFSFB,ESAF Small Finance Bank Ltd,Active,T,10.0,INE818W01011,,Equity
544021,PROTEAN,Protean eGov Technologies Limi,Active,A,10.0,INE004A01022,,Equity
544022,ASKAUTOLTD,ASK Automotive Limited,Active,B,2.0,INE491J01022,,Equity
544023,KALYANI,Kalyani Cast-Tech Limited,Active,M,10.0,INE0N6U01018,,Equity
544025,ARROWHEAD,Arrowhead Seperation Engineeri,Active,M,10.0,INE0PP401015,,Equity
544026,IREDA,Indian Renewable Energy Develo,Active,A,10.0,INE202E01016,,Equity
544027,FEDFINA,Fedbank Financial Services Lim,Active,B,10.0,INE007N01010,,Equity
544028,TATATECH,Tata Technologies Limited,Active,A,2.0,INE142M01025,,Equity
544029,GANDHAR,Gandhar Oil Refinery (India) L,Active,B,2.0,INE717W01049,,Equity
544030,FLAIR,Flair Writing Industries Limit,Active,B,5.0,INE00Y201027,,Equity
544035,SPL,Swashthik Plascon Limited,Active,M,10.0,INE0RDR01012,,Equity
544036,DEEPAKCHEM,DEEPAK CHEMTEX LIMITED,Active,M,10.0,INE0RDM01013,,Equity
544037,AMIC,Amic Forging Limited,Active,M,10.0,INE0P9J01013,,Equity
544042,BAJEL,Bajel Projects Limited,Active,B,2.0,INE0KQN01018,,Equity
544044,INDIASHLTR,India Shelter Finance Corporat,Active,A,5.0,INE922K01024,,Equity
544045,DOMS,DOMS Industries Limited,Active,A,10.0,INE321T01012,,Equity
544046,INOXINDIA,INOX India Limited,Active,A,2.0,INE616N01034,,Equity
544047,SIYARAM,Siyaram Recycling Industries L,Active,M,10.0,INE0QSK01017,,Equity
544052,BENCHMARK,Benchmark Computer Solutions L,Active,MT,10.0,INE0Q2Z01013,,Equity
544053,MOTISONS,Motisons Jewellers Limited,Active,B,1.0,INE0FRK01020,,Equity
544054,SURAJEST,Suraj Estate Developers Limite,Active,B,5.0,INE843S01025,,Equity
544055,MUTHOOTMF,Muthoot Microfin Limited,Active,B,10.0,INE046W01019,,Equity
544056,SMARITIME,Sahara Maritime Limited,Active,M,10.0,INE0PSJ01011,,Equity
544057,HAPPYFORGE,Happy Forgings Limited,Active,B,2.0,INE330T01021,,Equity
544058,MUFTI,Credo Brands Marketing Limited,Active,B,2.0,INE220Q01020,,Equity
544059,SHANTIDENM,SHANTI SPINTEX LIMITED,Active,M,10.0,INE0QZQ01019,,Equity
544060,RBZJEWEL,RBZ Jewellers Limited,Active,B,10.0,INE0PEQ01016,,Equity
544061,AZAD,Azad Engineering Limited,Active,A,2.0,INE02IJ01035,,Equity
544066,SUNCLAY,SUNDARAM-CLAYTON LIMITED,Active,B,5.0,INE0Q3R01026,,Equity
544067,INNOVACAP,INNOVA CAPTAB LIMITED,Active,B,10.0,INE0DUT01020,,Equity
544072,AIKPIPES,AIK Pipes and Polymers Limited,Active,M,10.0,INE0QFT01015,,Equity
544073,MCPL,Manoj Ceramic Limited,Active,M,10.0,INE0A6N01026,,Equity
544074,SBVCL,Shri Balaji Valve Components L,Active,MT,10.0,INE0RNZ01014,,Equity
544079,DIGIDRIVE,DIGIDRIVE DISTRIBUTORS LIMITED,Active,B,10.0,INE0PSC01024,,Equity
544080,SHILINDORE,Sayaji Hotels (Indore) Limited,Active,X,10.0,INE0MGS01014,,Equity
544081,JYOTICNC,Jyoti CNC Automation Limited,Active,A,2.0,INE980O01024,,Equity
544082,SWANAGRO,New Swan Multitech Limited,Active,M,10.0,INE0GEN01012,,Equity
544083,SHREE,Shree Marutinandan Tubes Limit,Active,M,10.0,INE0QIS01011,,Equity
544088,MEDIASSIST,Medi Assist Healthcare Service,Active,A,5.0,INE456Z01021,,Equity
544090,SHPLPUNE,Sayaji Hotels (Pune) Limited,Active,X,10.0,INE07G501017,,Equity
544091,QLL,Qualitek Labs Limited,Active,M,10.0,INE0Q1R01012,,Equity
544094,EUPHORIAIT,Euphoria Infotech (India) Limi,Active,M,10.0,INE0PYT01018,,Equity
544095,EPACK,EPACK Durable Limited,Active,B,10.0,INE0G5901015,,Equity
544100,NOVAAGRI,Nova Agritech Limited,Active,T,2.0,INE02H701025,,Equity
544101,BRISK,Brisk Technovision Limited,Active,MT,10.0,INE0Q6L01014,,Equity
544105,HARSHDEEP,HARSHDEEP HORTICO LIMITED,Active,M,10.0,INE0OLZ01015,,Equity
544106,MCFL,Mayank Cattle Food Limited,Active,MT,10.0,INE0R5Z01015,,Equity
544107,BLSE,BLS E-Services Limited,Active,B,10.0,INE0NLT01010,,Equity
544108,GPSL,Gabriel Pet Straps Limited,Active,M,10.0,INE0QZF01012,,Equity
544111,PARKHOTELS,Apeejay Surrendra Park Hotels,Active,B,1.0,INE988S01028,,Equity
544112,JGTL,JASCH GAUGING TECHNOLOGIES LIM,Active,X,10.0,INE0QXV01014,,Equity
544117,SIGNPOST,Signpost India Limited,Active,B,2.0,INE0KGZ01021,,Equity
544118,JSFB,JANA SMALL FINANCE BANK LIMITE,Active,A,10.0,INE953L01027,,Equity
544119,RPTECH,Rashi Peripherals Limited,Active,B,5.0,INE0J1F01024,,Equity
544120,CAPITALSFB,Capital Small Finance Bank Ltd,Active,B,10.0,INE646H01017,,Equity
544121,RUDRAGAS,Rudra Gas Enterprise Limited,Active,M,10.0,INE0OYK01010,,Equity
544122,ENTERO,Entero Healthcare Solutions Li,Active,B,10.0,INE010601016,,Equity
544124,VSTL,VIBHOR STEEL TUBES LIMITED,Active,B,10.0,INE0QTF01015,,Equity
544129,JUNIPER,Juniper Hotels Limited,Active,B,10.0,INE696F01016,,Equity
544131,GPTHEALTH,GPT Healthcare Limited,Active,B,10.0,INE486R01017,,Equity
544133,EXICOM,EXICOM TELE-SYSTEMS LIMITED,Active,B,10.0,INE777F01014,,Equity
544134,PLATIND,Platinum Industries Limited,Active,B,10.0,INE0PT501018,,Equity
544135,MUKKA,Mukka Proteins Limited,Active,B,1.0,INE0CG401037,,Equity
544136,RKSWAMY,R K Swamy Limited,Active,B,5.0,INE0NQ801033,,Equity
544137,INDUSINVIT,Indus Infra Trust,Active,IF,0.0,INE0NHL23019,,Equity
544138,JGCHEM,J.G.Chemicals Limited,Active,B,10.0,INE0MB501011,,Equity
544139,KOURA,KOURA FINE DIAMOND JEWELRY LIM,Active,M,10.0,INE0M8R01011,,Equity
544140,GOPAL,Gopal Snacks Limited,Active,B,1.0,INE0L9R01028,,Equity
544141,PESB,Pune E - Stock Broking Limited,Active,M,10.0,INE510U01018,,Equity
544142,SCILAL,Shipping Corporation of India,Active,B,10.0,INE0PB301013,,Equity
544143,ROYAL,Royal Sense Limited,Active,M,10.0,INE0QQG01019,,Equity
544144,PVSL,Popular Vehicles and Services,Active,B,2.0,INE772T01024,,Equity
544149,KRYSTAL,KRYSTAL INTEGRATED SERVICES LI,Active,B,10.0,INE0QN801017,,Equity
544150,KPGEL,KP GREEN ENGINEERING LIMITED,Active,M,5.0,INE0QVH01025,,Equity
544151,CHATHA,CHATHA FOODS LIMITED,Active,M,10.0,INE0AH901011,,Equity
544156,GCONNECT,Gconnect Logitech and Supply C,Active,M,10.0,INE0QHY01011,,Equity
544157,VRUDDHI,Vruddhi Engineering Works Limi,Active,M,10.0,INE0OMZ01013,,Equity
544158,SRM,SRM CONTRACTORS LIMITED,Active,B,10.0,INE0R6Z01013,,Equity
544160,JAYKAILASH,Jay Kailash Namkeen Limited,Active,MT,10.0,INE0MSS01019,,Equity
544161,DPABHUSHAN,D P ABHUSHAN LIMITED,Active,B,10.0,INE266Y01019,,Equity
544162,BHARTIHEXA,Bharti Hexacom Limited,Active,A,5.0,INE343G01021,,Equity
544163,GVL,Greenhitech Ventures Limited,Active,M,10.0,INE0S0701019,,Equity
544164,FAALCON,Faalcon Concepts Limited,Active,MT,10.0,INE0Q9W01015,,Equity
544165,SHIVAM,SHIVAM CHEMICALS LIMITED,Active,M,10.0,INE0SGR01013,,Equity
544166,EMMFORCE,EMMFORCE AUTOTECH LIMITED,Active,MT,10.0,INE0SDC01012,,Equity
544167,JNKINDIA,JNK India Limited,Active,B,2.0,INE0OAF01028,,Equity
544168,VARYAA,VARYAA CREATIONS LIMITED,Active,M,10.0,INE0R6801013,,Equity
544169,AMKAY,Amkay Products Limited,Active,M,10.0,INE0QSB01016,,Equity
544170,DKUAL,Dolphin Kitchen Utensils and A,Active,M,10.0,INE0QXT01018,,Equity
544171,STAL,Storage Technologies and Autom,Active,MT,10.0,INE0RGM01016,,Equity
544172,INDGN,Indegene Limited,Active,A,2.0,INE065X01017,,Equity
544173,FTL,Finelistings Technologies Limi,Active,M,10.0,INE0QOQ01013,,Equity
544174,TBOTEK,TBO TEK LIMITED,Active,A,1.0,INE673O01025,,Equity
544175,TGIF,TGIF AGRIBUSINESS LIMITED,Active,M,10.0,INE0SMU01015,,Equity
544176,AADHARHFC,Aadhar Housing Finance Limited,Active,A,10.0,INE883F01010,,Equity
544177,AZTEC,Aztec Fluids & Machinery Limit,Active,M,10.0,INE0SCB01016,,Equity
544178,PIOTEX,PIOTEX INDUSTRIES LIMITED,Active,M,10.0,INE0R4W01015,,Equity
544179,GODIGIT,Go Digit General Insurance Lim,Active,A,10.0,INE03JT01014,,Equity
544181,AWFIS,Awfis Space Solutions Limited,Active,A,10.0,INE108V01019,,Equity
544183,ASSOCIATED,Associated Coaters Limited,Active,M,10.0,INE0RIQ01013,,Equity
544184,BOROSCI,Borosil Scientific Limited,Active,B,1.0,INE02L001032,,Equity
544185,ADTECH,ADTECH SYSTEMS LIMITED,Active,X,10.0,INE257C01014,,Equity
544186,TOTEM,Forbes Precision Tools and Mac,Active,X,10.0,INE0TT901016,,Equity
544187,KRONOX,KRONOX LAB SCIENCES LIMITED,Active,B,10.0,INE0ATZ01017,,Equity
544188,MAGENTA,Magenta Lifecare Limited,Active,M,10.0,INE0QZ901011,,Equity
544189,SATTRIX,SATTRIX INFORMATION SECURITY L,Active,M,10.0,INE0QUV01010,,Equity
544190,3CIT,3C IT Solutions and Telecoms (,Active,M,5.0,INE0R7D01018,,Equity
544191,PURPLEFIN,Purple Finance Limited,Active,X,10.0,INE0CYK01015,,Equity
544192,IXIGO,Le Travenues Technology Limite,Active,A,1.0,INE0HV901016,,Equity
544195,COTFAB,United Cotfab Limited,Active,M,10.0,INE0S0I01011,,Equity
544197,RETAIL,JHS SVENDGAARD RETAIL VENTURES,Active,B,10.0,INE03DD01011,,Equity
544198,DEEDEV,DEE DEVELOPMENT ENGINEERS LIMI,Active,B,10.0,INE841L01016,,Equity
544199,GEMENVIRO,GEM Enviro Management Limited,Active,M,5.0,INE0RUJ01013,,Equity
544200,AFIL,Akme Fintrade (India) Limited,Active,B,1.0,INE916Y01027,,Equity
544201,DFPL,DINDIGUL FARM PRODUCT LIMITED,Active,M,10.0,INE0S6R01027,,Equity
544202,STANLEY,STANLEY LIFESTYLES LIMITED,Active,B,2.0,INE01A001028,,Equity
544203,ABDL,Allied Blenders and Distillers,Active,A,2.0,INE552Z01027,,Equity
544204,VRAJ,VRAJ IRON AND STEEL LIMITED,Active,B,10.0,INE0S2V01010,,Equity
544205,NPL,National Peroxide Limited,Active,XT,10.0,INE0PO601011,,Equity
544207,RELIABLE,Reliable Data Services Limited,Active,B,10.0,INE375Y01018,,Equity
544209,BANSALWIRE,Bansal Wire Industries Limited,Active,B,5.0,INE0B9K01025,,Equity
544210,EMCURE,Emcure Pharmaceuticals Limited,Active,A,10.0,INE168P01015,,Equity
544213,ACLD,AELEA COMMODITIES LIMITED,Active,M,10.0,INE0T3401029,,Equity
544214,THREEMPAPE,THREE M PAPER BOARDS LIMITED,Active,M,10.0,INE0UK501010,,Equity
544217,SANSTAR,SANSTAR LIMITED,Active,B,2.0,INE08NE01025,,Equity
544219,VVIPIL,VVIP Infratech Limited,Active,M,10.0,INE0MNP01016,,Equity
544220,CTLLAB,Clinitech Laboratory Limited,Active,M,10.0,INE0QMR01015,,Equity
544221,KIZI,Kizi Apparels Limited,Active,MT,10.0,INE0RMR01013,,Equity
544222,AKUMS,Akums Drugs and Pharmaceutical,Active,B,2.0,INE09XN01023,,Equity
544223,CEIGALL,Ceigall India Limited,Active,B,5.0,INE0AG901020,,Equity
544224,AFCOM,Afcom Holdings Limited,Active,M,10.0,INE0OXY01013,,Equity
544225,OLAELEC,Ola Electric Mobility Limited,Active,A,10.0,INE0LXG01040,,Equity
544226,FIRSTCRY,Brainbees Solutions Limited,Active,A,2.0,INE02RE01045,,Equity
544227,UNIECOM,UNICOMMERCE ESOLUTIONS LIMITED,Active,B,1.0,INE00U401027,,Equity
544230,SSDL,SARASWATI SAREE DEPOT LIMITED,Active,B,10.0,INE0PQ101010,,Equity
544231,BROACH,BROACH LIFECARE HOSPITAL LIMIT,Active,M,10.0,INE0SFZ01018,,Equity
544232,INTERARCH,Interarch Building Solutions L,Active,B,10.0,INE00M901018,,Equity
544233,MFML,Mahalaxmi Fabric Mills Limited,Active,B,10.0,INE0US801024,,Equity
544234,GLOBALE,Globale Tessile Limited,Active,B,10.0,INE0URU01010,,Equity
544235,ORIENTTECH,Orient Technologies Limited,Active,B,10.0,INE0PPK01015,,Equity
544236,RAL,Resourceful Automobile Limited,Active,MT,10.0,INE0SK201011,,Equity
544237,RAPID,RAPID MULTIMODAL LOGISTICS LIM,Active,M,10.0,INE0QA901010,,Equity
544238,PREMIERENE,Premier Energies Limited,Active,A,1.0,INE0BS701011,,Equity
544239,ECOSMOBLTY,ECOS (India) Mobility & Hospit,Active,T,2.0,INE06HJ01020,,Equity
544240,RAYMONDLSL,Raymond Lifestyle Limited,Active,A,2.0,INE02ID01020,,Equity
544242,TRAVELS,Travels & rentals Limited,Active,M,10.0,INE0SG001011,,Equity
544243,STYLEBAAZA,Baazar Style Retail Limited,Active,B,5.0,INE01FR01028,,Equity
544244,GALAPREC,Gala Precision Engineering Lim,Active,B,10.0,INE0RE001014,,Equity
544245,NHL,Naturewings Holidays Limited,Active,M,10.0,INE0N4701016,,Equity
544246,RVTH,Revathi Equipment India Limite,Active,B,10.0,INE0DAB01012,,Equity
544248,MACHLTD,MACH TRAVEL SOLUTIONS LIMITED,Active,M,10.0,INE0UYT01018,,Equity
544249,BALAJEE,SHREE TIRUPATI BALAJEE AGRO TR,Active,B,10.0,INE0S2G01011,,Equity
544250,SANOFICONR,Sanofi Consumer Healthcare Ind,Active,B,10.0,INE0UOS01011,,Equity
544251,SSL,Share Samadhan Limited,Active,MT,10.0,INE0LY301010,,Equity
544252,BAJAJHFL,Bajaj Housing Finance Limited,Active,A,10.0,INE377Y01014,,Equity
544253,KROSS,Kross Limited,Active,B,5.0,INE0O6601022,,Equity
544254,TOLINS,Tolins Tyres Limited,Active,B,5.0,INE0RWQ01014,,Equity
544256,PNGJL,P N GADGIL JEWELLERS LIMITED,Active,B,10.0,INE953R01016,,Equity
544257,SAFE,Sodhani Academy of Fintech Ena,Active,M,10.0,INE0Q3401017,,Equity
544258,WCIL,Western Carriers (India) Limit,Active,B,5.0,INE0CJF01024,,Equity
544259,PFL,POPULAR FOUNDATIONS LIMITED,Active,M,10.0,INE0PZB01013,,Equity
544260,NORTHARC,Northern Arc Capital Ltd.,Active,A,10.0,INE850M01015,,Equity
544261,ARKADE,ARKADE DEVELOPERS LIMITED,Active,B,10.0,INE0QRL01017,,Equity
544262,MANBA,Manba Finance Limited,Active,B,10.0,INE939X01013,,Equity
544263,KRN,KRN HEAT EXCHANGER AND REFRIGE,Active,A,10.0,INE0Q3J01015,,Equity
544264,DIFFNKG,Diffusion Engineers Limited,Active,B,10.0,INE184O01015,,Equity
544265,NEXXUS,Nexxus Petro Industries Limite,Active,M,10.0,INE0QUL01011,,Equity
544267,SUBAM,SUBAM PAPERS LIMITED,Active,M,10.0,INE0U6201010,,Equity
544269,NPFL,NEOPOLITAN PIZZA AND FOODS LIM,Active,M,10.0,INE471R01019,,Equity
544270,KGVL,Khyati Global Ventures Limited,Active,M,10.0,INE0S9501014,,Equity
544271,GARUDA,Garuda Construction and Engine,Active,B,5.0,INE0JVO01026,,Equity
544272,SHIVTEXCHEM,SHIV TEXCHEM LIMITED,Active,M,10.0,INE0YRO01015,,Equity
544273,MGEL,MANGALAM GLOBAL ENTERPRISE LIM,Active,T,1.0,INE0APB01032,,Equity
544274,HYUNDAI,HYUNDAI MOTOR INDIA LIMITED,Active,A,10.0,INE0V6F01027,,Equity
544276,DBEIL,Deepak Builders and Engineers,Active,T,1.0,INE0OPA01027,,Equity
544277,WAAREEENER,Waaree Energies Limited,Active,A,10.0,INE377N01017,,Equity
544278,OCCLLTD,OCCL Limited,Active,T,2.0,INE0PK601023,,Equity
544279,GODAVARIB,Godavari Biorefineries Limited,Active,B,10.0,INE497S01012,,Equity
544280,AFCONS,Afcons Infrastructure Limited,Active,A,10.0,INE101I01011,,Equity
544281,ABINFRA,A B INFRABUILD LIMITED,Active,T,1.0,INE00YB01025,,Equity
544282,SAGILITY,Sagility Limited,Active,A,10.0,INE0W2G01015,,Equity
544283,ACMESOLAR,ACME Solar Holdings Limited,Active,A,2.0,INE622W01025,,Equity
544285,SWIGGY,SWIGGY LIMITED,Active,A,1.0,INE00H001014,,Equity
544286,NIVABUPA,NIVA BUPA HEALTH INSURANCE COM,Active,A,10.0,INE995S01015,,Equity
544287,MANGALCOMP,Mangal Compusolution Limited,Active,M,10.0,INE0RU901015,,Equity
544288,BLACKBUCK,BlackBuck Limited,Active,A,1.0,INE0UIZ01018,,Equity
544289,NTPCGREEN,NTPC GREEN ENERGY LIMITED,Active,A,10.0,INE0ONG01011,,Equity
544290,EIEL,ENVIRO INFRA ENGINEERS LIMITED,Active,B,10.0,INE0LLY01014,,Equity
544291,RAJESH,RAJESH POWER SERVICES LIMITED,Active,M,10.0,INE0VN801010,,Equity
544292,ONESOURCE,Onesource Specialty Pharma Lim,Active,A,1.0,INE013P01021,,Equity
544293,SURAKSHA,SURAKSHA DIAGNOSTIC LIMITED,Active,B,2.0,INE877V01027,,Equity
544294,ROSSTECH,Rossell Techsys Limited,Active,B,2.0,INE0OJW01016,,Equity
544295,PSPLATINA,Property Share Investment Trus,Active,IF,0.0,INE19RO25013,,Equity
544296,NISUS,NISUS FINANCE SERVICES CO LIMI,Active,M,10.0,INE0DQN01013,,Equity
544301,ODIGMA,Odigma Consultancy Solutions L,Active,B,1.0,INE054301028,,Equity
544302,INNOVANA,Innovana Thinklabs Limited,Active,B,10.0,INE403Y01018,,Equity
544303,TTC,TOSS THE COIN LIMITED,Active,M,10.0,INE0XAY01012,,Equity
544304,JUNGLECAMP,JUNGLE CAMPS INDIA LIMITED,Active,M,10.0,INE0WCH01015,,Equity
544305,MOBIKWIK,One Mobikwik Systems Limited,Active,B,2.0,INE0HLU01028,,Equity
544306,SAILIFE,Sai Life Sciences Limited,Active,A,1.0,INE570L01029,,Equity
544307,VMM,Vishal Mega Mart Limited,Active,A,10.0,INE01EA01019,,Equity
544308,HILLTONE,Hilltone Software and Gases Lt,Active,X,10.0,INE168C01013,,Equity
544309,IKS,INVENTURUS KNOWLEDGE SOLUTIONS,Active,A,1.0,INE115Q01022,,Equity
544310,YASHHV,Yash Highvoltage Limited,Active,M,5.0,INE00GK01023,,Equity
544311,IGIL,International Gemological Inst,Active,A,2.0,INE0Q9301021,,Equity
544312,HAMPS,HAMPS BIO LIMITED,Active,M,10.0,INE0QBD01018,,Equity
544313,NACDAC,NACDAC Infrastructure Limited,Active,M,10.0,INE0LB101011,,Equity
544314,SANATHAN,Sanathan Textiles Limited,Active,B,10.0,INE0JPD01013,,Equity
544315,CEWATER,Concord Enviro Systems Limited,Active,B,5.0,INE037Z01029,,Equity
544316,DAMCAPITAL,DAM Capital Advisors Limited,Active,B,2.0,INE284H01025,,Equity
544317,TRANSRAILL,Transrail Lighting Limited,Active,A,2.0,INE454P01035,,Equity
544318,MAMATA,MAMATA MACHINERY LIMITED,Active,B,10.0,INE0TO701015,,Equity
544319,SENORES,SENORES PHARMACEUTICALS LIMITE,Active,A,10.0,INE0RB801010,,Equity
544320,CARRARO,CARRARO INDIA LIMITED,Active,B,10.0,INE0V7W01012,,Equity
544321,VENTIVE,Ventive Hospitality Limited,Active,B,1.0,INE781S01027,,Equity
544322,UNIMECH,Unimech Aerospace and Manufact,Active,B,5.0,INE0U3I01011,,Equity
544324,CITICHEM,Citichem India Limited,Active,M,10.0,INE0A8401016,,Equity
544325,ITCHOTELS,ITC Hotels Limited,Active,A,1.0,INE379A01028,,Equity
544327,TECHNICHEM,TECHNICHEM ORGANICS LIMITED,Active,M,10.0,INE0ZHT01012,,Equity
544328,INDOFARM,INDO FARM EQUIPMENT LIMITED,Active,B,10.0,INE622H01018,,Equity
544329,VANDU,LEO DRYFRUITS & SPICES TRADING,Active,M,10.0,INE0RH001011,,Equity
544330,PARMESHWAR,PARMESHWAR METAL LIMITED,Active,M,10.0,INE0QQJ01021,,Equity
544331,DAVIN,Davin Sons Retail Limited,Active,M,10.0,INE0Q2L01013,,Equity
544332,FABCLEAN,Fabtech Cleanrooms Limited,Active,MT,10.0,INE0HSD01011,,Equity
544333,SETL,STANDARD ENGINEERING TECHNOLOG,Active,B,10.0,INE0M4D01010,,Equity
544334,INDOBELL,Indobell Insulations Limited,Active,MT,10.0,INE0FK501019,,Equity
544335,BRGIL,B.R.GOYAL INFRASTRUCTURE LIMIT,Active,MT,10.0,INE00ST01011,,Equity
544336,QUADFUTURE,Quadrant Future Tek Limited,Active,B,10.0,INE0LRY01011,,Equity
544337,AVAX,Avax Apparels and Ornaments Li,Active,MT,5.0,INE0NQ401024,,Equity
544338,CAPINVIT,Capital Infra Trust,Active,IF,0.0,INE0Z8Z23013,,Equity
544339,LAXMIDENTL,Laxmi Dental Limited,Active,B,2.0,INE0WO601020,,Equity
544340,RIKHAV,Rikhav Securities Limited,Active,M,5.0,INE0CFH01028,,Equity
544341,LGLL,LANDMARK GLOBAL LEARNING LIMIT,Active,M,10.0,INE12QA01010,,Equity
544342,STALLION,Stallion India Fluorochemicals,Active,T,10.0,INE0RYC01010,,Equity
544343,CNINFOTECH,CAPITALNUMBERS INFOTECH  LIMIT,Active,M,10.0,INE0WXM01011,,Equity
544344,SHRIPISTON,SPR Auto Technologies Limited,Active,A,10.0,INE526E01018,,Equity
544345,DENTA,Denta Water and Infra Solution,Active,B,10.0,INE0R4L01018,,Equity
544346,RRECL,RDB Real Estate Constructions,Active,B,10.0,INE0AK901016,,Equity
544347,CLN,CLN ENERGY LIMITED,Active,MT,10.0,INE0WDX01010,,Equity
544348,GBLOGISTIC,GB Logistics Commerce Limited,Active,M,10.0,INE0RWU01016,,Equity
544349,HMEML,H.M. ELECTRO MECH LIMITED,Active,M,10.0,INE0DZD01015,,Equity
544350,AGARWALEYE,Dr. Agarwal's Health Care Limi,Active,A,1.0,INE943P01029,,Equity
544351,MALPANI,MALPANI PIPES AND FITTINGS LIM,Active,M,10.0,INE0YON01014,,Equity
544353,AMWILL,Amwill Health Care Limited,Active,M,10.0,INE0U2L01017,,Equity
544354,SOLARIUM,SOLARIUM GREEN ENERGY LIMITED,Active,M,10.0,INE0W0H01017,,Equity
544355,JUBLCPL,Jubilant Agri and Consumer Pro,Active,B,10.0,INE03CC01015,,Equity
544356,AJAXENGG,AJAX Engineering Limited,Active,B,1.0,INE274Y01021,,Equity
544361,COVANCE,COVANCE SOFTSOL LIMITED,Active,XT,10.0,INE0R8101016,,Equity
544362,HEXT,Hexaware Technologies Limited,Active,A,1.0,INE093A01041,,Equity
544364,BAJAJINDEF,Indef Manufacturing Limited,Active,B,1.0,INE0O9T01021,,Equity
544365,SHANMUGA,SHANMUGA HOSPITAL LIMITED,Active,M,10.0,INE0TD301017,,Equity
544366,LKMEHTA,L.K.MEHTA POLYMERS LIMITED,Active,M,10.0,INE0FFF01017,,Equity
544367,QPOWER,QUALITY POWER ELECTRICAL EQUIP,Active,B,10.0,INE0SII01026,,Equity
544368,SWASTH,Swasth Foodtech India Limited,Active,M,10.0,INE0TIR01017,,Equity
544369,BEEZAASAN,Beezaasan Explotech Limited,Active,MT,10.0,INE13VU01016,,Equity
544370,NUKLEUS,NUKLEUS OFFICE SOLUTIONS LIMIT,Active,M,10.0,INE0VYX01018,,Equity
544371,VIKRAMAR,VIKRAM AROMA LIMITED,Active,X,10.0,INE0NR501012,,Equity
544372,SHREENATH,SHREENATH PAPER PRODUCTS LIMIT,Active,M,10.0,INE0RXS01018,,Equity
544373,NAPSGLOBAL,NAPS Global India Limited,Active,M,10.0,INE0VNH01014,,Equity
544374,ROADSTAR,ROADSTAR INFRA INVESTMENT TRUS,Active,IF,0.0,INE0JEI23010,,Equity
544378,PSPL,PDP Shipping & Projects Limite,Active,M,10.0,INE0ABU01016,,Equity
544379,PRABHA,Prabha Energy Limited,Active,B,1.0,INE0I0M01023,,Equity
544381,SUPERIRON,Super Iron Foundry Limited,Active,M,10.0,INE16IQ01014,,Equity
544383,PPARIVAH,PARADEEP PARIVAHAN LIMITED,Active,MT,10.0,INE0SMW01011,,Equity
544386,SPECTRUM,Spectrum Electrical Industries,Active,T,10.0,INE01EO01010,,Equity
544387,DESCO,Desco Infratech Limited,Active,M,10.0,INE0TGG01014,,Equity
544388,IDENTIXWEB,Identixweb Limited,Active,M,10.0,INE0PA401012,,Equity
544390,ENRIN,Siemens Energy India Limited,Active,A,2.0,INE1NPP01017,,Equity
544391,RETAGGIO,Retaggio Industries Limited,Active,M,10.0,INE0KWJ01014,,Equity
544392,SPINAROO,SPINAROO COMMERCIAL LIMITED,Active,M,10.0,INE10XX01012,,Equity
544393,INFONATIVE,INFONATIVE SOLUTIONS LIMITED,Active,MT,1.0,INE12IB01015,,Equity
544395,STLNETWORK,STL Networks Limited,Active,B,2.0,INE1VXE01018,,Equity
544396,NPST,Network People Services Techno,Active,B,10.0,INE0FFK01017,,Equity
544397,ATHERENERG,Ather Energy Limited,Active,A,1.0,INE0LEZ01016,,Equity
544398,KENRIK,Kenrik Industries Limited,Active,M,10.0,INE0AOG01018,,Equity
544399,SRIGEE,SRIGEE DLM LIMITED,Active,M,10.0,INE0RJ901010,,Equity
544400,MANOJJEWEL,Manoj Jewellers Limited,Active,M,10.0,INE0MV001018,,Equity
544402,JASH,JASH ENGINEERING LIMITED,Active,B,2.0,INE039O01029,,Equity
544403,ABLBL,Aditya Birla Lifestyle Brands,Active,A,10.0,INE14LE01019,,Equity
544404,BORANA,BORANA WEAVES LIMITED,Active,B,10.0,INE16SF01016,,Equity
544405,BELRISE,BELRISE INDUSTRIES LIMITED,Active,A,5.0,INE894V01022,,Equity
544406,UNIFIED,UNIFIED DATA TECH SOLUTIONS LI,Active,M,10.0,INE1ABX01018,,Equity
544407,AEGISVOPAK,AEGIS VOPAK TERMINALS LIMITED,Active,A,10.0,INE0INX01018,,Equity
544408,THELEELA,Leela Palaces Hotels & Resorts,Active,A,10.0,INE0AQ201015,,Equity
544409,ASTONEALAB,ASTONEA LABS LIMITED,Active,MT,10.0,INE0TG901011,,Equity
544410,PROSTARM,PROSTARM INFO SYSTEMS LIMITED,Active,B,10.0,INE0BX301013,,Equity
544411,SCODATUBES,Scoda Tubes Limited,Active,B,10.0,INE090501011,,Equity
544412,3BFILMS,3B FILMS LIMITED,Active,M,10.0,INE0TE101010,,Equity
544413,DIGITIDE,Digitide Solutions Limited,Active,B,10.0,INE0U4701011,,Equity
544414,BLUSPRING,Bluspring Enterprises Limited,Active,B,10.0,INE0U4101014,,Equity
544416,KRISHIVAL,KRISHIVAL FOODS LIMITED,Active,B,10.0,INE0GGO01015,,Equity
544417,ATENPAPERS,Aten Papers & Foam Limited,Active,M,10.0,INE0XCV01014,,Equity
544418,OSWALPUMPS,Oswal Pumps Limited,Active,B,1.0,INE0BYP01024,,Equity
544419,ARIS,ArisInfra Solutions Limited,Active,B,2.0,INE0H9P01028,,Equity
544420,RAYMONDREL,Raymond Realty Limited,Active,B,10.0,INE1SY401010,,Equity
544421,ELLEN,ELLENBARRIE INDUSTRIAL GASES L,Active,B,2.0,INE236E01022,,Equity
544422,ABRFL,Abram Food Limited,Active,M,10.0,INE0ZDY01011,,Equity
544423,KALPATARU,Kalpataru Limited,Active,B,10.0,INE227J01012,,Equity
544424,GLOBECIVIL,GLOBE CIVIL PROJECTS LIMITED,Active,B,10.0,INE0V3U01015,,Equity
544425,AJCJEWEL,AJC Jewel Manufacturers Limite,Active,MT,10.0,INE0XRR01010,,Equity
544426,ICON,Icon Facilitators Limited,Active,M,10.0,INE0Y0E01012,,Equity
544428,SEVL,SUPERTECH EV LIMITED,Active,M,10.0,INE0SC101013,,Equity
544429,HDBFS,HDB FINANCIAL SERVICES LIMITED,Active,A,10.0,INE756I01012,,Equity
544430,SAMBHV,SAMBHV STEEL TUBES LIMITED,Active,B,10.0,INE12NJ01018,,Equity
544431,ACEALPHA,Ace Alpha Tech Limited,Active,M,10.0,INE0S9X01011,,Equity
544432,IGCL,Indogulf Cropsciences Limited,Active,B,10.0,INE05J901018,,Equity
544433,VALINDIA,Valencia India Limited,Active,M,10.0,INE130701019,,Equity
544434,NEETUYOSHI,Neetu Yoshi Limited,Active,MT,5.0,INE0UZO01024,,Equity
544435,ADCOUNTY,ADCOUNTY MEDIA INDIA LIMITED,Active,M,10.0,INE0W1601012,,Equity
544436,VANDAN,VANDAN FOODS LIMITED,Active,M,10.0,INE0RDJ01019,,Equity
544437,MARCLOIRE,MARC LOIRE FASHIONS LIMITED,Active,M,10.0,INE0TBQ01014,,Equity
544439,CRIZAC,CRIZAC LIMITED,Active,B,2.0,INE0S4R01014,,Equity
544440,CRYOGENIC,CRYOGENIC OGS LIMITED,Active,MT,10.0,INE0TL001013,,Equity
544441,METAINFO,META INFOTECH LIMITED,Active,MT,10.0,INE162901016,,Equity
544442,CHEMKART,Chemkart India Limited,Active,M,10.0,INE0VWL01017,,Equity
544443,TRAVELFOOD,TRAVEL FOOD SERVICES LIMITED,Active,B,1.0,INE103V01028,,Equity
544444,GLEN,Glen Industries Limited,Active,MT,10.0,INE0UMC01019,,Equity
544445,APL,ASSTON PHARMACEUTICALS LIMITED,Active,M,10.0,INE0SJX01015,,Equity
544446,ADVENTHTL,Advent Hotels International Li,Active,B,10.0,INE28GN01010,,Equity
544447,SMARTWORKS,SMARTWORKS COWORKING SPACES LI,Active,B,10.0,INE0NAZ01010,,Equity
544448,PASHUPATI,Pashupati Cotspin Limited,Active,B,1.0,INE124Y01028,,Equity
544449,ANTHEM,Anthem Biosciences Limited,Active,A,2.0,INE0CZ201020,,Equity
544450,CHEMBONDCH,CHEMBOND CHEMICALS  LIMITED,Active,T,5.0,INE0TGX01019,,Equity
544451,MONIKA,MONIKA ALCOBEV LIMITED,Active,M,10.0,INE0LCG01010,,Equity
544452,SWASTIKAAL,Swastika Castal Limited,Active,MT,10.0,INE0PTF01017,,Equity
544453,MSECL,Monarch Surveyors and Engineer,Active,M,10.0,INE0V0L01028,,Equity
544454,INDIQUBE,INDIQUBE SPACES LIMITED,Active,B,1.0,INE06ST01018,,Equity
544455,EBGNG,GNG Electronics Limited,Active,B,2.0,INE18JU01028,,Equity
544456,RMDRIP,R M DRIP AND SPRINKLERS SYSTEM,Active,T,1.0,INE219Y01026,,Equity
544457,BRIGHOTEL,Brigade Hotel Ventures Limited,Active,B,10.0,INE03NU01014,,Equity
544458,SHREEREF,SHREE REFRIGERATIONS LIMITED,Active,M,2.0,INE0FMZ01045,,Equity
544459,SHANTIGOLD,SHANTI GOLD INTERNATIONAL LIMI,Active,B,10.0,INE06ZD01017,,Equity
544460,PATELCHEM,PATEL CHEM SPECIALITIES LIMITE,Active,MT,10.0,INE161701011,,Equity
544461,EUROBOND,Euro Panel Products Limited,Active,B,10.0,INE505V01016,,Equity
544462,PSTITANIA,PropShare Titania,Active,IF,0.0,INE19RO25021,,Equity
544463,REPONO,REPONO LIMITED,Active,MT,10.0,INE15WN01014,,Equity
544464,UML,Umiya Mobile Limited,Active,M,10.0,INE1P1A01018,,Equity
544465,LAXMIINDIA,LAXMI INDIA FINANCE LIMITED,Active,B,5.0,INE06WU01026,,Equity
544466,CPPLUS,Aditya Infotech Limited,Active,A,1.0,INE819V01029,,Equity
544467,NSDL,National Securities Depository,Active,A,2.0,INE301O01023,,Equity
544468,BDI,B. D. Industries (Pune) Limite,Active,M,10.0,INE1LJ801017,,Equity
544469,LOTUSDEV,Sri Lotus Developers and Realt,Active,T,1.0,INE0V9Q01010,,Equity
544470,MBEL,M & B ENGINEERING LIMITED,Active,B,10.0,INE08N601015,,Equity
544471,TAKYON,TAKYON NETWORKS LIMITED,Active,M,10.0,INE14OX01013,,Equity
544472,MEHUL,MEHUL COLOURS LIMITED,Active,M,10.0,INE1KH601014,,Equity
544474,BLT,BLT Logistics Limited,Active,MT,10.0,INE0W4K01013,,Equity
544475,ESSEX,ESSEX MARINE LIMITED,Active,M,10.0,INE1IBY01019,,Equity
544476,JSLL,Jeena Sikho Lifecare Limited,Active,A,2.0,INE0J5801029,,Equity
544477,HILINFRA,Highway Infrastructure Limited,Active,B,5.0,INE00RL01028,,Equity
544479,ALLTIME,ALL TIME PLASTICS LIMITED,Active,B,2.0,INE0GV601021,,Equity
544480,JSWCEMENT,JSW CEMENT LIMITED,Active,A,10.0,INE718I01012,,Equity
544481,KRT,KNOWLEDGE REALTY TRUST,Active,IF,0.0,INE1JAR25012,,Equity
544482,STARIMAGIN,STAR IMAGING AND PATH LAB LIMI,Active,M,10.0,INE0YG001013,,Equity
544483,ICODEX,ICODEX PUBLISHING SOLUTIONS LI,Active,M,10.0,INE111601014,,Equity
544484,BLUESTONE,BlueStone Jewellery and Lifest,Active,A,1.0,INE304W01038,,Equity
544485,REGAAL,REGAAL RESOURCES LIMITED,Active,B,5.0,INE0MHO01029,,Equity
544487,PATELRMART,PATEL RETAIL LIMITED,Active,B,10.0,INE0R8B01010,,Equity
544488,VIKRAMSOLR,Vikram Solar Limited,Active,A,10.0,INE078V01014,,Equity
544489,LGT,LGT GLOBAL HOSPITALITY LIMITED,Active,M,10.0,INE191201016,,Equity
544490,SHREEJISPG,Shreeji Shipping Global Limite,Active,B,10.0,INE1B6101010,,Equity
544491,GEMAROMA,Gem Aromatics Limited,Active,B,2.0,INE06XZ01023,,Equity
544492,MEIL,MANGAL ELECTRICAL INDUSTRIES L,Active,B,10.0,INE0PKD01011,,Equity
544494,GLOBTIER,Globtier Infotech limited,Active,MT,10.0,INE12P601017,,Equity
544495,NISMGMT,NIS MANAGEMENT LIMITED,Active,M,10.0,INE0M3X01010,,Equity
544496,VIKRAN,Vikran Engineering Limited,Active,B,1.0,INE01R501028,,Equity
544497,AHCL,ANLON HEALTHCARE LIMITED,Active,B,2.0,INE0Y8W01025,,Equity
544498,OVAL,OVAL PROJECTS ENGINEERING LIMI,Active,M,10.0,INE0RTI01017,,Equity
544499,CPEDU,Career Point Edutech Limited,Active,B,10.0,INE0P6P01016,,Equity
544500,ABRIL,ABRIL PAPER TECH LIMITED,Active,M,10.0,INE15MX01014,,Equity
544501,SUGSLLOYD,SUGS LLOYD LIMITED,Active,M,10.0,INE0XX801016,,Equity
544502,AMANTA,Amanta Healthcare Limited,Active,T,10.0,INE084K01015,,Equity
544503,RACHIT,Rachit Prints Limited,Active,M,10.0,INE0ZN101029,,Equity
544504,GOELCONS,GOEL CONSTRUCTION COMPANY LIMI,Active,MT,10.0,INE0ZOM01013,,Equity
544505,AUSTERE,AUSTERE SYSTEMS LIMITED,Active,M,10.0,INE104201012,,Equity
544506,SHARVAYA,SHARVAYA METALS LIMITED,Active,MT,10.0,INE0UJF01018,,Equity
544508,VASHISHTHA,VASHISHTHA LUXURY FASHION LIMI,Active,M,10.0,INE0WRP01016,,Equity
544509,KRUPALU,Krupalu Metals Limited,Active,M,10.0,INE0XZB01017,,Equity
544510,NCML,NILACHAL CARBO METALICKS LIMIT,Active,M,10.0,INE346R01013,,Equity
544511,KARBON,Karbonsteel Engineering Limite,Active,M,10.0,INE0V8A01016,,Equity
544512,SHRINGARMS,SHRINGAR HOUSE OF MANGALSUTRA,Active,B,10.0,INE1B3L01017,,Equity
544513,DEVX,Dev Accelerator Limited,Active,B,2.0,INE0VOV01021,,Equity
544514,CITYSQUARE,JAY AMBE SUPERMARKETS LIMITED,Active,MT,10.0,INE1DRH01011,,Equity
544515,URBANCO,Urban Company Limited,Active,A,1.0,INE0CAZ01013,,Equity
544516,AIRFLOA,AIRFLOA RAIL TECHNOLOGY LIMITE,Active,M,10.0,INE0XBS01012,,Equity
544517,BUILDPRO,Shankara Buildpro Limited,Active,B,10.0,INE24OJ01011,,Equity
544518,LTELEVATOR,L. T. ELEVATOR LIMITED,Active,MT,10.0,INE0TJ801010,,Equity
544519,EUROPRATIK,EURO PRATIK SALES LIMITED,Active,B,1.0,INE198501012,,Equity
544520,SAMPAT,SAMPAT ALUMINIUM LIMITED,Active,MT,10.0,INE10XS01012,,Equity
544521,VMSTMT,VMS TMT LIMITED,Active,B,10.0,INE0SJA01013,,Equity
544522,ABCOTS,A B Cotspin India Limited,Active,B,10.0,INE08PH01015,,Equity
544523,IVALUE,IVALUE INFOSOLUTIONS LIMITED,Active,B,2.0,INE056801025,,Equity
544524,JDCABLES,JD CABLES LIMITED,Active,M,10.0,INE14VP01014,,Equity
544525,GKENERGY,GK ENERGY LIMITED,Active,B,2.0,INE1AG301022,,Equity
544526,SAATVIKGL,Saatvik Green Energy Limited,Active,B,2.0,INE13B501022,,Equity
544527,ATLANTAELE,Atlanta Electricals Limited,Active,B,2.0,INE0Z4F01028,,Equity
544528,GANESHCP,Ganesh Consumer Products Limit,Active,B,10.0,INE652V01016,,Equity
544529,APPL,Aptus Pharma Limited,Active,MT,10.0,INE15XJ01010,,Equity
544530,ARSSBL,ANAND RATHI SHARE AND STOCK BR,Active,B,5.0,INE549H01021,,Equity
544531,TRUECOLORS,TRUE COLORS LIMITED,Active,M,10.0,INE1LDV01015,,Equity
544532,SOLARWORLD,Solarworld Energy Solutions Li,Active,B,5.0,INE0TY101024,,Equity
544533,STYL,Seshaasai Technologies Limited,Active,B,10.0,INE04VU01023,,Equity
544534,JARO,Jaro Institute of Technology M,Active,B,10.0,INE00YJ01010,,Equity
544535,BHARATROHAN,BHARATROHAN AIRBORNE INNOVATIO,Active,M,10.0,INE0QMV01017,,Equity
544536,WEALTH,Wealth First Portfolio Manager,Active,B,10.0,INE658T01017,,Equity
544537,JAINREC,Jain Resource Recycling Limite,Active,B,2.0,INE0YD401026,,Equity
544538,PRARUH,PRARUH TECHNOLOGIES LIMITED,Active,MT,10.0,INE0TI501017,,Equity
544539,SOLVEX,Solvex Edibles Limited,Active,MT,10.0,INE1IIQ01028,,Equity
544540,EPACKPEB,Epack Prefab Technologies Limi,Active,B,2.0,INE0MLS01022,,Equity
544541,SYSTEMATIC,SYSTEMATIC INDUSTRIES LIMITED,Active,M,10.0,INE1KLZ01011,,Equity
544542,JUSTO,Justo Realfintech Limited,Active,M,10.0,INE0W5Q01017,,Equity
544543,BMWVENTLTD,BMW VENTURES LIMITED,Active,B,10.0,INE965W01036,,Equity
544544,TELGE,TELGE PROJECTS LIMITED,Active,MT,10.0,INE0SRP01014,,Equity
544545,TRUALT,TRUALT BIOENERGY LIMITED,Active,B,10.0,INE0MWH01014,,Equity
544546,CHTR,Chatterbox Technologies Limite,Active,M,10.0,INE1B4801017,,Equity
544547,JKIPL,Jinkushal Industries Limited,Active,B,10.0,INE1FF001016,,Equity
544548,GPAPL,GUJARAT PEANUT AND AGRI PRODUC,Active,M,10.0,INE0SIK01014,,Equity
544549,EARKART,EARKART LIMITED,Active,M,10.0,INE1A8F01035,,Equity
544550,PACEDIGITK,Pace Digitek Limited,Active,B,2.0,INE0S3G01027,,Equity
544551,BHAVIK,BHAVIK ENTERPRISES LIMITED,Active,M,10.0,INE18PB01017,,Equity
544552,RDGAIL,RUKMANI DEVI GARG AGRO IMPEX L,Active,M,10.0,INE0S5T01017,,Equity
544553,MPKSTEELS,M P K STEELS (I) LIMITED,Active,M,10.0,INE1PJP01015,,Equity
544554,KVSCASTING,KVS Castings Limited,Active,M,10.0,INE163701019,,Equity
544555,AMEENJI,AMEENJI RUBBER LIMITED,Active,M,10.0,INE14QA01016,,Equity
544556,DHILLON,Dhillon Freight Carrier Limite,Active,M,10.0,INE0SPJ01011,,Equity
544557,GLOTTIS,Glottis Limited,Active,B,2.0,INE0TQE01026,,Equity
544558,FABTECH,Fabtech Technologies Limited,Active,B,10.0,INE0HF201011,,Equity
544559,OML,OM METALLOGIC LIMITED,Active,MT,10.0,INE0R8Q01018,,Equity
544560,SODHACAP,SODHANI CAPITAL LIMITED,Active,M,10.0,INE0QU501030,,Equity
544561,CHIRAHARIT,Chiraharit Limited,Active,M,1.0,INE12P101018,,Equity
544562,ADVANCE,Advance Agrolife Limited,Active,B,10.0,INE1B0W01010,,Equity
544563,ZELIO,Zelio E Mobility Limited,Active,MT,10.0,INE1B3501014,,Equity
544564,OMFREIGHT,Om Freight Forwarders Limited,Active,T,10.0,INE1BZC01019,,Equity
544565,VALPLAST,Valplast Technologies Limited,Active,M,10.0,INE0QP701017,,Equity
544566,SUNSKY,Sunsky Logistics Limited,Active,M,2.0,INE10CM01027,,Equity
544567,INFINITY,Infinity Infoway Limited,Active,M,10.0,INE16XA01017,,Equity
544568,ZAPPFRESH,DSM Fresh Foods Limited,Active,M,10.0,INE0SUM01015,,Equity
544569,TMCV,Tata Motors Limited,Active,B,2.0,INE1TAE01010,,Equity
544570,WEWORK,WeWork India Management Limite,Active,B,10.0,INE085001019,,Equity
544571,NSBBPO,NSB BPO Solutions Limited,Active,M,10.0,INE0SLP01017,,Equity
544572,SKFINDUS,SKF INDIA (INDUSTRIAL) LIMITED,Active,B,10.0,INE2J8701016,,Equity
544574,TATACAP,Tata Capital Limited,Active,A,10.0,INE976I01016,,Equity
544575,MITTALSTL,Mittal Sections Limited,Active,M,10.0,INE833Q01012,,Equity
544576,LGEINDIA,LG Electronics India Limited,Active,B,10.0,INE324D01010,,Equity
544577,WORTHPERI,Worth Peripherals Limited,Active,B,10.0,INE196Y01018,,Equity
544578,RUBICON,RUBICON RESEARCH LIMITED,Active,B,1.0,INE506V01022,,Equity
544579,ANANTAM,Anantam Highways Trust,Active,IF,0.0,INE1UA823019,,Equity
544580,CRAMC,Canara Robeco Asset Management,Active,B,10.0,INE218I01013,,Equity
544582,SHLOKKA,SHLOKKA DYES LIMITED,Active,M,10.0,INE1EUB01016,,Equity
544583,CANHLIFE,Canara HSBC Life Insurance Com,Active,B,10.0,INE01TY01017,,Equity
544584,SKM,SK Minerals & Additives Limite,Active,MT,10.0,INE13YH01017,,Equity
544585,SIHORA,SIHORA INDUSTRIES LIMITED,Active,M,10.0,INE0SFA01011,,Equity
544587,MIDWESTLTD,Midwest Limited,Active,B,5.0,INE0XAD01024,,Equity
544594,TRADEUNO,GAME CHANGERS TEXFAB LIMITED,Active,M,10.0,INE1GUJ01014,,Equity
544595,ORKLAINDIA,Orkla India Limited,Active,B,1.0,INE16NZ01023,,Equity
544596,SAFECURE,Safecure Services Limited,Active,M,10.0,INE0SVZ01015,,Equity
544597,PIRAMALFIN,Piramal Finance Limited,Active,B,2.0,INE202B01038,,Equity
544598,ACCURACY,Accuracy Shipping Limited,Active,T,1.0,INE648Z01023,,Equity
544599,STUDDS,Studds Accessories Limited,Active,B,5.0,INE00Q601028,,Equity
544600,LENSKART,Lenskart Solutions Limited,Active,B,2.0,INE956O01016,,Equity
544602,AGL,Allcargo Global Limited,Active,B,2.0,INE1YPB01014,,Equity
544603,GROWW,Billionbrains Garage Ventures,Active,B,2.0,INE0HOQ01053,,Equity
544606,PINELABS,Pine Labs Limited,Active,B,1.0,INE15B701018,,Equity
544607,SHTL,SHINING TOOLS LIMITED,Active,M,10.0,INE0D8001018,,Equity
544608,EMMVEE,Emmvee Photovoltaic Power Limi,Active,B,2.0,INE1C6T01020,,Equity
544609,PWL,Physicswallah Limited,Active,B,1.0,INE0LP301011,,Equity
544610,WORKMATES,WORKMATES CORE2CLOUD SOLUTION,Active,M,10.0,INE1I1301016,,Equity
544611,MAHALIFE,MAHAMAYA LIFESCIENCES LIMITED,Active,M,10.0,INE0U9D01019,,Equity
544612,TENNIND,Tenneco Clean Air India Limite,Active,B,10.0,INE19RI01016,,Equity
544613,UTLSOLAR,Fujiyama Power Systems Limited,Active,B,1.0,INE12UR01024,,Equity
544614,CAPILLARY,Capillary Technologies India L,Active,B,2.0,INE0ILV01024,,Equity
544615,KSR,KSR Footwear Limited,Active,B,10.0,INE1SPP01016,,Equity
544616,GALLARD,Gallard Steel Limited,Active,M,10.0,INE0BUQ01012,,Equity
544617,EXCELSOFT,Excelsoft Technologies Limited,Active,B,10.0,INE606N01019,,Equity
544619,SUDEEPPHRM,Sudeep Pharma Limited,Active,B,1.0,INE0QPI01025,,Equity
544621,SSMD,SSMD AGROTECH INDIA LIMITED,Active,M,10.0,INE1U2R01013,,Equity
544622,KWIL,Kwality Walls (India) Limited,Active,B,1.0,INE2KCE01013,,Equity
544623,MNFL,Mother Nutri Foods Limited,Active,M,10.0,INE0UH001016,,Equity
544624,KKSILK,K K SILK MILLS LIMITED,Active,MT,10.0,INE0EOJ01014,,Equity
544625,LOGICIEL,Logiciel Solutions Limited,Active,M,10.0,INE1BA901016,,Equity
544626,EXATO,EXATO TECHNOLOGIES LIMITED,Active,MT,10.0,INE1E4401010,,Equity
544627,PURPLEWAVE,PURPLE WAVE INFOCOM LIMITED,Active,MT,10.0,INE0VDK01019,,Equity
544628,ASTRONMULT,Astron Multigrain Limited,Active,M,10.0,INE0RUY01012,,Equity
544629,RAVEL,Ravelcare Limited,Active,M,10.0,INE0W4D01018,,Equity
544630,HELLOJI,HELLOJI HOLIDAYS LIMITED,Active,M,10.0,INE1FJE01010,,Equity
544631,CNL,CREATIVE NEWTECH LIMITED,Active,B,10.0,INE985W01018,,Equity
544632,MEESHO,Meesho Limited,Active,B,1.0,INE0VDM01015,,Equity
544633,VIDYAWIRES,VIDYA WIRES LIMITED,Active,B,1.0,INE14UN01029,,Equity
544634,AEQUS,Aequs Limited,Active,B,10.0,INE947N01017,,Equity
544635,LUXURY,Luxury Time Limited,Active,M,10.0,INE1CJB01013,,Equity
544636,WOSAL,Western Overseas Study Abroad,Active,M,10.0,INE1MF401019,,Equity
544637,METHODHUB,Methodhub Software Limited,Active,M,10.0,INE0QZR01017,,Equity
544640,RDEL,Riddhi Display Equipments Limi,Active,M,10.0,INE1DKT01011,,Equity
544641,KVTOYS,K. V. TOYS INDIA LIMITED,Active,M,10.0,INE1IE301018,,Equity
544642,WAKEFIT,Wakefit Innovations Limited,Active,B,1.0,INE0E7301029,,Equity
544643,PRODOCS,PRODOCS SOLUTIONS LIMITED,Active,M,10.0,INE10XK01019,,Equity
544644,CORONA,Corona Remedies Limited,Active,B,10.0,INE02ZQ01018,,Equity
544645,PARKHOSPS,PARK MEDI WORLD LIMITED,Active,B,2.0,INE119201023,,Equity
544646,SHIPWAVES,Shipwaves Online Limited,Active,M,1.0,INE0O9L01010,,Equity
544647,NEPHROPLUS,Nephrocare Health Services Lim,Active,B,2.0,INE428V01029,,Equity
544648,UNISEM,UNISEM AGRITECH LIMITED,Active,M,5.0,INE1FHV01026,,Equity
544656,HRS,HRS ALUGLAZE LIMITED,Active,M,10.0,INE1E1V01017,,Equity
544657,PAJSON,Pajson Agro India Limited,Active,M,10.0,INE14LM01012,,Equity
544658,ICICIAMC,ICICI Prudential Asset Managem,Active,A,1.0,INE346A01027,,Equity
544659,STANBIK,STANBIK AGRO LIMITED,Active,M,10.0,INE16QA01011,,Equity
544662,SIMANDHAR,SIMANDHAR IMPEX LIMITED,Active,X,10.0,INE0VI201010,,Equity
544663,NEPLOG,NEPTUNE LOGITEK LIMITED,Active,MT,10.0,INE1NQ501012,,Equity
544664,KSHINTL,KSH INTERNATIONAL LIMITED,Active,B,5.0,INE987S01020,,Equity
544665,GLOBALLOG,Global Ocean Logistics India L,Active,M,10.0,INE1ITY01011,,Equity
544666,GKSL,GUJARAT KIDNEY AND SUPER SPECI,Active,B,2.0,INE0V0W01025,,Equity
544667,DACHEPALLI,Dachepalli Publishers Limited,Active,M,10.0,INE1F9M01018,,Equity
544668,NANTA,NANTA TECH LIMITED,Active,M,10.0,INE0YJA01011,,Equity
544669,ADMACH,ADMACH SYSTEMS LIMITED,Active,MT,10.0,INE0XLO01010,,Equity
544670,BAIKAKAJI,BAI-KAKAJI POLYMERS LIMITED,Active,M,10.0,INE1IJQ01026,,Equity
544671,ATIL,APOLLO TECHNO INDUSTRIES LIMIT,Active,M,10.0,INE0X4A01013,,Equity
544673,MDRC,MODERN DIAGNOSTIC & RESEARCH C,Active,M,10.0,INE1HK501016,,Equity
544675,GTIL,Gabion Technologies India Limi,Active,M,10.0,INE1H1501013,,Equity
544676,YAJUR,YAJUR FIBRES LIMITED,Active,MT,10.0,INE0CNJ01010,,Equity
544677,DEFRAIL,Defrail Technologies Limited,Active,M,10.0,INE0ZE201010,,Equity
544678,BHARATCOAL,BHARAT COKING COAL LIMITED,Active,B,10.0,INE05XR01022,,Equity
544679,AMAGI,Amagi Media Labs Limited,Active,B,5.0,INE121R01077,,Equity
544680,NARMADESH,Narmadesh Brass Industries Lim,Active,M,10.0,INE0S1B01014,,Equity
544681,INDOSMC,INDO SMC Limited,Active,M,10.0,INE0WKY01013,,Equity
544682,GRERENEW,GRE Renew Enertech Limited,Active,MT,10.0,INE0U8P01015,,Equity
544683,ARITAS,Aritas Vinyl Limited,Active,M,10.0,INE1D8001016,,Equity
544684,DIGILOGIC,DIGILOGIC SYSTEMS LIMITED,Active,MT,2.0,INE1OOT01028,,Equity
544685,SHADOWFAX,SHADOWFAX TECHNOLOGIES LIMITED,Active,B,10.0,INE12UN01015,,Equity
544686,SHAYONAENG,SHAYONA ENGINEERING LIMITED,Active,M,10.0,INE0UCL01011,,Equity
544687,HANNAH,Hannah Joseph Hospital Limited,Active,MT,10.0,INE0JVH01012,,Equity
544688,KASTURI,KASTURI METAL COMPOSITE LIMITE,Active,M,10.0,INE0T1301023,,Equity
544693,KANISHK,KANISHK ALUMINIUM INDIA LIMITE,Active,M,10.0,INE163401016,,Equity
544694,ANL,Accretion Nutraveda Limited,Active,M,10.0,INE1KVQ01019,,Equity
544695,MSAFE,Msafe Equipments Limited,Active,MT,10.0,INE2B5L01011,,Equity
544698,PANHR,PAN HR SOLUTION LIMITED,Active,MT,10.0,INE1N9E01015,,Equity
544699,AYE,Aye Finance Limited,Active,B,2.0,INE501X01029,,Equity
544700,FRACTAL,Fractal Analytics Limited,Active,B,1.0,INE212S01015,,Equity
544702,DCMSIL,DCM SHRIRAM INTERNATIONAL LIMI,Active,B,2.0,INE0OU201013,,Equity
544703,DSFCL,DCM SHRIRAM FINE CHEMICALS LIM,Active,T,2.0,INE0OFM01015,,Equity
544707,FIL,Fractal Industries Limited,Active,M,10.0,INE1W3Q01011,,Equity
544708,YASHHTEJ,Yashhtej Industries (India) Li,Active,M,10.0,INE1O6P01016,,Equity
544709,GAUDIUMIVF,Gaudium IVF and Women Health L,Active,T,5.0,INE0P8B01020,,Equity
544710,ACCORDTS,ACCORD TRANSFORMER & SWITCHGEA,Active,M,10.0,INE132201018,,Equity
544711,KIAASA,KIAASA RETAIL LIMITED,Active,M,10.0,INE1C3F01018,,Equity
544716,SRTL,SHREE RAM TWISTEX LIMITED,Active,B,10.0,INE19GK01015,,Equity
544717,CLEANMAX,Clean Max Enviro Energy Soluti,Active,B,1.0,INE647U01026,,Equity
544718,PNGSREVA,PNGS Reva Diamond Jewellery Li,Active,B,10.0,INE1RDG01013,,Equity
544720,OMNI,Omnitech Engineering Limited,Active,B,5.0,INE0UH301010,,Equity
544723,SEDEMAC,SEDEMAC MECHATRONICS LIMITED,Active,B,10.0,INE00XB01019,,Equity
544724,ELFIN,Elfin Agro India Limited,Active,M,5.0,INE1FEW01013,,Equity
544726,KOTYARK,Kotyark Industries Limited,Active,T,10.0,INE0J0B01017,,Equity
544731,RSL,RAJPUTANA STAINLESS LIMITED,Active,B,10.0,INE313L01016,,Equity
544732,INNOVISION,Innovision Limited,Active,B,10.0,INE0ADB01012,,Equity
544733,GSPCROP,GSP CROP SCIENCE LIMITED,Active,B,10.0,INE713R01022,,Equity
544734,RIIT,Raajmarg Infra Investment Trus,Active,IF,0.0,INE2PB023011,,Equity
544735,NOVUS,Novus Loyalty Limited,Active,M,10.0,INE1TFS01019,,Equity
544738,SPML,SPECIALITY MEDICINES LIMITED,Active,M,10.0,INE0R0M01014,,Equity
544739,CMPDI,Central Mine Planning & Design,Active,B,2.0,INE05HV01027,,Equity
544740,TIPCO,Tipco Engineering India Limite,Active,MT,10.0,INE1U6D01014,,Equity
544741,HIGHNESS,Highness Microelectronics Limi,Active,MT,10.0,INE1KI801019,,Equity
544742,SAIPARENT,Sai Parenteral's Limited,Active,B,5.0,INE0H9F01037,,Equity
544743,AEROPLANE,Amir Chand Jagdish Kumar (Expo,Active,B,10.0,INE05TO01019,,Equity
544744,POWERICA,Powerica Ltd.,Active,B,5.0,INE921L01032,,Equity
544746,SCDL,SAFETY CONTROLS & DEVICES LIMI,Active,M,10.0,INE0UMH01018,,Equity
544747,EMIAC,EMIAC TECHNOLOGIES LIMITED,Active,M,10.0,INE1OSW01015,,Equity
544748,ONEPOINT,ONE POINT ONE SOLUTIONS LIMITE,Active,B,2.0,INE840Y01029,,Equity
544750,OMPOWER,OM POWER TRANSMISSION LIMITED,Active,B,10.0,INE25E901019,,Equity
544751,MTL,MEHUL TELECOM LIMITED,Active,M,10.0,INE1K0V01011,,Equity
544752,PSCELESTIA,PropShare Celestia,Active,IF,0.0,INE19RO25039,,Equity
544753,CITIUSINVT,Citius TransNet Investment Tru,Active,IF,0.0,INE2Q7823014,,Equity
544754,KISSHT,OnEMI Technology Solutions Lim,Active,B,1.0,INE12F801023,,Equity
544755,RECODE,RECODE STUDIOS LIMITED,Active,M,10.0,INE2B6701015,,Equity
544756,UNITEDPOLY,United Polyfab Gujarat Limited,Active,B,1.0,INE368U01029,,Equity
544757,BSHSL,BOMBAY SUPER HYBRID SEEDS LIMI,Active,B,1.0,INE032Z01020,,Equity
544758,BAGMANE,Bagmane Prime Office REIT,Active,IF,0.0,INE2OVN25015,,Equity
544759,GLPL,GOLDLINE PHARMACEUTICAL LIMITE,Active,M,10.0,INE1CLW01015,,Equity
544764,MWL,Mangalam Worldwide Limited,Active,B,1.0,INE0JYY01029,,Equity
544765,VPAL,Vegorama Punjabi Angithi Limit,Active,MT,10.0,INE1L3801017,,Equity
544767,AFLTD,Autofurnish Limited,Active,M,10.0,INE18HI01019,,Equity
544768,MANIVENI,M.R.MANIVENI FOODS LIMITED,Active,M,10.0,INE0YD301010,,Equity
544769,HARIKANTA,HARIKANTA OVERSEAS LIMITED,Active,M,10.0,INE1UYW01010,,Equity
544770,YAASHVI,YAASHVI JEWELLERS LIMITED,Active,M,10.0,INE1T6L01010,,Equity
544771,RFIL,Rajnandini Fashion India Limit,Active,M,10.0,INE1GM501015,,Equity
544772,AUREATE,AUREATE TRADDE LIMITED,Active,M,10.0,INE1KVL01010,,Equity
544773,MRTX,Merritronix Limited,Active,M,10.0,INE1RQS01010,,Equity
544774,SMR,SMR Jewels Limited,Active,M,10.0,INE11XK01017,,Equity
544777,CMRGREEN,CMR Green Technologies Limited,Active,B,2.0,INE00WV01027,,Equity
544778,VAHH,Vahh Chemicals Limited,Active,M,10.0,INE0H3U01013,,Equity
544779,UHMVL,UHM Vacation Limited,Active,M,10.0,INE0YZ901011,,Equity
544780,VAML,Vedanta Aluminium Metal Limite,Active,B,1.0,INE1CDF01017,,Equity
544781,VEDPOWER,Vedanta Power Limited,Active,B,10.0,INE694L01019,,Equity
544782,VOGL,Vedanta Oil and Gas Limited,Active,B,1.0,INE704J01044,,Equity
544783,E2E,E2E Networks Limited,Active,T,1.0,INE255Z01027,,Equity
544784,VISL,Vedanta Iron and Steel Limited,Active,B,1.0,INE1CLE01013,,Equity
544785,HEXAGON,Hexagon Nutrition Limited,Active,T,1.0,INE0JUI01012,,Equity
544786,SELECTRIC,Schneider Electric President S,Active,B,10.0,INE155D01018,,Equity
544793,SUSAN,Susan Electricals India Limite,Active,M,10.0,INE2L0V01019,,Equity
544794,HORIZON,HORIZON RECLAIM (INDIA) LIMITE,Active,M,10.0,INE1SEO01013,,Equity
544796,LIOTECH,LIOTECH INDUSTRIES LIMITED,Active,M,10.0,INE0TKX01011,,Equity
544797,LESL,LEAPFROG ENGINEERING SERVICES,Active,M,1.0,INE0X6O01027,,Equity
544798,DIKSHA,DIKSHA POLYMERS LIMITED,Active,M,10.0,INE1OSI01014,,Equity
544799,TURTLEMINT,Turtlemint Fintech Solutions L,Active,B,1.0,INE0OC301013,,Equity
544800,ANUBHAV,ANUBHAV PLAST LIMITED,Active,M,10.0,INE1O7201010,,Equity
544802,CORDELIA,Waterways Leisure Tourism Limi,Active,B,10.0,INE0LZF01013,,Equity
544803,RAMBHAJO,Advit Jewels Limited,Active,B,10.0,INE1SJO01012,,Equity
544804,RIYAASAT,Riyaasat Lifestyle Limited,Active,M,10.0,INE0KYI01012,,Equity
544805,JIVIAL,Jivial Industries Limited,Active,M,10.0,INE0V3T01017,,Equity
544806,CSM,CSM TECHNOLOGIES LIMITED,Active,B,10.0,INE0ZK601013,,Equity
544807,CRAZY,CRAZY SNACKS LIMITED,Active,M,10.0,INE0RBX01014,,Equity
544808,AASTHA,AASTHA SPINTEX LIMITED,Active,B,10.0,INE2FMX01012,,Equity
544809,ADON,ADON AGRO COMMODITIES LIMITED,Active,M,10.0,INE1SME01017,,Equity
544810,SILL,Sampark India Logistics Limite,Active,M,10.0,INE147701010,,Equity
544811,KRATIKAL,KRATIKAL TECH LIMITED,Active,M,10.0,INE1L0M01019,,Equity
544812,ATHARVA,Atharva Poly-Plast Limited,Active,M,10.0,INE226801012,,Equity
544813,SEEMAX,Seemax Resources Limited,Active,M,10.0,INE1EVO01017,,Equity
544814,KNACK,KNACK PACKAGING LIMITED,Active,B,10.0,INE17QZ01016,,Equity
544821,KUSUMGAR,Kusumgar Limited,Active,B,1.0,INE0ISX01025,,Equity
544822,LASERPOWER,Laser Power & Infra Limited,Active,B,5.0,INE17IR01028,,Equity
544823,DEVSON,DEVSON CATALYST LIMITED,Active,M,10.0,INE2KRP01017,,Equity
544825,ALPINETEX,ALPINE TEXWORLD LIMITED,Active,B,10.0,INE1JCQ01037,,Equity
544826,MILLWORKS,MILLWORKS TECHNOLOGIES LIMITED,Active,M,10.0,INE1SRC01010,,Equity
544829,SBIFUNDS,SBI Funds Management Limited,Active,A,1.0,INE640G01020,,Equity
544831,MEEIND,MEENAKSHI INDIA LIMITED,Active,B,10.0,INE208H01016,,Equity
544832,SOTEFIN,Sotefin Bharat Limited,Active,M,10.0,INE12Z301012,,Equity
544833,CMLL,CALIBER MINING AND LOGISTICS L,Active,B,10.0,INE11XY01018,,Equity
544834,GULFLLOYDS,GULF LLOYDS (INDIA) LIMITED,Active,M,10.0,INE1WDC01012,,Equity
544835,MALA,Shree Balaji (Mala) Textiles L,Active,M,10.0,INE1N3Y01016,,Equity
544837,INDOMIM,INDO-MIM Limited,Active,B,1.0,INE084101034,,Equity
544838,XTRANET,XTRANET TECHNOLOGIES LIMITED,Active,B,10.0,INE0NG701011,,Equity
544839,LCL,Lohia Corp Limited,Active,B,1.0,INE0QJW01029,,Equity
544840,SSPRL,SILVERSTORM PARKS AND RESORTS,Active,M,10.0,INE1EJ401023,,Equity
544843,ADVANCETL,ADVANCE TECHNOFORGE LIMITED,Active,M,10.0,INE13ZJ01010,,Equity
544844,PPEL,POOJAA PRECISION ENGG. LIMITED,Active,M,10.0,INE288301026,,Equity
544847,MANIPALHOS,Manipal Health Enterprises Lim,Active,B,2.0,INE459N01021,,Equity
544848,HRHYGIENE,H. R. HYGIENE PRODUCTS LIMITED,Active,M,10.0,INE17DP01015,,Equity
544850,AARVI,Aarvi Encon Limited,Active,B,10.0,INE754X01016,,Equity
544851,MVELECTRO,MV ELECTROSYSTEMS LIMITED,Active,B,5.0,INE0OWZ01020,,Equity
544852,ONEINDIG,Oneindig Technologies Limited,Active,M,10.0,INE0UR501013,,Equity
544853,JNPR,Juniper Green Energy Limited,Active,B,10.0,INE05C901015,,Equity
544854,DHAVAL,Dhaval Packaging Limited,Active,M,10.0,INE1HX301016,,Equity
544855,PRIMAINNO,Prima Innovation Limited,Active,X,5.0,INE13LA01027,,Equity
544856,KLASSROOM,FUSION KLASSROOM EDUTECH LIMIT,Active,M,10.0,INE1LMA01010,,Equity
544858,AEGEUS,AEGEUS TECHNOLOGIES LIMITED,Active,MT,10.0,INE0WR901013,,Equity
544859,GVELECTRIC,G V ELECTRICALS LTD,Active,MT,10.0,INE1ZGR01024,,Equity
544860,ARDEE,Ardee Industries Limited,Active,B,2.0,INE0XNF01022,,Equity
544861,SWARAJ,Swaraj Suiting Limited,Active,B,10.0,INE0GMR01016,,Equity
544862,SOLEX,Solex Energy Limited,Active,B,10.0,INE880Y01017,,Equity
544863,LAPL,LAPL AUTOMOTIVE LIMITED,Active,MT,10.0,INE0X9I01023,,Equity
544864,TECHNOCRAF,Technocraft Ventures Limited,Active,B,10.0,INE1D0W01018,,Equity
544865,LEAPIND,LEAP India Limited,Active,B,1.0,INE00GO01025,,Equity
544866,MOLBIO,MOLBIO DIAGNOSTICS LIMITED,Active,B,1.0,INE869T01028,,Equity
544867,DHOOTTRANS,Dhoot Transmission Limited,Active,B,2.0,INE01NH01023,,Equity
544868,MILKYMIST,Milky Mist Dairy Food Limited,Active,B,2.0,INE00IT01020,,Equity
544869,SHAMFOAM,Sham Foam Limited,Active,MT,10.0,INE0Z9N01013,,Equity
544870,BLEL,BEHARI LAL ENGINEERING LIMITED,Active,B,10.0,INE1EEM01017,,Equity
544871,SHIPROCKET,Shiprocket Limited,Active,B,10.0,INE0FOO01011,,Equity
544872,QTFOODS,Q&T FOODS LIMITED,Active,MT,10.0,INE13G401012,,Equity
544876,ENS,ENS Enterprises Limited,Active,MT,10.0,INE23ER01017,,Equity
544877,TECHNOCRAT,Technocrats Plasma Systems Lim,Active,MT,10.0,INE19QK01022,,Equity
544879,LALITHAA,Lalithaa Jewellery Mart Limite,Active,B,5.0,INE0K9O01026,,Equity
544880,HORIZONIND,Horizon Industrial Parks Limit,Active,B,10.0,INE685T01010,,Equity
570002,FELDVR,Future Enterprises Limited,Active,Z,2.0,IN9623B01058,Department Stores,Equity
570004,JISLDVREQS,JAIN IRRIGATION SYSTEMS LTD.,Active,B,2.0,IN9175A01010,Plastic Products,Equity
570005,GATECHDVR,GACM Technologies Limited - DV,Active,T,1.0,INE224E01036,,Equity
590003,KARURVYSYA,KARUR VYSYA BANK LTD.,Active,B,2.0,INE036D01028,,Equity
590005,VEEDOL,VEEDOL CORPORATION LIMITED,Active,B,2.0,INE484C01030,,Equity
590006,AMRUTANJAN,AMRUTANJAN HEALTH CARE LTD.,Active,B,1.0,INE098F01031,,Equity
590013,XPROINDIA,XPRO INDIA LTD.,Active,B,10.0,INE445C01015,Commodity Chemicals,Equity
590018,HISARMETAL,HISAR METAL INDUSTRIES LTD.,Active,B,10.0,INE598C01011,Iron & Steel/Interm.Products,Equity
590021,BHARATRAS,BHARAT RASAYAN LTD.,Active,B,5.0,INE838B01021,,Equity
590022,EASTSILK,EASTERN SILK INDUSTRIES LTD.,Active,T,2.0,INE962C01035,,Equity
590024,FACT,FERTILIZERS & CHEMICALS TRAVAN,Active,B,10.0,INE188A01015,Fertilizers,Equity
590025,GINNIFILA,GINNI FILAMENTS LTD.,Active,T,10.0,INE424C01010,Textiles,Equity
590030,SPIC,SOUTHERN PETROCHEMICALS LTD.,Active,B,10.0,INE147A01011,Fertilizers,Equity
590031,DENORA,DE NORA INDIA LTD.,Active,B,10.0,INE244A01016,Other Industrial Goods,Equity
590041,KAVDEFENCE,Kavveri Defence &amp; Wireless,Active,B,10.0,INE641C01019,Telecom Equipment,Equity
590051,SAKSOFT,SAKSOFT LTD.,Active,B,1.0,INE667G01023,,Equity
590056,SALONA,SALONA COTSPIN LTD.,Active,B,10.0,INE498E01010,Textiles,Equity
590057,EQUIPPP,EQUIPPP SOCIAL IMPACT TECHNOLO,Active,T,1.0,INE217G01035,,Equity
590062,ANDHRSUGAR,ANDHRA SUGARS LTD.,Active,B,2.0,INE715B01021,,Equity
590065,IMPAL,INDIA MOTOR PARTS & ACCESSORIE,Active,B,10.0,INE547E01014,Comm.Trading  & Distribution,Equity
590066,KCP,K.C.P.LTD.,Active,B,1.0,INE805C01028,Cement & Cement Products,Equity
590068,KHAITANLTD,KHAITAN (INDIA) LTD.,Active,B,10.0,INE731C01018,Comm.Trading  & Distribution,Equity
590070,RADAAN,RADAAN MEDIAWORKS (I) LTD.,Active,B,2.0,INE874F01027,Movies & Entertainment,Equity
590071,SUNDARMFIN,SUNDARAM FINANCE LTD.,Active,B,10.0,INE660A01013,Finance (including NBFCs),Equity
590072,SUNDRMBRAK,SUNDARAM BRAKE LININGS LTD.,Active,T,10.0,INE073D01013,Auto Parts & Equipment,Equity
590073,WHEELS,WHEELS INDIA LTD.,Active,B,10.0,INE715A01015,Auto Parts & Equipment,Equity
590075,LAMBODHARA,LAMBODHARA TEXTILES LTD.,Active,B,5.0,INE112F01022,Textiles,Equity
590078,MAITHANALL,MAITHAN ALLOYS LTD.,Active,B,10.0,INE683C01011,Iron & Steel/Interm.Products,Equity
590086,ORISSAMINE,ORISSA MINERALS DEVELOPMENT CO,Active,B,1.0,INE725E01024,Mining,Equity
590134,MADRASFERT,Madras Fertilizer Limited,Active,B,10.0,INE414A01015,,Equity
710057,VALIANTOCPS,Valiant Organics Limited,Active,F,10.0,INE565V03016,,Equity
715024,1PSL35,PSL-0.01%-12-10-35-PVTNCRPS,Active,F,100.0,INE940N04016,,Equity
751128,SICAPI-RE,S.I.Capital And Financial Serv,Active,R,0.05,INE417F20017,,Equity
890217,APLABPP,Aplab Ltd.,Active,X,10.0,IN9273A01047,,Equity
890226,SURAJINDPP,Suraj Industries Limited.,Active,X,10.0,IN9170U01035,,Equity
890228,ATLPP,Allcargo Terminals Limited,Active,B,2.0,IN90NN701011,,Equity
890230,ACESEPP,Ace Software Exports ltd.,Active,XT,10.0,IN9849B01026,,Equity
890231,ANIRITPP,ANIRIT VENTURES LIMITED,Active,XT,10.0,IN9161F01019,,Equity
890234,VERTEXPP,Vertex Securities Ltd.,Active,XT,2.0,IN9316D01014,,Equity
890238,GSAILPP,G.S. Auto International Ltd.,Active,X,5.0,IN9736H01014,,Equity
